#
# File Name
#
System.CurrentDirectory ./
System.Name soc
level.of.stdout                   1    # default=1 (1-3)
level.of.fileout                  0    # default=1 (0-2)
DATA.PATH ./DFT_DATA19
#
#
# Definition of Atomic Species
#

Species.Number       2
<Definition.of.Atomic.Species
Mo      Mo7.0-s3p2d2   Mo_PBE19
Te      Te7.0-s3p2d2f1   Te_PBE19
Definition.of.Atomic.Species>

#
# Atoms
#

Atoms.Number      1302
Atoms.SpeciesAndCoordinates.Unit   Ang # Ang|AU
<Atoms.SpeciesAndCoordinates
   1   Te  -20.962654762719229   42.904487673841082    4.770122106562742  8.0 8.0 0.0 0.0 0.0 0.0 0 off
   2   Te  -17.803142989700117   44.505977766765994    4.808409795891714  8.0 8.0 0.0 0.0 0.0 0.0 0 off
   3   Te  -18.002520115368327   40.977304446735729    4.826359370980292  8.0 8.0 0.0 0.0 0.0 0.0 0 off
   4   Te  -14.852704048847336   42.604850980406894    4.870330420317281  8.0 8.0 0.0 0.0 0.0 0.0 0 off
   5   Te  -11.715158719703483   44.269028144362515    4.909489075647326  8.0 8.0 0.0 0.0 0.0 0.0 0 off
   6   Te  -18.185529714352825   37.466168762076002    4.860890086880506  8.0 8.0 0.0 0.0 0.0 0.0 0 off
   7   Te  -15.033443061016060   39.087370323452994    4.894428495564670  8.0 8.0 0.0 0.0 0.0 0.0 0 off
   8   Te  -11.894474705736890   40.741561590416296    4.926731358156315  8.0 8.0 0.0 0.0 0.0 0.0 0 off
   9   Te   -8.761330952064796   42.430568674225434    4.947297008902019  8.0 8.0 0.0 0.0 0.0 0.0 0 off
  10   Te   -5.630462239063719   44.145375847361834    4.955904981985828  8.0 8.0 0.0 0.0 0.0 0.0 0 off
  11   Te  -15.189408085893982   35.592204740610853    4.923131590829227  8.0 8.0 0.0 0.0 0.0 0.0 0 off
  12   Te  -12.049753409696164   37.235590690067013    4.950761385340551  8.0 8.0 0.0 0.0 0.0 0.0 0 off
  13   Te   -8.921055076667992   38.910810296207885    4.968265586855996  8.0 8.0 0.0 0.0 0.0 0.0 0 off
  14   Te   -5.795218814729467   40.615956446255261    4.973834376558860  8.0 8.0 0.0 0.0 0.0 0.0 0 off
  15   Te   -2.666533703130832   42.341849684085389    4.969243502961067  8.0 8.0 0.0 0.0 0.0 0.0 0 off
  16   Te    0.463391285837019   44.080296012691129    4.963000054741265  8.0 8.0 0.0 0.0 0.0 0.0 0 off
  17   Te  -15.317008356445807   32.114620407920704    4.942360152149648  8.0 8.0 0.0 0.0 0.0 0.0 0 off
  18   Te  -12.176561867791145   33.748346570487648    4.966282268263532  8.0 8.0 0.0 0.0 0.0 0.0 0 off
  19   Te   -9.050604429771990   35.410505039649102    4.987212424387534  8.0 8.0 0.0 0.0 0.0 0.0 0 off
  20   Te   -5.932485905886339   37.101878339793501    4.994914680329870  8.0 8.0 0.0 0.0 0.0 0.0 0 off
  21   Te   -2.815489622721190   38.816526528167095    4.991559416600914  8.0 8.0 0.0 0.0 0.0 0.0 0 off
  22   Te    0.304426729070256   40.546317267935478    4.980900455076574  8.0 8.0 0.0 0.0 0.0 0.0 0 off
  23   Te    3.427418299341559   42.280333536795631    4.966837713011226  8.0 8.0 0.0 0.0 0.0 0.0 0 off
  24   Te    6.553515878328320   44.007227338542577    4.951882965476138  8.0 8.0 0.0 0.0 0.0 0.0 0 off
  25   Te  -12.277497500914047   30.272771419691050    4.970479423193307  8.0 8.0 0.0 0.0 0.0 0.0 0 off
  26   Te   -9.150376872092860   31.921812085978139    4.992711842281730  8.0 8.0 0.0 0.0 0.0 0.0 0 off
  27   Te   -6.038277675995822   33.599623563618017    5.007037093618625  8.0 8.0 0.0 0.0 0.0 0.0 0 off
  28   Te   -2.932870708282987   35.302597370456446    5.009620512080136  8.0 8.0 0.0 0.0 0.0 0.0 0 off
  29   Te    0.171417464280987   37.022400403281353    5.003440912936889  8.0 8.0 0.0 0.0 0.0 0.0 0 off
  30   Te    3.278563201973578   38.748752675564837    4.989042965451933  8.0 8.0 0.0 0.0 0.0 0.0 0 off
  31   Te    6.389059188836349   40.471716163970747    4.970488319569275  8.0 8.0 0.0 0.0 0.0 0.0 0 off
  32   Te    9.503886786817640   42.183056630556351    4.942326972583084  8.0 8.0 0.0 0.0 0.0 0.0 0 off
  33   Te   12.628014242901491   43.872649305378587    4.898765428104679  8.0 8.0 0.0 0.0 0.0 0.0 0 off
  34   Te  -12.362957253984037   26.803595967559847    4.966808591283591  8.0 8.0 0.0 0.0 0.0 0.0 0 off
  35   Te   -9.230132361560518   28.440483457375603    4.989020578807001  8.0 8.0 0.0 0.0 0.0 0.0 0 off
  36   Te   -6.117626904610702   30.103209461839970    5.008191835750134  8.0 8.0 0.0 0.0 0.0 0.0 0 off
  37   Te   -3.018847803681421   31.793572301161923    5.017506486252835  8.0 8.0 0.0 0.0 0.0 0.0 0 off
  38   Te    0.072666531885636   33.503136474047963    5.016314254249602  8.0 8.0 0.0 0.0 0.0 0.0 0 off
  39   Te    3.162280779935216   35.221882250215081    5.008189396363823  8.0 8.0 0.0 0.0 0.0 0.0 0 off
  40   Te    6.253610525813890   36.939023799577200    4.992694636510308  8.0 8.0 0.0 0.0 0.0 0.0 0 off
  41   Te    9.348516139867666   38.646487488456458    4.966253832918804  8.0 8.0 0.0 0.0 0.0 0.0 0 off
  42   Te   12.451713351158576   40.333796379625738    4.923103986993280  8.0 8.0 0.0 0.0 0.0 0.0 0 off
  43   Te   15.571995708244248   41.991606235776821    4.860320727237812  8.0 8.0 0.0 0.0 0.0 0.0 0 off
  44   Te   18.713524799308157   43.618594939346266    4.791788497415032  8.0 8.0 0.0 0.0 0.0 0.0 0 off
  45   Te   -9.299799486835557   24.966020584762983    4.980837167902369  8.0 8.0 0.0 0.0 0.0 0.0 0 off
  46   Te   -6.181477227367295   26.612770829136085    5.003384382553529  8.0 8.0 0.0 0.0 0.0 0.0 0 off
  47   Te   -3.084348678923404   28.286913141944371    5.016301898210521  8.0 8.0 0.0 0.0 0.0 0.0 0 off
  48   Te   -0.000038934553115   29.983686310735312    5.020433402189927  8.0 8.0 0.0 0.0 0.0 0.0 0 off
  49   Te    3.076791099135902   31.693057720669156    5.017496507624285  8.0 8.0 0.0 0.0 0.0 0.0 0 off
  50   Te    6.150588479061184   33.404957867873009    5.006986526353663  8.0 8.0 0.0 0.0 0.0 0.0 0 off
  51   Te    9.225025488148209   35.108278419197717    4.987151579411460  8.0 8.0 0.0 0.0 0.0 0.0 0 off
  52   Te   12.305176627894626   36.793036485453982    4.950709428245235  8.0 8.0 0.0 0.0 0.0 0.0 0 off
  53   Te   15.400325653326490   38.451048723259333    4.894320817171846  8.0 8.0 0.0 0.0 0.0 0.0 0 off
  54   Te   18.520132216884207   40.077242130629806    4.824482141694816  8.0 8.0 0.0 0.0 0.0 0.0 0 off
  55   Te   21.666640824486095   41.678289978163413    4.757206561846431  8.0 8.0 0.0 0.0 0.0 0.0 0 off
  56   Te   24.836786529244087   43.265820928571344    4.715678277610801  8.0 8.0 0.0 0.0 0.0 0.0 0 off
  57   Te   -9.369302368902966   21.495316238164463    4.969119246545981  8.0 8.0 0.0 0.0 0.0 0.0 0 off
  58   Te   -6.241802529170019   23.128997794080185    4.991464430971028  8.0 8.0 0.0 0.0 0.0 0.0 0 off
  59   Te   -3.139946715519730   24.784310114920846    5.009557979289606  8.0 8.0 0.0 0.0 0.0 0.0 0 off
  60   Te   -0.058078315624287   26.464354603269033    5.017492748256168  8.0 8.0 0.0 0.0 0.0 0.0 0 off
  61   Te    3.011523440701386   28.160958752287037    5.016283867651796  8.0 8.0 0.0 0.0 0.0 0.0 0 off
  62   Te    6.072707315947691   29.864094034031385    5.009548373131496  8.0 8.0 0.0 0.0 0.0 0.0 0 off
  63   Te    9.130741613985570   31.562195820544147    4.994832027867929  8.0 8.0 0.0 0.0 0.0 0.0 0 off
  64   Te   12.191602874367236   33.245932395799876    4.968174316433735  8.0 8.0 0.0 0.0 0.0 0.0 0 off
  65   Te   15.263747836058938   34.905618450272001    4.926703113594662  8.0 8.0 0.0 0.0 0.0 0.0 0 off
  66   Te   18.356303647594910   36.535546929091545    4.869725767770082  8.0 8.0 0.0 0.0 0.0 0.0 0 off
  67   Te   21.478120012762258   38.139639940480343    4.806737166324401  8.0 8.0 0.0 0.0 0.0 0.0 0 off
  68   Te   24.630165805127174   39.727286026440609    4.755930063164784  8.0 8.0 0.0 0.0 0.0 0.0 0 off
  69   Te   27.801455543175177   41.311318540842386    4.737815706383676  8.0 8.0 0.0 0.0 0.0 0.0 0 off
  70   Te   -6.310274067377333   19.648764556393918    4.973703197260659  8.0 8.0 0.0 0.0 0.0 0.0 0 off
  71   Te   -3.198361391090828   21.286910058177501    4.994803846495982  8.0 8.0 0.0 0.0 0.0 0.0 0 off
  72   Te   -0.112461760029071   22.946431181873283    5.006942400142380  8.0 8.0 0.0 0.0 0.0 0.0 0 off
  73   Te    2.955227326441519   24.625922037721345    5.008140367946966  8.0 8.0 0.0 0.0 0.0 0.0 0 off
  74   Te    6.009958564608502   26.315814888366212    5.003344538584528  8.0 8.0 0.0 0.0 0.0 0.0 0 off
  75   Te    9.057160901913960   28.005487044937748    4.991439673769348  8.0 8.0 0.0 0.0 0.0 0.0 0 off
  76   Te   12.105385561260873   29.686313145526881    4.973702212806193  8.0 8.0 0.0 0.0 0.0 0.0 0 off
  77   Te   15.159956255661738   31.347722697396815    4.947144905633647  8.0 8.0 0.0 0.0 0.0 0.0 0 off
  78   Te   18.229003971445437   32.986550322669899    4.909411712560890  8.0 8.0 0.0 0.0 0.0 0.0 0 off
  79   Te   21.322904190332352   34.601348170096507    4.863828987664220  8.0 8.0 0.0 0.0 0.0 0.0 0 off
  80   Te   24.448052003641806   36.196810795537104    4.817776735116337  8.0 8.0 0.0 0.0 0.0 0.0 0 off
  81   Te   27.601458309283370   37.783604170421540    4.790334636304650  8.0 8.0 0.0 0.0 0.0 0.0 0 off
  82   Te  -21.165426806668982   39.374052842597791    4.793435577787135  8.0 8.0 0.0 0.0 0.0 0.0 0 off
  83   Te   -6.398731669158233   16.172690953931692    4.947122431721922  8.0 8.0 0.0 0.0 0.0 0.0 0 off
  84   Te   -3.270688826259912   17.794254297807868    4.968132707739539  8.0 8.0 0.0 0.0 0.0 0.0 0 off
  85   Te   -0.174538010897658   19.432212596967211    4.987095565224291  8.0 8.0 0.0 0.0 0.0 0.0 0 off
  86   Te    2.896649906777179   21.090137120914246    4.992606976930233  8.0 8.0 0.0 0.0 0.0 0.0 0 off
  87   Te    5.951405083967176   22.761751983406786    4.988927832552421  8.0 8.0 0.0 0.0 0.0 0.0 0 off
  88   Te    8.995230751437500   24.438664424709785    4.980754788414218  8.0 8.0 0.0 0.0 0.0 0.0 0 off
  89   Te   12.035699242069764   26.113833183628298    4.969062575545607  8.0 8.0 0.0 0.0 0.0 0.0 0 off
  90   Te   15.079565196446756   27.778898956415247    4.955719449239569  8.0 8.0 0.0 0.0 0.0 0.0 0 off
  91   Te   18.132213132682903   29.428712847888555    4.937569840007371  8.0 8.0 0.0 0.0 0.0 0.0 0 off
  92   Te   21.204670732565599   31.059656928538089    4.912634488721648  8.0 8.0 0.0 0.0 0.0 0.0 0 off
  93   Te   24.302504108907957   32.672212298701680    4.882053290659995  8.0 8.0 0.0 0.0 0.0 0.0 0 off
  94   Te   27.432010586997794   34.270398966427223    4.853387381663975  8.0 8.0 0.0 0.0 0.0 0.0 0 off
  95   Te   30.586636335111972   35.863841792637899    4.843818233019654  8.0 8.0 0.0 0.0 0.0 0.0 0 off
  96   Te   -3.369396830685501   14.303859533530360    4.926650865519238  8.0 8.0 0.0 0.0 0.0 0.0 0 off
  97   Te   -0.255550731580127   15.922334687669920    4.950646526191362  8.0 8.0 0.0 0.0 0.0 0.0 0 off
  98   Te    2.827895232430376   17.556133476422200    4.966140237643875  8.0 8.0 0.0 0.0 0.0 0.0 0 off
  99   Te    5.888306122463875   19.206533233798687    4.970346499648494  8.0 8.0 0.0 0.0 0.0 0.0 0 off
 100   Te    8.935462569397806   20.867074911616534    4.966679438167752  8.0 8.0 0.0 0.0 0.0 0.0 0 off
 101   Te   11.976272142754741   22.533988037536066    4.962818900481731  8.0 8.0 0.0 0.0 0.0 0.0 0 off
 102   Te   15.014914047648420   24.201125599007156    4.959218220491358  8.0 8.0 0.0 0.0 0.0 0.0 0 off
 103   Te   18.058874981737798   25.861332858269211    4.954713652774791  8.0 8.0 0.0 0.0 0.0 0.0 0 off
 104   Te   21.116082267416576   27.511558372126427    4.946784617509367  8.0 8.0 0.0 0.0 0.0 0.0 0 off
 105   Te   24.193395355303132   29.148612316869702    4.932624226240065  8.0 8.0 0.0 0.0 0.0 0.0 0 off
 106   Te   27.299261381771963   30.766071180010567    4.910908081548288  8.0 8.0 0.0 0.0 0.0 0.0 0 off
 107   Te   30.435643693479761   32.371204961827587    4.895805670931453  8.0 8.0 0.0 0.0 0.0 0.0 0 off
 108   Te  -18.342294242414482   33.975501577730114    4.898764513707956  8.0 8.0 0.0 0.0 0.0 0.0 0 off
 109   Te   -3.504121414842491   10.810610093705424    4.869651704274890  8.0 8.0 0.0 0.0 0.0 0.0 0 off
 110   Te   -0.367275458264356   12.412861294802067    4.894211824517845  8.0 8.0 0.0 0.0 0.0 0.0 0 off
 111   Te    2.737560549968809   14.025074316980067    4.922987141370929  8.0 8.0 0.0 0.0 0.0 0.0 0 off
 112   Te    5.812973925703474   15.653319957692172    4.942188959979727  8.0 8.0 0.0 0.0 0.0 0.0 0 off
 113   Te    8.867919523964673   17.296326339259494    4.951700510519908  8.0 8.0 0.0 0.0 0.0 0.0 0 off
 114   Te   11.914562032221333   18.953296307659436    4.956547529361693  8.0 8.0 0.0 0.0 0.0 0.0 0 off
 115   Te   14.956079317853648   20.620625991517471    4.961756735626533  8.0 8.0 0.0 0.0 0.0 0.0 0 off
 116   Te   17.998279478952259   22.291027630693126    4.966753156348584  8.0 8.0 0.0 0.0 0.0 0.0 0 off
 117   Te   21.048158655350509   23.960491801910585    4.968629153588032  8.0 8.0 0.0 0.0 0.0 0.0 0 off
 118   Te   24.113682233376963   25.621116475898422    4.965482992258502  8.0 8.0 0.0 0.0 0.0 0.0 0 off
 119   Te   27.201428198261528   27.263797780871585    4.953931258912797  8.0 8.0 0.0 0.0 0.0 0.0 0 off
 120   Te   30.319432055085407   28.886307774269277    4.936194946521446  8.0 8.0 0.0 0.0 0.0 0.0 0 off
 121   Te   33.463174363804661   30.500729034012004    4.929495244647019  8.0 8.0 0.0 0.0 0.0 0.0 0 off
 122   Te   -0.518879601061069    8.897938268253901    4.824370620883263  8.0 8.0 0.0 0.0 0.0 0.0 0 off
 123   Te    2.613106226480178   10.493929532022880    4.860147780224139  8.0 8.0 0.0 0.0 0.0 0.0 0 off
 124   Te    5.714122042234196   12.102989918728197    4.898580285142610  8.0 8.0 0.0 0.0 0.0 0.0 0 off
 125   Te    8.787133636447459   13.729669316348712    4.929471440351376  8.0 8.0 0.0 0.0 0.0 0.0 0 off
 126   Te   11.844105981422814   15.379583262503866    4.950213990225287  8.0 8.0 0.0 0.0 0.0 0.0 0 off
 127   Te   14.892905290348523   17.046049241250948    4.964889420338336  8.0 8.0 0.0 0.0 0.0 0.0 0 off
 128   Te   17.940519178069831   18.724735360438807    4.975001581725746  8.0 8.0 0.0 0.0 0.0 0.0 0 off
 129   Te   20.991024581329253   20.409481899176857    4.982478247114582  8.0 8.0 0.0 0.0 0.0 0.0 0 off
 130   Te   24.051645156388197   22.090234781055607    4.985064764849637  8.0 8.0 0.0 0.0 0.0 0.0 0 off
 131   Te   27.128896088634360   23.757707275884119    4.979763070529938  8.0 8.0 0.0 0.0 0.0 0.0 0 off
 132   Te   30.231774973077265   25.401882623145802    4.964541322225766  8.0 8.0 0.0 0.0 0.0 0.0 0 off
 133   Te   33.363514124097470   27.028348365796564    4.950199565844380  8.0 8.0 0.0 0.0 0.0 0.0 0 off
 134   Te  -15.421567827907886   28.647451082800362    4.951863642791092  8.0 8.0 0.0 0.0 0.0 0.0 0 off
 135   Te   -0.705508284614383    5.372520690195616    4.757089784390121  8.0 8.0 0.0 0.0 0.0 0.0 0 off
 136   Te    2.451319678678193    6.959774185162282    4.791588040166291  8.0 8.0 0.0 0.0 0.0 0.0 0 off
 137   Te    5.581048803664787    8.557337762185766    4.843573495679997  8.0 8.0 0.0 0.0 0.0 0.0 0 off
 138   Te    8.681015993209952   10.172556799448357    4.895732868463074  8.0 8.0 0.0 0.0 0.0 0.0 0 off
 139   Te   11.757102024742640   11.814317710666272    4.936178392549526  8.0 8.0 0.0 0.0 0.0 0.0 0 off
 140   Te   14.818531716850849   13.480634655129572    4.964519138101672  8.0 8.0 0.0 0.0 0.0 0.0 0 off
 141   Te   17.874716333325480   15.165586827883352    4.981442309331260  8.0 8.0 0.0 0.0 0.0 0.0 0 off
 142   Te   20.932988706608484   16.860890361898360    4.990996373870651  8.0 8.0 0.0 0.0 0.0 0.0 0 off
 143   Te   23.995649742052009   18.558668864955589    4.995226042518328  8.0 8.0 0.0 0.0 0.0 0.0 0 off
 144   Te   27.069847386746293   20.246366218580018    4.992871857379217  8.0 8.0 0.0 0.0 0.0 0.0 0 off
 145   Te   30.162891021764761   21.912678498992729    4.981447961706556  8.0 8.0 0.0 0.0 0.0 0.0 0 off
 146   Te   33.282354156788912   23.554766794781493    4.964882021188971  8.0 8.0 0.0 0.0 0.0 0.0 0 off
 147   Te   36.423232644147468   25.180483901386776    4.956515676168802  8.0 8.0 0.0 0.0 0.0 0.0 0 off
 148   Te    2.256444389420708    3.420420381383799    4.736856678501977  8.0 8.0 0.0 0.0 0.0 0.0 0 off
 149   Te    5.410986578388691    5.011916490565475    4.789701338914197  8.0 8.0 0.0 0.0 0.0 0.0 0 off
 150   Te    8.538083001064608    6.621697358624133    4.853266948095604  8.0 8.0 0.0 0.0 0.0 0.0 0 off
 151   Te   11.639262607520809    8.258914757594928    4.910837189800090  8.0 8.0 0.0 0.0 0.0 0.0 0 off
 152   Te   14.721261198634290    9.925313942798294    4.953862883281761  8.0 8.0 0.0 0.0 0.0 0.0 0 off
 153   Te   17.793885658406374   11.615541455881095    4.979716616173142  8.0 8.0 0.0 0.0 0.0 0.0 0 off
 154   Te   20.864334825061313   13.320091421045754    4.992851299484464  8.0 8.0 0.0 0.0 0.0 0.0 0 off
 155   Te   23.936669098288235   15.028075112503911    4.999109064615143  8.0 8.0 0.0 0.0 0.0 0.0 0 off
 156   Te   27.012816365986069   16.731644482130836    4.999106042610378  8.0 8.0 0.0 0.0 0.0 0.0 0 off
 157   Te   30.101935788232119   18.416505129802836    4.990967317518132  8.0 8.0 0.0 0.0 0.0 0.0 0 off
 158   Te   33.212332221389033   20.076130823916444    4.974967479115486  8.0 8.0 0.0 0.0 0.0 0.0 0 off
 159   Te   36.346400294101180   21.712810939687639    4.961693151246397  8.0 8.0 0.0 0.0 0.0 0.0 0 off
 160   Te  -12.439801374680131   23.336702882684214    4.962902612345247  8.0 8.0 0.0 0.0 0.0 0.0 0 off
 161   Te    5.212507631621000    1.466489932387564    4.757731822096227  8.0 8.0 0.0 0.0 0.0 0.0 0 off
 162   Te    8.361331667980936    3.073707068453166    4.818292558957919  8.0 8.0 0.0 0.0 0.0 0.0 0 off
 163   Te   11.486847544997005    4.710520788323182    4.881876150067741  8.0 8.0 0.0 0.0 0.0 0.0 0 off
 164   Te   14.593015144618297    6.377887676677155    4.932495716829052  8.0 8.0 0.0 0.0 0.0 0.0 0 off
 165   Te   17.687765010437673    8.072576011084070    4.965404139762192  8.0 8.0 0.0 0.0 0.0 0.0 0 off
 166   Te   20.776580467753099    9.784302925581439    4.984997766524897  8.0 8.0 0.0 0.0 0.0 0.0 0 off
 167   Te   23.863017755258067   11.501607817485379    4.995178818876484  8.0 8.0 0.0 0.0 0.0 0.0 0 off
 168   Te   26.950087624640290   13.215824967325204    4.999079662996088  8.0 8.0 0.0 0.0 0.0 0.0 0 off
 169   Te   30.040914490043832   14.915272762035670    4.995180737309274  8.0 8.0 0.0 0.0 0.0 0.0 0 off
 170   Te   33.146086836301336   16.591924760015605    4.982417219717285  8.0 8.0 0.0 0.0 0.0 0.0 0 off
 171   Te   36.271928561661255   18.242976669200388    4.966691788425094  8.0 8.0 0.0 0.0 0.0 0.0 0 off
 172   Te   39.417806185794362   19.871602058922186    4.959118556080257  8.0 8.0 0.0 0.0 0.0 0.0 0 off
 173   Te   11.305881845075737    1.165442324483574    4.863656775617716  8.0 8.0 0.0 0.0 0.0 0.0 0 off
 174   Te   14.432345076300509    2.834068781756085    4.912435602014335  8.0 8.0 0.0 0.0 0.0 0.0 0 off
 175   Te   17.549398150195564    4.531376993958259    4.946645924947038  8.0 8.0 0.0 0.0 0.0 0.0 0 off
 176   Te   20.658674895607366    6.248085005382477    4.968535112182691  8.0 8.0 0.0 0.0 0.0 0.0 0 off
 177   Te   23.762526321977194    7.974161777571373    4.982389287828593  8.0 8.0 0.0 0.0 0.0 0.0 0 off
 178   Te   26.864671734554836    9.698154114454967    4.990914663658329  8.0 8.0 0.0 0.0 0.0 0.0 0 off
 179   Te   29.965415664497513   11.409080209148289    4.992808484959983  8.0 8.0 0.0 0.0 0.0 0.0 0 off
 180   Te   33.071346795440704   13.100974635670779    4.984981775206034  8.0 8.0 0.0 0.0 0.0 0.0 0 off
 181   Te   36.192796425389403   14.766980801596711    4.968541723407229  8.0 8.0 0.0 0.0 0.0 0.0 0 off
 182   Te   39.333603661480289   16.405337767049442    4.954593732242685  8.0 8.0 0.0 0.0 0.0 0.0 0 off
 183   Te   -9.449245756523643   18.026716392283120    4.955742925731436  8.0 8.0 0.0 0.0 0.0 0.0 0 off
 184   Te   17.381005717070408    0.988686766075832    4.937380171313827  8.0 8.0 0.0 0.0 0.0 0.0 0 off
 185   Te   20.507121485978736    2.708875299155216    4.954584934179150  8.0 8.0 0.0 0.0 0.0 0.0 0 off
 186   Te   23.629387444806824    4.441538603178733    4.966645194016826  8.0 8.0 0.0 0.0 0.0 0.0 0 off
 187   Te   26.746765395618876    6.174661834916527    4.974915602407161  8.0 8.0 0.0 0.0 0.0 0.0 0 off
 188   Te   29.861972964691997    7.897277822820460    4.981354579274850  8.0 8.0 0.0 0.0 0.0 0.0 0 off
 189   Te   32.976805740299007    9.602273424657367    4.979646659761536  8.0 8.0 0.0 0.0 0.0 0.0 0 off
 190   Te   36.098165586588067   11.281856801434049    4.965352750693501  8.0 8.0 0.0 0.0 0.0 0.0 0 off
 191   Te   39.234139088928821   12.932598161798461    4.946628412186223  8.0 8.0 0.0 0.0 0.0 0.0 0 off
 192   Te   42.386384310968296   14.558116971109968    4.937401544558156  8.0 8.0 0.0 0.0 0.0 0.0 0 off
 193   Te   23.466865093551498    0.902833123887914    4.959064357551055  8.0 8.0 0.0 0.0 0.0 0.0 0 off
 194   Te   26.597128858875625    2.642140804369608    4.961596682753731  8.0 8.0 0.0 0.0 0.0 0.0 0 off
 195   Te   29.724368725326777    4.374710681870407    4.964773092278134  8.0 8.0 0.0 0.0 0.0 0.0 0 off
 196   Te   32.849272747913254    6.093011179939353    4.964419918922632  8.0 8.0 0.0 0.0 0.0 0.0 0 off
 197   Te   35.976906224304599    7.786417709936608    4.953783969885977  8.0 8.0 0.0 0.0 0.0 0.0 0 off
 198   Te   39.113204115503827    9.449040685006757    4.932457819981580  8.0 8.0 0.0 0.0 0.0 0.0 0 off
 199   Te   42.262602133609718   11.081822457667640    4.912446738909644  8.0 8.0 0.0 0.0 0.0 0.0 0 off
 200   Te   -6.513979985821766   12.695388235582888    4.909360832931087  8.0 8.0 0.0 0.0 0.0 0.0 0 off
 201   Te   29.561792362345308    0.841762492236208    4.956375462241062  8.0 8.0 0.0 0.0 0.0 0.0 0 off
 202   Te   32.691975527822066    2.567632922746804    4.950056152831494  8.0 8.0 0.0 0.0 0.0 0.0 0 off
 203   Te   35.823054393947217    4.274879650432975    4.936041195990136  8.0 8.0 0.0 0.0 0.0 0.0 0 off
 204   Te   38.961064258327909    5.950535048240954    4.910746479093461  8.0 8.0 0.0 0.0 0.0 0.0 0 off
 205   Te   42.110191308655509    7.592754563882632    4.881859262005758  8.0 8.0 0.0 0.0 0.0 0.0 0 off
 206   Te   45.270670029737481    9.208573182139160    4.863616315676740  8.0 8.0 0.0 0.0 0.0 0.0 0 off
 207   Te   35.649317849577926    0.745130443212280    4.929323014678237  8.0 8.0 0.0 0.0 0.0 0.0 0 off
 208   Te   38.782919677118549    2.431784835677569    4.895617426193488  8.0 8.0 0.0 0.0 0.0 0.0 0 off
 209   Te   41.929462564650557    4.083404645755751    4.853164036232932  8.0 8.0 0.0 0.0 0.0 0.0 0 off
 210   Te   45.089812979422611    5.704411430145609    4.817502388330847  8.0 8.0 0.0 0.0 0.0 0.0 0 off
 211   Te   -3.675885946776867    7.304978719884567    4.806636991232480  8.0 8.0 0.0 0.0 0.0 0.0 0 off
 212   Te   41.731812609237416    0.554763689446799    4.843454817252126  8.0 8.0 0.0 0.0 0.0 0.0 0 off
 213   Te   44.887081243453480    2.180262227764402    4.789395544468670  8.0 8.0 0.0 0.0 0.0 0.0 0 off
 214   Te   48.056222103836369    3.781573617772132    4.755553607721514  8.0 8.0 0.0 0.0 0.0 0.0 0 off
 215   Te   47.842674121648926    0.243894977581265    4.735757601055449  8.0 8.0 0.0 0.0 0.0 0.0 0 off
 216   Te   -0.915327775289443    1.833889661065947    4.714853672350898  8.0 8.0 0.0 0.0 0.0 0.0 0 off
 217   Te  -23.920141022892935   44.851601873002231    4.717343806917179  8.0 8.0 0.0 0.0 0.0 0.0 0 off
 218   Te  -21.014826454898810   42.915744899136655    8.379964732860138  8.0 8.0 0.0 0.0 0.0 0.0 0 off
 219   Te  -17.860955074391303   44.501769408609022    8.429185280034307  8.0 8.0 0.0 0.0 0.0 0.0 0 off
 220   Te  -18.065642984445645   40.995317717937738    8.447829654485119  8.0 8.0 0.0 0.0 0.0 0.0 0 off
 221   Te  -14.908707534625663   42.609744377932046    8.491560916160031  8.0 8.0 0.0 0.0 0.0 0.0 0 off
 222   Te  -11.753653254206840   44.265109966469041    8.531382364596720  8.0 8.0 0.0 0.0 0.0 0.0 0 off
 223   Te  -18.247140874269924   37.498178867465221    8.483018331835810  8.0 8.0 0.0 0.0 0.0 0.0 0 off
 224   Te  -15.093111045618516   39.104779518558566    8.518608186320845  8.0 8.0 0.0 0.0 0.0 0.0 0 off
 225   Te  -11.938613375177033   40.752754063259076    8.550119606469156  8.0 8.0 0.0 0.0 0.0 0.0 0 off
 226   Te   -8.787440506453315   42.437975687196953    8.568591496040225  8.0 8.0 0.0 0.0 0.0 0.0 0 off
 227   Te   -5.639063408917329   44.150368467955900    8.575428232699430  8.0 8.0 0.0 0.0 0.0 0.0 0 off
 228   Te  -15.243469846253017   35.609194244385577    8.546589448418626  8.0 8.0 0.0 0.0 0.0 0.0 0 off
 229   Te  -12.095957106409648   37.246901063280554    8.576327889029937  8.0 8.0 0.0 0.0 0.0 0.0 0 off
 230   Te   -8.951636145347264   38.923709776343543    8.593100059795278  8.0 8.0 0.0 0.0 0.0 0.0 0 off
 231   Te   -5.811116176576902   40.631065838070640    8.595414039856593  8.0 8.0 0.0 0.0 0.0 0.0 0 off
 232   Te   -2.671300512599098   42.356718247694353    8.589452994411298  8.0 8.0 0.0 0.0 0.0 0.0 0 off
 233   Te    0.467077770479591   44.091081901615219    8.581516509873122  8.0 8.0 0.0 0.0 0.0 0.0 0 off
 234   Te  -15.357898154726616   32.125910444314165    8.564404348061302  8.0 8.0 0.0 0.0 0.0 0.0 0 off
 235   Te  -12.214991941573141   33.750094478686705    8.591707141842711  8.0 8.0 0.0 0.0 0.0 0.0 0 off
 236   Te   -9.080400554729589   35.414256572582147    8.612062451170761  8.0 8.0 0.0 0.0 0.0 0.0 0 off
 237   Te   -5.951841812159741   37.113361840552081    8.619299444284133  8.0 8.0 0.0 0.0 0.0 0.0 0 off
 238   Te   -2.826352418790149   38.835650053489225    8.614283705755113  8.0 8.0 0.0 0.0 0.0 0.0 0 off
 239   Te    0.301140582989820   40.568732121001055    8.602538004170428  8.0 8.0 0.0 0.0 0.0 0.0 0 off
 240   Te    3.432289449484543   42.300922103394555    8.587931287242412  8.0 8.0 0.0 0.0 0.0 0.0 0 off
 241   Te    6.572318654899870   44.025409533173153    8.572216932551131  8.0 8.0 0.0 0.0 0.0 0.0 0 off
 242   Te  -12.306573925458093   30.266918963970625    8.593254523886543  8.0 8.0 0.0 0.0 0.0 0.0 0 off
 243   Te   -9.175281371159043   31.914075182036946    8.617293342237062  8.0 8.0 0.0 0.0 0.0 0.0 0 off
 244   Te   -6.055571490072146   33.599378695645854    8.631367510783136  8.0 8.0 0.0 0.0 0.0 0.0 0 off
 245   Te   -2.944095040210807   35.312032673645092    8.633753632696591  8.0 8.0 0.0 0.0 0.0 0.0 0 off
 246   Te    0.165108993177568   37.040734339726811    8.626424223950872  8.0 8.0 0.0 0.0 0.0 0.0 0 off
 247   Te    3.277606173337369   38.773647741247849    8.612511849778967  8.0 8.0 0.0 0.0 0.0 0.0 0 off
 248   Te    6.398563453541757   40.499813242530422    8.593274734877356  8.0 8.0 0.0 0.0 0.0 0.0 0 off
 249   Te    9.534141314451912   42.212840672812078    8.564402915551504  8.0 8.0 0.0 0.0 0.0 0.0 0 off
 250   Te   12.681564802981162   43.898742539211177    8.521490212880090  8.0 8.0 0.0 0.0 0.0 0.0 0 off
 251   Te  -12.383226242581140   26.797466195885075    8.587892154786211  8.0 8.0 0.0 0.0 0.0 0.0 0 off
 252   Te   -9.251199686618106   28.427192908622391    8.612494970492596  8.0 8.0 0.0 0.0 0.0 0.0 0 off
 253   Te   -6.132065427646585   30.093774377878731    8.632354441262295  8.0 8.0 0.0 0.0 0.0 0.0 0 off
 254   Te   -3.027154333520684   31.792475588923917    8.640874924994320  8.0 8.0 0.0 0.0 0.0 0.0 0 off
 255   Te    0.068377656622387   33.511331265275565    8.640326275017195  8.0 8.0 0.0 0.0 0.0 0.0 0 off
 256   Te    3.161354985097890   35.239109815707373    8.632355086489063  8.0 8.0 0.0 0.0 0.0 0.0 0 off
 257   Te    6.259406843490272   36.964445504974655    8.617277476355214  8.0 8.0 0.0 0.0 0.0 0.0 0 off
 258   Te    9.369283704783845   38.678905323283615    8.591661869508350  8.0 8.0 0.0 0.0 0.0 0.0 0 off
 259   Te   12.493605536245973   40.372107917033979    8.546510571975254  8.0 8.0 0.0 0.0 0.0 0.0 0 off
 260   Te   15.631686781223648   42.028849569256565    8.482816583715483  8.0 8.0 0.0 0.0 0.0 0.0 0 off
 261   Te   18.775358501935710   43.644039898530608    8.411548117904543  8.0 8.0 0.0 0.0 0.0 0.0 0 off
 262   Te   -9.317528303530576   24.951915505875846    8.602479715458811  8.0 8.0 0.0 0.0 0.0 0.0 0 off
 263   Te   -6.194199506668628   26.598125946928008    8.626380187776784  8.0 8.0 0.0 0.0 0.0 0.0 0 off
 264   Te   -3.089303282536104   28.279078140227359    8.640316567897477  8.0 8.0 0.0 0.0 0.0 0.0 0 off
 265   Te   -0.000046680730170   29.983693206704039    8.644870717101341  8.0 8.0 0.0 0.0 0.0 0.0 0 off
 266   Te    3.080020429353806   31.700800552500990    8.640850065696927  8.0 8.0 0.0 0.0 0.0 0.0 0 off
 267   Te    6.159020210124128   33.420046999819021    8.631315543377477  8.0 8.0 0.0 0.0 0.0 0.0 0 off
 268   Te    9.243182411214992   35.132191456723604    8.612001162965697  8.0 8.0 0.0 0.0 0.0 0.0 0 off
 269   Te   12.338080954430476   36.827427269012013    8.576321403539927  8.0 8.0 0.0 0.0 0.0 0.0 0 off
 270   Te   15.445960605007388   38.494221506072840    8.518340332028183  8.0 8.0 0.0 0.0 0.0 0.0 0 off
 271   Te   18.570524711926005   40.123246173666004    8.445449912346989  8.0 8.0 0.0 0.0 0.0 0.0 0 off
 272   Te   21.706039960375339   41.716831452789954    8.376109786247168  8.0 8.0 0.0 0.0 0.0 0.0 0 off
 273   Te   24.845655634355222   43.287430438820635    8.333163549055179  8.0 8.0 0.0 0.0 0.0 0.0 0 off
 274   Te   -9.379778244137146   21.483741606385191    8.589344567252946  8.0 8.0 0.0 0.0 0.0 0.0 0 off
 275   Te   -6.252918366355830   23.110020051273008    8.614194181617755  8.0 8.0 0.0 0.0 0.0 0.0 0 off
 276   Te   -3.142492911826490   24.769842038515719    8.633696938093149  8.0 8.0 0.0 0.0 0.0 0.0 0 off
 277   Te   -0.052963529126424   26.457683250526607    8.640841406747329  8.0 8.0 0.0 0.0 0.0 0.0 0 off
 278   Te    3.020782867955875   28.160583751331124    8.640294189691449  8.0 8.0 0.0 0.0 0.0 0.0 0 off
 279   Te    6.086495530032724   29.869111268688421    8.633681582492047  8.0 8.0 0.0 0.0 0.0 0.0 0 off
 280   Te    9.150385202662008   31.573202670104649    8.619203346649979  8.0 8.0 0.0 0.0 0.0 0.0 0 off
 281   Te   12.218080032804631   33.265935171627099    8.593006382567795  8.0 8.0 0.0 0.0 0.0 0.0 0 off
 282   Te   15.295579200857105   34.938225250994520    8.550039358532548  8.0 8.0 0.0 0.0 0.0 0.0 0 off
 283   Te   18.388898675497298   36.582101051301187    8.491366237528542  8.0 8.0 0.0 0.0 0.0 0.0 0 off
 284   Te   21.502841506025153   38.194523937150727    8.426428281919756  8.0 8.0 0.0 0.0 0.0 0.0 0 off
 285   Te   24.632675873160110   39.779361089815950    8.374059782952930  8.0 8.0 0.0 0.0 0.0 0.0 0 off
 286   Te   27.770972477232544   41.347725995689089    8.357051281950016  8.0 8.0 0.0 0.0 0.0 0.0 0 off
 287   Te   -6.315419133796660   19.627413418879826    8.595259631679724  8.0 8.0 0.0 0.0 0.0 0.0 0 off
 288   Te   -3.198636732213180   21.264404759276939    8.619191228994344  8.0 8.0 0.0 0.0 0.0 0.0 0 off
 289   Te   -0.103570550142754   22.931551627093988    8.631276556272212  8.0 8.0 0.0 0.0 0.0 0.0 0 off
 290   Te    2.970627949625139   24.618085234340164    8.632276959166255  8.0 8.0 0.0 0.0 0.0 0.0 0 off
 291   Te    6.029006946236154   26.312103432005774    8.626338526179477  8.0 8.0 0.0 0.0 0.0 0.0 0 off
 292   Te    9.079170564770561   28.005331450001105    8.614179146428945  8.0 8.0 0.0 0.0 0.0 0.0 0 off
 293   Te   12.126427205923326   29.692513712491344    8.595266675977962  8.0 8.0 0.0 0.0 0.0 0.0 0 off
 294   Te   15.179429999321819   31.366594171695279    8.568473488562049  8.0 8.0 0.0 0.0 0.0 0.0 0 off
 295   Te   18.244855486077157   33.021891923987795    8.531250235241556  8.0 8.0 0.0 0.0 0.0 0.0 0 off
 296   Te   21.331013037832449   34.653959996830757    8.485169499454811  8.0 8.0 0.0 0.0 0.0 0.0 0 off
 297   Te   24.441885960459267   36.259636185605636    8.438569870185647  8.0 8.0 0.0 0.0 0.0 0.0 0 off
 298   Te   27.572207152319450   37.841920771462952    8.408605391553028  8.0 8.0 0.0 0.0 0.0 0.0 0 off
 299   Te  -21.217673243702954   39.412034749487724    8.413988067423908  8.0 8.0 0.0 0.0 0.0 0.0 0 off
 300   Te   -6.392098648460716   16.146389180778186    8.568434434198728  8.0 8.0 0.0 0.0 0.0 0.0 0 off
 301   Te   -3.266577499717419   17.761323644045792    8.592960544369054  8.0 8.0 0.0 0.0 0.0 0.0 0 off
 302   Te   -0.162880194236866   19.404521899730188    8.611937891592587  8.0 8.0 0.0 0.0 0.0 0.0 0 off
 303   Te    2.915791754377585   21.072425131376370    8.617185812447559  8.0 8.0 0.0 0.0 0.0 0.0 0 off
 304   Te    5.973507632462273   22.750137612659675    8.612402067410743  8.0 8.0 0.0 0.0 0.0 0.0 0 off
 305   Te    9.016315646388659   24.430306634155343    8.602375609817269  8.0 8.0 0.0 0.0 0.0 0.0 0 off
 306   Te   12.050990528960630   26.110511508272261    8.589280165593042  8.0 8.0 0.0 0.0 0.0 0.0 0 off
 307   Te   15.088206097929174   27.783830656790570    8.575242934639050  8.0 8.0 0.0 0.0 0.0 0.0 0 off
 308   Te   18.133713563460812   29.447602436452158    8.557165971706064  8.0 8.0 0.0 0.0 0.0 0.0 0 off
 309   Te   21.197440671539123   31.097210683156174    8.534419123670324  8.0 8.0 0.0 0.0 0.0 0.0 0 off
 310   Te   24.287817516703200   32.727793791136968    8.503311622314635  8.0 8.0 0.0 0.0 0.0 0.0 0 off
 311   Te   27.404163629453617   34.331187079779376    8.475150122031408  8.0 8.0 0.0 0.0 0.0 0.0 0 off
 312   Te   30.539581304745024   35.914653639190263    8.465090438559439  8.0 8.0 0.0 0.0 0.0 0.0 0 off
 313   Te   -3.357068794072268   14.259953571111772    8.549998252986571  8.0 8.0 0.0 0.0 0.0 0.0 0 off
 314   Te   -0.242209399813204   15.876630790022315    8.576243826800395  8.0 8.0 0.0 0.0 0.0 0.0 0 off
 315   Te    2.845601893014980   17.521956645668357    8.591560029742729  8.0 8.0 0.0 0.0 0.0 0.0 0 off
 316   Te    5.907913650943460   19.184228187036382    8.593135903056506  8.0 8.0 0.0 0.0 0.0 0.0 0 off
 317   Te    8.950860716642733   20.852540381196285    8.587774598890185  8.0 8.0 0.0 0.0 0.0 0.0 0 off
 318   Te   11.983776990561562   22.525435804888925    8.581349765084020  8.0 8.0 0.0 0.0 0.0 0.0 0 off
 319   Te   15.013367291540645   24.199137785762929    8.577480133829784  8.0 8.0 0.0 0.0 0.0 0.0 0 off
 320   Te   18.049259656864503   25.870438588299937    8.573612803029654  8.0 8.0 0.0 0.0 0.0 0.0 0 off
 321   Te   21.101120716630550   27.534365383610105    8.567370199197882  8.0 8.0 0.0 0.0 0.0 0.0 0 off
 322   Te   24.175459899504983   29.186264454278689    8.554892922602178  8.0 8.0 0.0 0.0 0.0 0.0 0 off
 323   Te   27.276519014766322   30.816189186509728    8.533747454333746  8.0 8.0 0.0 0.0 0.0 0.0 0 off
 324   Te   30.400914564743164   32.418388416164468    8.516946826633617  8.0 8.0 0.0 0.0 0.0 0.0 0 off
 325   Te  -18.391644557556258   34.008640885074321    8.521501620409582  8.0 8.0 0.0 0.0 0.0 0.0 0 off
 326   Te   -3.480077950574332   10.759099390288281    8.491279297467129  8.0 8.0 0.0 0.0 0.0 0.0 0 off
 327   Te   -0.352686112643367   12.351743614707111    8.518242944626184  8.0 8.0 0.0 0.0 0.0 0.0 0 off
 328   Te    2.749814346008474   13.969619026592067    8.546412739560292  8.0 8.0 0.0 0.0 0.0 0.0 0 off
 329   Te    5.823686763408509   15.612237682661707    8.564259434048411  8.0 8.0 0.0 0.0 0.0 0.0 0 off
 330   Te    8.874290130393085   17.270960533582230    8.572041743063567  8.0 8.0 0.0 0.0 0.0 0.0 0 off
 331   Te   11.912735814772894   18.940074528209152    8.575930692355465  8.0 8.0 0.0 0.0 0.0 0.0 0 off
 332   Te   14.946245951099931   20.615176160516395    8.580391068720957  8.0 8.0 0.0 0.0 0.0 0.0 0 off
 333   Te   17.982294056362051   22.293513582089290    8.585634154527270  8.0 8.0 0.0 0.0 0.0 0.0 0 off
 334   Te   21.029955815168798   23.972090324769482    8.588816051791826  8.0 8.0 0.0 0.0 0.0 0.0 0 off
 335   Te   24.095825626352195   25.643366968926106    8.586814929060797  8.0 8.0 0.0 0.0 0.0 0.0 0 off
 336   Te   27.186244831145306   27.297883867293375    8.575522374180453  8.0 8.0 0.0 0.0 0.0 0.0 0 off
 337   Te   30.300344747514533   28.923485832257509    8.557315113685236  8.0 8.0 0.0 0.0 0.0 0.0 0 off
 338   Te   33.432774493655685   30.526667399573448    8.550319773213412  8.0 8.0 0.0 0.0 0.0 0.0 0 off
 339   Te   -0.504204383817209    8.831281889658554    8.445290814970406  8.0 8.0 0.0 0.0 0.0 0.0 0 off
 340   Te    2.615563040519123   10.423598085188878    8.482652981587252  8.0 8.0 0.0 0.0 0.0 0.0 0 off
 341   Te    5.709979509918266   12.043516356587659    8.521311200108544  8.0 8.0 0.0 0.0 0.0 0.0 0 off
 342   Te    8.779844965324715   13.690368480754938    8.550312438942241  8.0 8.0 0.0 0.0 0.0 0.0 0 off
 343   Te   11.832210657409489   15.357748575828568    8.569463946546151  8.0 8.0 0.0 0.0 0.0 0.0 0 off
 344   Te   14.877315441122423   17.036449159522824    8.584035210206840  8.0 8.0 0.0 0.0 0.0 0.0 0 off
 345   Te   17.923367372358719   18.723108282442890    8.594762527636611  8.0 8.0 0.0 0.0 0.0 0.0 0 off
 346   Te   20.974268759408506   20.413811102442427    8.603196215697027  8.0 8.0 0.0 0.0 0.0 0.0 0 off
 347   Te   24.037221975622753   22.102482498694048    8.605691521466820  8.0 8.0 0.0 0.0 0.0 0.0 0 off
 348   Te   27.119913260783125   23.778238270372210    8.600490191864681  8.0 8.0 0.0 0.0 0.0 0.0 0 off
 349   Te   30.225354098244690   25.428128677972119    8.585299659911687  8.0 8.0 0.0 0.0 0.0 0.0 0 off
 350   Te   33.350588372840747   27.049544507775511    8.569458285558452  8.0 8.0 0.0 0.0 0.0 0.0 0 off
 351   Te  -15.446708221557831   28.654611063381523    8.572204045767235  8.0 8.0 0.0 0.0 0.0 0.0 0 off
 352   Te   -0.692050045504803    5.318979444324137    8.375975874496097  8.0 8.0 0.0 0.0 0.0 0.0 0 off
 353   Te    2.442502547502466    6.893665176277673    8.411442241967164  8.0 8.0 0.0 0.0 0.0 0.0 0 off
 354   Te    5.559979411235370    8.490681537924253    8.464765894602769  8.0 8.0 0.0 0.0 0.0 0.0 0 off
 355   Te    8.657465035140374   10.118800772970179    8.516935252460677  8.0 8.0 0.0 0.0 0.0 0.0 0 off
 356   Te   11.734452753726378   11.779178614014798    8.557275570245586  8.0 8.0 0.0 0.0 0.0 0.0 0 off
 357   Te   14.799022999890152   13.461919305527275    8.585265556304376  8.0 8.0 0.0 0.0 0.0 0.0 0 off
 358   Te   17.858748990019826   15.158539352452523    8.602097311135868  8.0 8.0 0.0 0.0 0.0 0.0 0 off
 359   Te   20.920337076549803   16.860735143394535    8.611381946361799  8.0 8.0 0.0 0.0 0.0 0.0 0 off
 360   Te   23.986843518738738   18.563361580513231    8.615894820026378  8.0 8.0 0.0 0.0 0.0 0.0 0 off
 361   Te   27.066248386869074   20.257305081460050    8.613650264636396  8.0 8.0 0.0 0.0 0.0 0.0 0 off
 362   Te   30.164809617331180   21.930014606158796    8.602104578533119  8.0 8.0 0.0 0.0 0.0 0.0 0 off
 363   Te   33.281840559975947   23.573062531615506    8.584022097546949  8.0 8.0 0.0 0.0 0.0 0.0 0 off
 364   Te   36.412730581577229   25.188697914038890    8.575895234818315  8.0 8.0 0.0 0.0 0.0 0.0 0 off
 365   Te    2.237788055695040    3.378294517541105    8.355130353785020  8.0 8.0 0.0 0.0 0.0 0.0 0 off
 366   Te    5.374915597167360    4.958325799784435    8.408739087672924  8.0 8.0 0.0 0.0 0.0 0.0 0 off
 367   Te    8.499358750520686    6.567264819092495    8.475036278961005  8.0 8.0 0.0 0.0 0.0 0.0 0 off
 368   Te   11.607273129794768    8.214157734961898    8.533693919008513  8.0 8.0 0.0 0.0 0.0 0.0 0 off
 369   Te   14.699358743910047    9.895097041780142    8.575458700411673  8.0 8.0 0.0 0.0 0.0 0.0 0 off
 370   Te   17.780607362759881   11.597484493071784    8.600444187038763  8.0 8.0 0.0 0.0 0.0 0.0 0 off
 371   Te   20.856671163025254   13.311500346444502    8.613624775403689  8.0 8.0 0.0 0.0 0.0 0.0 0 off
 372   Te   23.932374481176026   15.026384110670730    8.619587402493247  8.0 8.0 0.0 0.0 0.0 0.0 0 off
 373   Te   27.013536788631725   16.736201715070479    8.619589023617811  8.0 8.0 0.0 0.0 0.0 0.0 0 off
 374   Te   30.108146423841220   18.427521300075981    8.611359680952901  8.0 8.0 0.0 0.0 0.0 0.0 0 off
 375   Te   33.219508473860763   20.091771908703898    8.594715716160932  8.0 8.0 0.0 0.0 0.0 0.0 0 off
 376   Te   36.346651458449934   21.724024124023053    8.580351592616580  8.0 8.0 0.0 0.0 0.0 0.0 0 off
 377   Te  -12.450972335253082   23.334470654254872    8.581425189190346  8.0 8.0 0.0 0.0 0.0 0.0 0 off
 378   Te    5.167283695903972    1.446173427090558    8.376808814894702  8.0 8.0 0.0 0.0 0.0 0.0 0 off
 379   Te    8.310683922610162    3.038224992837871    8.438571971431186  8.0 8.0 0.0 0.0 0.0 0.0 0 off
 380   Te   11.446201980378325    4.670069591154645    8.503197226267806  8.0 8.0 0.0 0.0 0.0 0.0 0 off
 381   Te   14.569326408215574    6.343484990936654    8.554764497560294  8.0 8.0 0.0 0.0 0.0 0.0 0 off
 382   Te   17.677394337958528    8.045989151158039    8.586729998744849  8.0 8.0 0.0 0.0 0.0 0.0 0 off
 383   Te   20.773200734749192    9.765679252739444    8.605631699402357  8.0 8.0 0.0 0.0 0.0 0.0 0 off
 384   Te   23.863363352350191   11.491609284566294    8.615842072028510  8.0 8.0 0.0 0.0 0.0 0.0 0 off
 385   Te   26.953707406551853   13.212912803092932    8.619567555675882  8.0 8.0 0.0 0.0 0.0 0.0 0 off
 386   Te   30.049407149674263   14.920540896000565    8.615843937072567  8.0 8.0 0.0 0.0 0.0 0.0 0 off
 387   Te   33.158230207967705   16.604258286874956    8.603135769343453  8.0 8.0 0.0 0.0 0.0 0.0 0 off
 388   Te   36.282104175532339   18.255575438381246    8.585562771569732  8.0 8.0 0.0 0.0 0.0 0.0 0 off
 389   Te   39.416876168531608   19.873933544015994    8.577377892514358  8.0 8.0 0.0 0.0 0.0 0.0 0 off
 390   Te   11.256801343992263    1.146563009610452    8.485217833131710  8.0 8.0 0.0 0.0 0.0 0.0 0 off
 391   Te   14.403448208770723    2.809007255538992    8.534221927114842  8.0 8.0 0.0 0.0 0.0 0.0 0 off
 392   Te   17.537095967107614    4.506987878087786    8.567234060845989  8.0 8.0 0.0 0.0 0.0 0.0 0 off
 393   Te   20.657715334398187    6.226497034679983    8.588738032135781  8.0 8.0 0.0 0.0 0.0 0.0 0 off
 394   Te   23.767102943396598    7.957437244751373    8.603114484926168  8.0 8.0 0.0 0.0 0.0 0.0 0 off
 395   Te   26.871132985490338    9.687248171750920    8.611314753374625  8.0 8.0 0.0 0.0 0.0 0.0 0 off
 396   Te   29.976715661090079   11.406745270008191    8.613584734080161  8.0 8.0 0.0 0.0 0.0 0.0 0 off
 397   Te   33.089185513676533   13.107336323220364    8.605610022182944  8.0 8.0 0.0 0.0 0.0 0.0 0 off
 398   Te   36.211965030736145   14.776917200964702    8.588719951134339  8.0 8.0 0.0 0.0 0.0 0.0 0 off
 399   Te   39.346331094985239   16.409085491955178    8.573492271558806  8.0 8.0 0.0 0.0 0.0 0.0 0 off
 400   Te   -9.449256367906314   18.016743511630612    8.575256260891015  8.0 8.0 0.0 0.0 0.0 0.0 0 off
 401   Te   17.363898321294066    0.980524607796674    8.556987874215682  8.0 8.0 0.0 0.0 0.0 0.0 0 off
 402   Te   20.504035762542760    2.695971394687430    8.573479036048090  8.0 8.0 0.0 0.0 0.0 0.0 0 off
 403   Te   23.635243130780339    4.426441132125633    8.585526389320913  8.0 8.0 0.0 0.0 0.0 0.0 0 off
 404   Te   26.756743376738214    6.160632390715212    8.594636696471863  8.0 8.0 0.0 0.0 0.0 0.0 0 off
 405   Te   29.876061527668995    7.886926815403567    8.602019597067171  8.0 8.0 0.0 0.0 0.0 0.0 0 off
 406   Te   32.999114247175122    9.599774355313182    8.600382810414231  8.0 8.0 0.0 0.0 0.0 0.0 0 off
 407   Te   36.126389142531444   11.286160244004007    8.586668282623416  8.0 8.0 0.0 0.0 0.0 0.0 0 off
 408   Te   39.261396972108109   12.934128095539336    8.567212329323770  8.0 8.0 0.0 0.0 0.0 0.0 0 off
 409   Te   42.402002411872694   14.547366101020208    8.557004361951018  8.0 8.0 0.0 0.0 0.0 0.0 0 off
 410   Te   23.469403966132305    0.902481296975712    8.577319127838509  8.0 8.0 0.0 0.0 0.0 0.0 0 off
 411   Te   26.606755317888972    2.636318089175879    8.580242346806910  8.0 8.0 0.0 0.0 0.0 0.0 0 off
 412   Te   29.740463054917953    4.366003050075632    8.583932861400363  8.0 8.0 0.0 0.0 0.0 0.0 0 off
 413   Te   32.875246986735867    6.085449224010365    8.585182578139344  8.0 8.0 0.0 0.0 0.0 0.0 0 off
 414   Te   36.014026418278000    7.782507764854316    8.575367641929320  8.0 8.0 0.0 0.0 0.0 0.0 0 off
 415   Te   39.154811839351019    9.445713969846008    8.554722215119666  8.0 8.0 0.0 0.0 0.0 0.0 0 off
 416   Te   42.298772621635244   11.069314698946775    8.534210465131549  8.0 8.0 0.0 0.0 0.0 0.0 0 off
 417   Te   -6.491301100442867   12.663980776703324    8.531187027272106  8.0 8.0 0.0 0.0 0.0 0.0 0 off
 418   Te   29.574187884296631    0.846767629727845    8.575754718708994  8.0 8.0 0.0 0.0 0.0 0.0 0 off
 419   Te   32.716819060727587    2.568185863142526    8.569330195640839  8.0 8.0 0.0 0.0 0.0 0.0 0 off
 420   Te   35.864813274847464    4.272814596954931    8.557151477052926  8.0 8.0 0.0 0.0 0.0 0.0 0 off
 421   Te   39.015885233514375    5.945169305385737    8.533555481990765  8.0 8.0 0.0 0.0 0.0 0.0 0 off
 422   Te   42.165708164732742    7.577694157443795    8.503094908442627  8.0 8.0 0.0 0.0 0.0 0.0 0 off
 423   Te   45.312190718784649    9.175222282090163    8.484948726660651  8.0 8.0 0.0 0.0 0.0 0.0 0 off
 424   Te   35.687002077457642    0.758453105026139    8.550148495944530  8.0 8.0 0.0 0.0 0.0 0.0 0 off
 425   Te   38.841267410446605    2.438263852651786    8.516806981481087  8.0 8.0 0.0 0.0 0.0 0.0 0 off
 426   Te   41.996193845769618    4.077071664978432    8.474845413802269  8.0 8.0 0.0 0.0 0.0 0.0 0 off
 427   Te   45.147276871988701    5.678199651518062    8.438275243047324  8.0 8.0 0.0 0.0 0.0 0.0 0 off
 428   Te   -3.640715900476034    7.255997525506049    8.426355277926390  8.0 8.0 0.0 0.0 0.0 0.0 0 off
 429   Te   41.800177999504875    0.569863902846700    8.464624073846947  8.0 8.0 0.0 0.0 0.0 0.0 0 off
 430   Te   44.952552163779295    2.176034644605290    8.408107166097578  8.0 8.0 0.0 0.0 0.0 0.0 0 off
 431   Te   48.099786644254898    3.752647401918447    8.373413598348574  8.0 8.0 0.0 0.0 0.0 0.0 0 off
 432   Te   47.888695007643221    0.249512149169223    8.354650202880649  8.0 8.0 0.0 0.0 0.0 0.0 0 off
 433   Te   -0.902807155006753    1.814388921671419    8.333151828238893  8.0 8.0 0.0 0.0 0.0 0.0 0 off
 434   Te  -23.947431613657415   44.850405158276843    8.336307259009574  8.0 8.0 0.0 0.0 0.0 0.0 0 off
 435   Te  -20.800131081561933   43.532104168391086   12.280570371092974  8.0 8.0 0.0 0.0 0.0 0.0 0 off
 436   Te  -20.591642460571745   40.017989706671607   12.245763867847915  8.0 8.0 0.0 0.0 0.0 0.0 0 off
 437   Te  -17.656219376903540   41.938346736663746   12.216237573407572  8.0 8.0 0.0 0.0 0.0 0.0 0 off
 438   Te  -14.710024957111836   43.830018502465769   12.168972956850983  8.0 8.0 0.0 0.0 0.0 0.0 0 off
 439   Te  -17.466960959891001   38.407960424878119   12.179110228134601  8.0 8.0 0.0 0.0 0.0 0.0 0 off
 440   Te  -14.520145476906789   40.305860139005027   12.149642705289617  8.0 8.0 0.0 0.0 0.0 0.0 0 off
 441   Te  -11.563353547579943   42.167025680411214   12.120125724204611  8.0 8.0 0.0 0.0 0.0 0.0 0 off
 442   Te   -8.602148433465885   43.995658761338106   12.097012060022152  8.0 8.0 0.0 0.0 0.0 0.0 0 off
 443   Te  -17.308840240894916   34.856118130332142   12.137137839502119  8.0 8.0 0.0 0.0 0.0 0.0 0 off
 444   Te  -14.358033933142515   36.761424692026559   12.120259413976937  8.0 8.0 0.0 0.0 0.0 0.0 0 off
 445   Te  -11.397271796172999   38.632763677110667   12.099248292503413  8.0 8.0 0.0 0.0 0.0 0.0 0 off
 446   Te   -8.428566236724453   40.469361566142524   12.086575393745852  8.0 8.0 0.0 0.0 0.0 0.0 0 off
 447   Te   -5.461494246589777   42.279455827363421   12.082564478984079  8.0 8.0 0.0 0.0 0.0 0.0 0 off
 448   Te   -2.497737668413864   44.072859550033719   12.079683430593851  8.0 8.0 0.0 0.0 0.0 0.0 0 off
 449   Te  -14.231376663503070   33.196714289829174   12.098245442501765  8.0 8.0 0.0 0.0 0.0 0.0 0 off
 450   Te  -11.266230749805977   35.080457236843060   12.079775922139156  8.0 8.0 0.0 0.0 0.0 0.0 0 off
 451   Te   -8.288911305997843   36.929773027387540   12.067207241243679  8.0 8.0 0.0 0.0 0.0 0.0 0 off
 452   Te   -5.308302700792678   38.749410007153841   12.065623109150780  8.0 8.0 0.0 0.0 0.0 0.0 0 off
 453   Te   -2.331812623290634   40.549168207204936   12.071006388811607  8.0 8.0 0.0 0.0 0.0 0.0 0 off
 454   Te    0.639167224418877   42.339247163507430   12.075941595807436  8.0 8.0 0.0 0.0 0.0 0.0 0 off
 455   Te    3.607366547297109   44.128667571811242   12.078915839134154  8.0 8.0 0.0 0.0 0.0 0.0 0 off
 456   Te  -14.133589462867326   29.618809828840380   12.085505504370810  8.0 8.0 0.0 0.0 0.0 0.0 0 off
 457   Te  -11.167465529014571   31.514238762329580   12.070892401538975  8.0 8.0 0.0 0.0 0.0 0.0 0 off
 458   Te   -8.186009318073575   33.377951766047389   12.054379829514017  8.0 8.0 0.0 0.0 0.0 0.0 0 off
 459   Te   -5.193718435380254   35.209969252197055   12.048699649270949  8.0 8.0 0.0 0.0 0.0 0.0 0 off
 460   Te   -2.200176142285738   37.018091060357172   12.052262848206581  8.0 8.0 0.0 0.0 0.0 0.0 0 off
 461   Te    0.789843022489599   38.815096410387603   12.059711936403597  8.0 8.0 0.0 0.0 0.0 0.0 0 off
 462   Te    3.774012302529621   40.609400939948223   12.071129415550788  8.0 8.0 0.0 0.0 0.0 0.0 0 off
 463   Te    6.750649844139534   42.406168384055348   12.085542947292179  8.0 8.0 0.0 0.0 0.0 0.0 0 off
 464   Te    9.719720616423368   44.216166793585025   12.104775954773391  8.0 8.0 0.0 0.0 0.0 0.0 0 off
 465   Te  -11.089225213318246   27.939304821089539   12.071090629327079  8.0 8.0 0.0 0.0 0.0 0.0 0 off
 466   Te   -8.107881125233945   29.817027690477328   12.053260151604400  8.0 8.0 0.0 0.0 0.0 0.0 0 off
 467   Te   -5.110070808343463   31.663030679160176   12.041374707938470  8.0 8.0 0.0 0.0 0.0 0.0 0 off
 468   Te   -2.103957394790234   33.482808155849078   12.039388711705490  8.0 8.0 0.0 0.0 0.0 0.0 0 off
 469   Te    0.903430392253427   35.288335459844696   12.043839615415262  8.0 8.0 0.0 0.0 0.0 0.0 0 off
 470   Te    3.909499660596977   37.088618328593398   12.053272455552095  8.0 8.0 0.0 0.0 0.0 0.0 0 off
 471   Te    6.909109935487011   38.889698529457831   12.070893856479124  8.0 8.0 0.0 0.0 0.0 0.0 0 off
 472   Te    9.898118629317592   40.701895790018995   12.098238808899078  8.0 8.0 0.0 0.0 0.0 0.0 0 off
 473   Te   12.873936383975295   42.537352600408106   12.137107224437583  8.0 8.0 0.0 0.0 0.0 0.0 0 off
 474   Te   15.833318245786769   44.405598898422546   12.189617057338229  8.0 8.0 0.0 0.0 0.0 0.0 0 off
 475   Te  -11.019894074102627   24.359528007713941   12.075854137515977  8.0 8.0 0.0 0.0 0.0 0.0 0 off
 476   Te   -8.043224700800952   26.252086134421450   12.059662412814349  8.0 8.0 0.0 0.0 0.0 0.0 0 off
 477   Te   -5.045773148595095   28.113826108938813   12.043810722153030  8.0 8.0 0.0 0.0 0.0 0.0 0 off
 478   Te   -2.033740237362577   29.947769043615068   12.036573152847108  8.0 8.0 0.0 0.0 0.0 0.0 0 off
 479   Te    0.985651206529507   31.762875586311267   12.036577768823106  8.0 8.0 0.0 0.0 0.0 0.0 0 off
 480   Te    4.009284491618248   33.569436715795952   12.041355892049198  8.0 8.0 0.0 0.0 0.0 0.0 0 off
 481   Te    7.032439971102897   35.375819281677821   12.054340875145865  8.0 8.0 0.0 0.0 0.0 0.0 0 off
 482   Te   10.046915785466279   37.192161017988546   12.079718668065174  8.0 8.0 0.0 0.0 0.0 0.0 0 off
 483   Te   13.048587108942424   39.029242682403080   12.120210563343628  8.0 8.0 0.0 0.0 0.0 0.0 0 off
 484   Te   16.028945398093480   40.898367787188882   12.179042278421049  8.0 8.0 0.0 0.0 0.0 0.0 0 off
 485   Te   18.985514605085651   42.799507562490930   12.245466337851102  8.0 8.0 0.0 0.0 0.0 0.0 0 off
 486   Te   21.922031611673390   44.725827710327472   12.299171058731750  8.0 8.0 0.0 0.0 0.0 0.0 0 off
 487   Te   -7.984137069205719   22.681633448062207   12.070927808655698  8.0 8.0 0.0 0.0 0.0 0.0 0 off
 488   Te   -4.991951911519029   24.561151879446935   12.052192425778257  8.0 8.0 0.0 0.0 0.0 0.0 0 off
 489   Te   -1.978423868931888   26.412126583836255   12.039344761017224  8.0 8.0 0.0 0.0 0.0 0.0 0 off
 490   Te    1.047930697566092   28.240474052887116   12.036538896162256  8.0 8.0 0.0 0.0 0.0 0.0 0 off
 491   Te    4.082206821376905   30.056183095176213   12.039365555204904  8.0 8.0 0.0 0.0 0.0 0.0 0 off
 492   Te    7.122845901548122   31.868391350262868   12.048646519595541  8.0 8.0 0.0 0.0 0.0 0.0 0 off
 493   Te   10.159843025558972   33.689030875075929   12.067124957761726  8.0 8.0 0.0 0.0 0.0 0.0 0 off
 494   Te   13.188833948532752   35.529456532310334   12.099160116665159  8.0 8.0 0.0 0.0 0.0 0.0 0 off
 495   Te   16.199179808854939   37.397396558339658   12.149524884116909  8.0 8.0 0.0 0.0 0.0 0.0 0 off
 496   Te   19.180830947691469   39.297136339418387   12.215922199240897  8.0 8.0 0.0 0.0 0.0 0.0 0 off
 497   Te   22.133114437977891   41.222996994440116   12.279915017011508  8.0 8.0 0.0 0.0 0.0 0.0 0 off
 498   Te   25.064910519344629   43.161092530157433   12.319519966518616  8.0 8.0 0.0 0.0 0.0 0.0 0 off
 499   Te   -7.917794672192554   19.106102734541420   12.082385094079935  8.0 8.0 0.0 0.0 0.0 0.0 0 off
 500   Te   -4.937271540989371   21.003789914824949   12.065506183008068  8.0 8.0 0.0 0.0 0.0 0.0 0 off
 501   Te   -1.929305660953189   22.872721409644026   12.048624365231264  8.0 8.0 0.0 0.0 0.0 0.0 0 off
 502   Te    1.100605618550394   24.718645146555840   12.041292888293416  8.0 8.0 0.0 0.0 0.0 0.0 0 off
 503   Te    4.142139908500828   26.548942397782234   12.043779038225427  8.0 8.0 0.0 0.0 0.0 0.0 0 off
 504   Te    7.191933843666833   28.371861113805622   12.052183283876341  8.0 8.0 0.0 0.0 0.0 0.0 0 off
 505   Te   10.245386622155902   30.197907643816748   12.065526554437966  8.0 8.0 0.0 0.0 0.0 0.0 0 off
 506   Te   13.295057705388146   32.040169779912745   12.086473475403018  8.0 8.0 0.0 0.0 0.0 0.0 0 off
 507   Te   16.332639020585130   33.906149467742921   12.120000689878310  8.0 8.0 0.0 0.0 0.0 0.0 0 off
 508   Te   19.346176947950596   35.799756504370976   12.168800147388213  8.0 8.0 0.0 0.0 0.0 0.0 0 off
 509   Te   22.326285097191363   37.719382315694943   12.228436890666520  8.0 8.0 0.0 0.0 0.0 0.0 0 off
 510   Te   25.274923435482670   39.656139722911604   12.278245597010143  8.0 8.0 0.0 0.0 0.0 0.0 0 off
 511   Te  -23.728010252915858   41.597829925071942   12.299505104226963  8.0 8.0 0.0 0.0 0.0 0.0 0 off
 512   Te   -4.866667234652393   17.441581748623271   12.086423848603696  8.0 8.0 0.0 0.0 0.0 0.0 0 off
 513   Te   -1.871075262585654   19.332300813430169   12.067083381844201  8.0 8.0 0.0 0.0 0.0 0.0 0 off
 514   Te    1.153405763303025   21.197329351731206   12.054276660814677  8.0 8.0 0.0 0.0 0.0 0.0 0 off
 515   Te    4.198216624820724   23.045450656861401   12.053182681862866  8.0 8.0 0.0 0.0 0.0 0.0 0 off
 516   Te    7.253196717782541   24.883919201041461   12.059602393812908  8.0 8.0 0.0 0.0 0.0 0.0 0 off
 517   Te   10.315774521829667   26.720337092128268   12.070875631866675  8.0 8.0 0.0 0.0 0.0 0.0 0 off
 518   Te   13.379090335827815   28.565562100821204   12.082394438307208  8.0 8.0 0.0 0.0 0.0 0.0 0 off
 519   Te   16.435717353254564   30.427367002631431   12.096857547044847  8.0 8.0 0.0 0.0 0.0 0.0 0 off
 520   Te   19.476152019136602   32.310723005586624   12.122841037146189  8.0 8.0 0.0 0.0 0.0 0.0 0 off
 521   Te   22.487147536125264   34.217664350434987   12.163151421514975  8.0 8.0 0.0 0.0 0.0 0.0 0 off
 522   Te   25.462883966074280   36.144659396455957   12.209366029992490  8.0 8.0 0.0 0.0 0.0 0.0 0 off
 523   Te   28.409197238963852   38.082050924264827   12.243576416549086  8.0 8.0 0.0 0.0 0.0 0.0 0 off
 524   Te   -4.769484241317077   13.877951840962051   12.119927647679942  8.0 8.0 0.0 0.0 0.0 0.0 0 off
 525   Te   -1.791753638322744   15.788903220313063   12.099078438781371  8.0 8.0 0.0 0.0 0.0 0.0 0 off
 526   Te    1.219147776760128   17.678553304924616   12.079617221565037  8.0 8.0 0.0 0.0 0.0 0.0 0 off
 527   Te    4.258178884508701   19.547180154878681   12.070783327789341  8.0 8.0 0.0 0.0 0.0 0.0 0 off
 528   Te    7.315023117277781   21.402397941428394   12.070996002700248  8.0 8.0 0.0 0.0 0.0 0.0 0 off
 529   Te   10.380538575999523   23.252336624614163   12.075796872475479  8.0 8.0 0.0 0.0 0.0 0.0 0 off
 530   Te   13.450342917566715   25.102165309309100   12.079502909497835  8.0 8.0 0.0 0.0 0.0 0.0 0 off
 531   Te   16.517299126076441   26.957873393919598   12.080654377831603  8.0 8.0 0.0 0.0 0.0 0.0 0 off
 532   Te   19.573918660799425   28.827538553051635   12.085922071417613  8.0 8.0 0.0 0.0 0.0 0.0 0 off
 533   Te   22.609834323573899   30.716140382197029   12.103720230659443  8.0 8.0 0.0 0.0 0.0 0.0 0 off
 534   Te   25.613806865120015   32.624536194891157   12.135640632613569  8.0 8.0 0.0 0.0 0.0 0.0 0 off
 535   Te   28.581619647628720   34.551575377040969   12.171334228997049  8.0 8.0 0.0 0.0 0.0 0.0 0 off
 536   Te  -20.406503368303806   36.484927946251020   12.189668977586399  8.0 8.0 0.0 0.0 0.0 0.0 0 off
 537   Te   -1.679232622422748   12.247901423818634   12.149415706820102  8.0 8.0 0.0 0.0 0.0 0.0 0 off
 538   Te    1.309278463305963   14.160476998720281   12.120074037358952  8.0 8.0 0.0 0.0 0.0 0.0 0 off
 539   Te    4.333068930493203   16.052522819453550   12.098092869612268  8.0 8.0 0.0 0.0 0.0 0.0 0 off
 540   Te    7.382748849100322   17.926168392776432   12.085380563456733  8.0 8.0 0.0 0.0 0.0 0.0 0 off
 541   Te   10.446108981476923   19.787087885912879   12.078723071460873  8.0 8.0 0.0 0.0 0.0 0.0 0 off
 542   Te   13.515305530265755   21.642276113712416   12.073665086029701  8.0 8.0 0.0 0.0 0.0 0.0 0 off
 543   Te   16.586461117523566   23.492306188132858   12.067085538713199  8.0 8.0 0.0 0.0 0.0 0.0 0 off
 544   Te   19.651536824516924   25.347516866665291   12.060074987429076  8.0 8.0 0.0 0.0 0.0 0.0 0 off
 545   Te   22.699782183447113   27.214092088060326   12.061154788880877  8.0 8.0 0.0 0.0 0.0 0.0 0 off
 546   Te   25.724615962155120   29.098962916333313   12.077297238119939  8.0 8.0 0.0 0.0 0.0 0.0 0 off
 547   Te   28.716904857146279   31.006513063814744   12.106969261920181  8.0 8.0 0.0 0.0 0.0 0.0 0 off
 548   Te   31.677347729527014   32.931580027375489   12.133081870003094  8.0 8.0 0.0 0.0 0.0 0.0 0 off
 549   Te   -1.524826348653606    8.715846673311331   12.215773595486962  8.0 8.0 0.0 0.0 0.0 0.0 0 off
 550   Te    1.437797937035651   10.644844712998731   12.178895129479677  8.0 8.0 0.0 0.0 0.0 0.0 0 off
 551   Te    4.434706135694459   12.557650548290246   12.136927892951681  8.0 8.0 0.0 0.0 0.0 0.0 0 off
 552   Te    7.465715087296916   14.449881502765596   12.104594948715816  8.0 8.0 0.0 0.0 0.0 0.0 0 off
 553   Te   10.518919573895861   16.321262527212845   12.082994528861626  8.0 8.0 0.0 0.0 0.0 0.0 0 off
 554   Te   13.582953966372665   18.178528058603295   12.066912161878212  8.0 8.0 0.0 0.0 0.0 0.0 0 off
 555   Te   16.649003197477118   20.024056088173747   12.053149445526079  8.0 8.0 0.0 0.0 0.0 0.0 0 off
 556   Te   19.714055547362427   21.865675191821314   12.041278349902324  8.0 8.0 0.0 0.0 0.0 0.0 0 off
 557   Te   22.769367188564225   23.711191158548477   12.035467664039638  8.0 8.0 0.0 0.0 0.0 0.0 0 off
 558   Te   25.803985593195794   25.571749726453223   12.041644475225125  8.0 8.0 0.0 0.0 0.0 0.0 0 off
 559   Te   28.813264951712565   27.454184515940607   12.062534405497734  8.0 8.0 0.0 0.0 0.0 0.0 0 off
 560   Te   31.791160063442149   29.363971352797240   12.090654708978281  8.0 8.0 0.0 0.0 0.0 0.0 0 off
 561   Te  -17.185622040781549   31.285081779672190   12.104778042418614  8.0 8.0 0.0 0.0 0.0 0.0 0 off
 562   Te    1.605961706145707    7.133800591474409   12.245317057481296  8.0 8.0 0.0 0.0 0.0 0.0 0 off
 563   Te    4.572981941710972    9.060613824361933   12.189418251360198  8.0 8.0 0.0 0.0 0.0 0.0 0 off
 564   Te    7.574888791767768   10.967770350469268   12.133011520731023  8.0 8.0 0.0 0.0 0.0 0.0 0 off
 565   Te   10.607615078129690   12.850183374245965   12.090622717060244  8.0 8.0 0.0 0.0 0.0 0.0 0 off
 566   Te   13.658806166704634   14.709091621283878   12.060986220302178  8.0 8.0 0.0 0.0 0.0 0.0 0 off
 567   Te   16.714583958030836   16.549343075846988   12.042058994304536  8.0 8.0 0.0 0.0 0.0 0.0 0 off
 568   Te   19.772050467957744   18.378294550231374   12.028403571252646  8.0 8.0 0.0 0.0 0.0 0.0 0 off
 569   Te   22.824563488586694   20.206439618125732   12.020751630117669  8.0 8.0 0.0 0.0 0.0 0.0 0 off
 570   Te   25.864552119020999   22.044609781945574   12.022623670122018  8.0 8.0 0.0 0.0 0.0 0.0 0 off
 571   Te   28.883248412782862   23.904162261086697   12.036957863102336  8.0 8.0 0.0 0.0 0.0 0.0 0 off
 572   Te   31.875458839440583   25.792095711114772   12.061013670267425  8.0 8.0 0.0 0.0 0.0 0.0 0 off
 573   Te   34.841573699457832   27.705201091085879   12.082972139606969  8.0 8.0 0.0 0.0 0.0 0.0 0 off
 574   Te    1.805980904653336    3.627525881310262   12.299073335257324  8.0 8.0 0.0 0.0 0.0 0.0 0 off
 575   Te    4.748509523055820    5.562137879761410   12.243537990591767  8.0 8.0 0.0 0.0 0.0 0.0 0 off
 576   Te    7.719778941343757    7.476770770111070   12.171237325610178  8.0 8.0 0.0 0.0 0.0 0.0 0 off
 577   Te   10.722258046857904    9.366496981172276   12.106883416398786  8.0 8.0 0.0 0.0 0.0 0.0 0 off
 578   Te   13.750473055414929   11.226100149581775   12.062470301349313  8.0 8.0 0.0 0.0 0.0 0.0 0 off
 579   Te   16.789904859049884   13.061694809041031   12.036927482788812  8.0 8.0 0.0 0.0 0.0 0.0 0 off
 580   Te   19.833104573549150   14.882627252695711   12.021452153234678  8.0 8.0 0.0 0.0 0.0 0.0 0 off
 581   Te   22.877237315235664   16.697084858992795   12.013727253621139  8.0 8.0 0.0 0.0 0.0 0.0 0 off
 582   Te   25.914342179393401   18.518837108367748   12.012737177005619  8.0 8.0 0.0 0.0 0.0 0.0 0 off
 583   Te   28.938598833490904   20.358222621438049   12.021468302016840  8.0 8.0 0.0 0.0 0.0 0.0 0 off
 584   Te   31.941266610841677   22.225571543585406   12.042052080509373  8.0 8.0 0.0 0.0 0.0 0.0 0 off
 585   Te   34.918001214181118   24.123060380224203   12.066886560329245  8.0 8.0 0.0 0.0 0.0 0.0 0 off
 586   Te  -14.053656415081738   26.035403185513516   12.078837642343402  8.0 8.0 0.0 0.0 0.0 0.0 0 off
 587   Te    4.952461511898528    2.060773588258503   12.278536490600937  8.0 8.0 0.0 0.0 0.0 0.0 0 off
 588   Te    7.899454628400887    3.979310245859791   12.209320093466813  8.0 8.0 0.0 0.0 0.0 0.0 0 off
 589   Te   10.872536854112418    5.870087811564540   12.135522118150702  8.0 8.0 0.0 0.0 0.0 0.0 0 off
 590   Te   13.870380370735612    7.728865037557509   12.077182394341015  8.0 8.0 0.0 0.0 0.0 0.0 0 off
 591   Te   16.885363945513003    9.561209680985280   12.041565214298938  8.0 8.0 0.0 0.0 0.0 0.0 0 off
 592   Te   19.909656353262079   11.377220838030066   12.022562405658402  8.0 8.0 0.0 0.0 0.0 0.0 0 off
 593   Te   22.938159490517023   13.183232698106746   12.012701853713223  8.0 8.0 0.0 0.0 0.0 0.0 0 off
 594   Te   25.966517061872381   14.991893139385605   12.009315273634774  8.0 8.0 0.0 0.0 0.0 0.0 0 off
 595   Te   28.987898411162455   16.814678517549801   12.013710940827570  8.0 8.0 0.0 0.0 0.0 0.0 0 off
 596   Te   31.996453654521012   18.663251394697081   12.028367874513169  8.0 8.0 0.0 0.0 0.0 0.0 0 off
 597   Te   34.983248672844205   20.545023777672160   12.053105408054373  8.0 8.0 0.0 0.0 0.0 0.0 0 off
 598   Te   37.951509101218235   22.449777050185453   12.073591108922711  8.0 8.0 0.0 0.0 0.0 0.0 0 off
 599   Te    8.104002438922807    0.475717394570723   12.228626081620821  8.0 8.0 0.0 0.0 0.0 0.0 0 off
 600   Te   11.056173692233465    2.365784692533949   12.163026034534974  8.0 8.0 0.0 0.0 0.0 0.0 0 off
 601   Te   14.027265597443661    4.222786548894759   12.103556272796483  8.0 8.0 0.0 0.0 0.0 0.0 0 off
 602   Te   17.015164659925983    6.051707564628813   12.061050929792207  8.0 8.0 0.0 0.0 0.0 0.0 0 off
 603   Te   20.013956036455262    7.863440485008676   12.035381759442316  8.0 8.0 0.0 0.0 0.0 0.0 0 off
 604   Te   23.021595825803374    9.663603338631697   12.020686223124281  8.0 8.0 0.0 0.0 0.0 0.0 0 off
 605   Te   26.034421146225487   11.463876090606957   12.013687626035891  8.0 8.0 0.0 0.0 0.0 0.0 0 off
 606   Te   29.047021337663846   13.273585255518581   12.012688435628871  8.0 8.0 0.0 0.0 0.0 0.0 0 off
 607   Te   32.053431643071356   15.105626793088515   12.020703808445349  8.0 8.0 0.0 0.0 0.0 0.0 0 off
 608   Te   35.045610305776890   16.969811220373483   12.041205115814718  8.0 8.0 0.0 0.0 0.0 0.0 0 off
 609   Te   38.018138667889971   18.865064159798965   12.066975803215851  8.0 8.0 0.0 0.0 0.0 0.0 0 off
 610   Te  -10.952789368513750   20.776102204734524   12.079557561684076  8.0 8.0 0.0 0.0 0.0 0.0 0 off
 611   Te   14.213150447619611    0.711653095280351   12.122646593163049  8.0 8.0 0.0 0.0 0.0 0.0 0 off
 612   Te   17.180798158205846    2.537914025830346   12.085741969242198  8.0 8.0 0.0 0.0 0.0 0.0 0 off
 613   Te   20.155788412820421    4.345183046206063   12.059954146202513  8.0 8.0 0.0 0.0 0.0 0.0 0 off
 614   Te   23.139903628378473    6.140188347914743   12.041178014431146  8.0 8.0 0.0 0.0 0.0 0.0 0 off
 615   Te   26.131028297107303    7.934111456557676   12.028317112123473  8.0 8.0 0.0 0.0 0.0 0.0 0 off
 616   Te   29.127846600821872    9.734824145915033   12.021393140151950  8.0 8.0 0.0 0.0 0.0 0.0 0 off
 617   Te   32.125338770900512   11.553819467900725   12.022532970270625  8.0 8.0 0.0 0.0 0.0 0.0 0 off
 618   Te   35.116217767618679   13.401050734538600   12.035361957842010  8.0 8.0 0.0 0.0 0.0 0.0 0 off
 619   Te   38.092246197994413   15.283025166093344   12.059933219607888  8.0 8.0 0.0 0.0 0.0 0.0 0 off
 620   Te   41.053975960862054   17.192179579431141   12.080515478252035  8.0 8.0 0.0 0.0 0.0 0.0 0 off
 621   Te   20.328286147031537    0.825620423731847   12.080471207580496  8.0 8.0 0.0 0.0 0.0 0.0 0 off
 622   Te   23.294950011833166    2.618319823154911   12.066950267550258  8.0 8.0 0.0 0.0 0.0 0.0 0 off
 623   Te   26.267300680098131    4.406591895132474   12.053028543599197  8.0 8.0 0.0 0.0 0.0 0.0 0 off
 624   Te   29.243690634780691    6.200729926940170   12.041970172083055  8.0 8.0 0.0 0.0 0.0 0.0 0 off
 625   Te   32.226405216915332    8.009804130055599   12.036857346477898  8.0 8.0 0.0 0.0 0.0 0.0 0 off
 626   Te   35.210209982109980    9.842727941394307   12.041513369553304  8.0 8.0 0.0 0.0 0.0 0.0 0 off
 627   Te   38.184630868287158   11.709867080878091   12.061002200186893  8.0 8.0 0.0 0.0 0.0 0.0 0 off
 628   Te   41.144832744569690   13.610229146136660   12.085749388347780  8.0 8.0 0.0 0.0 0.0 0.0 0 off
 629   Te   -7.833739400473326   15.528098355415727   12.096830382732481  8.0 8.0 0.0 0.0 0.0 0.0 0 off
 630   Te   26.432738937659593    0.883622254109140   12.073498486711902  8.0 8.0 0.0 0.0 0.0 0.0 0 off
 631   Te   29.398601166987103    2.674087013539747   12.066797638140359  8.0 8.0 0.0 0.0 0.0 0.0 0 off
 632   Te   32.365280113042722    4.474486839316411   12.060887727004085  8.0 8.0 0.0 0.0 0.0 0.0 0 off
 633   Te   35.335797751645330    6.295384568556553   12.062377885141913  8.0 8.0 0.0 0.0 0.0 0.0 0 off
 634   Te   38.304542201316920    8.147841672447500   12.077122653434042  8.0 8.0 0.0 0.0 0.0 0.0 0 off
 635   Te   41.262472416502327   10.036761501974583   12.103508674440725  8.0 8.0 0.0 0.0 0.0 0.0 0 off
 636   Te   44.210265475890417   11.953292798306391   12.122636447580746  8.0 8.0 0.0 0.0 0.0 0.0 0 off
 637   Te   32.539010951473195    0.949209044494213   12.082842586023771  8.0 8.0 0.0 0.0 0.0 0.0 0 off
 638   Te   35.500765704700569    2.761586839467862   12.090471984357949  8.0 8.0 0.0 0.0 0.0 0.0 0 off
 639   Te   38.460382580571022    4.602679728794311   12.106764708100670  8.0 8.0 0.0 0.0 0.0 0.0 0 off
 640   Te   41.413175822592542    6.481019731397879   12.135432435246845  8.0 8.0 0.0 0.0 0.0 0.0 0 off
 641   Te   44.356202436915325    8.392207350173546   12.162911805103361  8.0 8.0 0.0 0.0 0.0 0.0 0 off
 642   Te   -4.636328680792507   10.321371850826033   12.168718371642521  8.0 8.0 0.0 0.0 0.0 0.0 0 off
 643   Te   38.647310909370006    1.076326880185561   12.132861504990409  8.0 8.0 0.0 0.0 0.0 0.0 0 off
 644   Te   41.598135956180464    2.947288095781664   12.171093182179415  8.0 8.0 0.0 0.0 0.0 0.0 0 off
 645   Te   44.537158478918442    4.851661722586018   12.209119962667254  8.0 8.0 0.0 0.0 0.0 0.0 0 off
 646   Te   47.469220191444101    6.780682099473636   12.228163669957732  8.0 8.0 0.0 0.0 0.0 0.0 0 off
 647   Te   44.741830029211584    1.331420843937549   12.243294039134135  8.0 8.0 0.0 0.0 0.0 0.0 0 off
 648   Te   47.672203315710178    3.258752630958302   12.277941934183406  8.0 8.0 0.0 0.0 0.0 0.0 0 off
 649   Te   -1.333118753875556    5.196159729307769   12.279766112604607  8.0 8.0 0.0 0.0 0.0 0.0 0 off
 650   Te   50.812650694107241    1.688172496540384   12.319222065968075  8.0 8.0 0.0 0.0 0.0 0.0 0 off
 651   Te    2.022266049251306    0.126443117491089   12.319701191730381  8.0 8.0 0.0 0.0 0.0 0.0 0 off
 652   Te  -20.753213294922613   43.509377841441712   15.898780051915219  8.0 8.0 0.0 0.0 0.0 0.0 0 off
 653   Te  -20.554808762232593   39.964259294048368   15.865402285972060  8.0 8.0 0.0 0.0 0.0 0.0 0 off
 654   Te  -17.604042741466806   41.900995553164208   15.835796652900141  8.0 8.0 0.0 0.0 0.0 0.0 0 off
 655   Te  -14.660340096447790   43.809773842066086   15.790976607312009  8.0 8.0 0.0 0.0 0.0 0.0 0 off
 656   Te  -17.427725630581637   38.353494770324652   15.800097856359098  8.0 8.0 0.0 0.0 0.0 0.0 0 off
 657   Te  -14.479621219061960   40.264906203274357   15.772068181211667  8.0 8.0 0.0 0.0 0.0 0.0 0 off
 658   Te  -11.534081993588785   42.142021140077034   15.741203579866545  8.0 8.0 0.0 0.0 0.0 0.0 0 off
 659   Te   -8.586453647423747   43.986644090189607   15.716676327765548  8.0 8.0 0.0 0.0 0.0 0.0 0 off
 660   Te  -17.285190357062209   34.803329972442157   15.759218557134790  8.0 8.0 0.0 0.0 0.0 0.0 0 off
 661   Te  -14.326742319948623   36.717261953111404   15.743183261404592  8.0 8.0 0.0 0.0 0.0 0.0 0 off
 662   Te  -11.372967812287431   38.598143566239663   15.721415380787743  8.0 8.0 0.0 0.0 0.0 0.0 0 off
 663   Te   -8.417855082163134   40.444462878956926   15.707415443075716  8.0 8.0 0.0 0.0 0.0 0.0 0 off
 664   Te   -5.460423573016149   42.266698547344333   15.701398696591751  8.0 8.0 0.0 0.0 0.0 0.0 0 off
 665   Te   -2.499333468219119   44.072541976729845   15.698689230965776  8.0 8.0 0.0 0.0 0.0 0.0 0 off
 666   Te  -14.209415605107852   33.161868214013083   15.719049711280173  8.0 8.0 0.0 0.0 0.0 0.0 0 off
 667   Te  -11.244470563714266   35.051033512041315   15.702163751964676  8.0 8.0 0.0 0.0 0.0 0.0 0 off
 668   Te   -8.278559759749221   36.904203600045768   15.688479255284255  8.0 8.0 0.0 0.0 0.0 0.0 0 off
 669   Te   -5.308039825787200   38.727676568399950   15.686374353590404  8.0 8.0 0.0 0.0 0.0 0.0 0 off
 670   Te   -2.337002234114701   40.533165726674909   15.689912753240762  8.0 8.0 0.0 0.0 0.0 0.0 0 off
 671   Te    0.631106881882532   42.332932276518676   15.694402033466838  8.0 8.0 0.0 0.0 0.0 0.0 0 off
 672   Te    3.594927046527244   44.133862504562963   15.698137832804354  8.0 8.0 0.0 0.0 0.0 0.0 0 off
 673   Te  -14.121936560588193   29.596325457113878   15.704809449475139  8.0 8.0 0.0 0.0 0.0 0.0 0 off
 674   Te  -11.147590318974855   31.495134075403097   15.691571040883488  8.0 8.0 0.0 0.0 0.0 0.0 0 off
 675   Te   -8.172361005607780   33.360435412867687   15.675356953757674  8.0 8.0 0.0 0.0 0.0 0.0 0 off
 676   Te   -5.190914219493660   35.191523987975692   15.669114571231074  8.0 8.0 0.0 0.0 0.0 0.0 0 off
 677   Te   -2.204246686255657   37.000224560023199   15.672327142452609  8.0 8.0 0.0 0.0 0.0 0.0 0 off
 678   Te    0.780636240373308   38.800702766532808   15.680272624519608  8.0 8.0 0.0 0.0 0.0 0.0 0 off
 679   Te    3.757342336978124   40.600848229802274   15.690256338872826  8.0 8.0 0.0 0.0 0.0 0.0 0 off
 680   Te    6.725404887653453   42.407313694806447   15.704847502265237  8.0 8.0 0.0 0.0 0.0 0.0 0 off
 681   Te    9.682255288271058   44.229480264735365   15.726210321701993  8.0 8.0 0.0 0.0 0.0 0.0 0 off
 682   Te  -11.073472921604768   27.929114934681447   15.690218865005338  8.0 8.0 0.0 0.0 0.0 0.0 0 off
 683   Te   -8.092105077764495   29.809199580634477   15.673639869757803  8.0 8.0 0.0 0.0 0.0 0.0 0 off
 684   Te   -5.103061174274476   31.654747437509709   15.661712538176868  8.0 8.0 0.0 0.0 0.0 0.0 0 off
 685   Te   -2.104894191059812   33.473331667893603   15.660210241758332  8.0 8.0 0.0 0.0 0.0 0.0 0 off
 686   Te    0.897260422199062   35.278194199804574   15.664646719750200  8.0 8.0 0.0 0.0 0.0 0.0 0 off
 687   Te    3.894862602593355   37.078858964807253   15.673641871763005  8.0 8.0 0.0 0.0 0.0 0.0 0 off
 688   Te    6.882649593050290   38.882013002460639   15.691579133353173  8.0 8.0 0.0 0.0 0.0 0.0 0 off
 689   Te    9.857006201306703   40.700289873801061   15.719036333022038  8.0 8.0 0.0 0.0 0.0 0.0 0 off
 690   Te   12.816426646773039   42.543263684155399   15.759185971267074  8.0 8.0 0.0 0.0 0.0 0.0 0 off
 691   Te   15.765018446446996   44.420370059966437   15.810635484142594  8.0 8.0 0.0 0.0 0.0 0.0 0 off
 692   Te  -11.010389184409172   24.355677360779278   15.694317875717779  8.0 8.0 0.0 0.0 0.0 0.0 0 off
 693   Te   -8.026154522903820   26.251263475427510   15.680204694132893  8.0 8.0 0.0 0.0 0.0 0.0 0 off
 694   Te   -5.033881026717197   28.113540157274844   15.664607195373760  8.0 8.0 0.0 0.0 0.0 0.0 0 off
 695   Te   -2.030414443037670   29.946253635175157   15.657373767320042  8.0 8.0 0.0 0.0 0.0 0.0 0 off
 696   Te    0.982704383415889   31.760752622569662   15.657376899315812  8.0 8.0 0.0 0.0 0.0 0.0 0 off
 697   Te    3.998636985785756   33.567504775186308   15.661695214083098  8.0 8.0 0.0 0.0 0.0 0.0 0 off
 698   Te    7.010455892373352   35.372736821546148   15.675317500546736  8.0 8.0 0.0 0.0 0.0 0.0 0 off
 699   Te   10.010591287963875   37.187965455174378   15.702114922734227  8.0 8.0 0.0 0.0 0.0 0.0 0 off
 700   Te   12.994705388289544   39.024179867211821   15.743117417863566  8.0 8.0 0.0 0.0 0.0 0.0 0 off
 701   Te   15.962261077820594   40.891619800577473   15.800027360502227  8.0 8.0 0.0 0.0 0.0 0.0 0 off
 702   Te   18.920836213301506   42.794379697625558   15.865197361044455  8.0 8.0 0.0 0.0 0.0 0.0 0 off
 703   Te   21.876783492932550   44.730382192795815   15.917216987032200  8.0 8.0 0.0 0.0 0.0 0.0 0 off
 704   Te   -7.967699549387309   22.685089490066527   15.689824398127657  8.0 8.0 0.0 0.0 0.0 0.0 0 off
 705   Te   -4.974439213617510   24.566548271134298   15.672273649930149  8.0 8.0 0.0 0.0 0.0 0.0 0 off
 706   Te   -1.969722063352871   26.416041182606001   15.660145505696377  8.0 8.0 0.0 0.0 0.0 0.0 0 off
 707   Te    1.047556504844223   28.244067242565560   15.657348403721032  8.0 8.0 0.0 0.0 0.0 0.0 0 off
 708   Te    4.074490266650363   30.061741180158791   15.660190487613562  8.0 8.0 0.0 0.0 0.0 0.0 0 off
 709   Te    7.105492355902403   31.875205884262069   15.669057661044461  8.0 8.0 0.0 0.0 0.0 0.0 0 off
 710   Te   10.132514615000915   33.692851001223886   15.688403210013432  8.0 8.0 0.0 0.0 0.0 0.0 0 off
 711   Te   13.146726662298081   35.525711464363511   15.721317689084776  8.0 8.0 0.0 0.0 0.0 0.0 0 off
 712   Te   16.143561698457269   37.382762452042648   15.771944459782071  8.0 8.0 0.0 0.0 0.0 0.0 0 off
 713   Te   19.122642577012495   39.270566746462137   15.835582123575170  8.0 8.0 0.0 0.0 0.0 0.0 0 off
 714   Te   22.090151841777374   41.193629918241754   15.898276951851489  8.0 8.0 0.0 0.0 0.0 0.0 0 off
 715   Te   25.051842906779008   43.141659703641963   15.938555879367755  8.0 8.0 0.0 0.0 0.0 0.0 0 off
 716   Te   -7.907268998645655   19.113381705025045   15.701260244337155  8.0 8.0 0.0 0.0 0.0 0.0 0 off
 717   Te   -4.918577816229665   21.014839779953604   15.686253725794439  8.0 8.0 0.0 0.0 0.0 0.0 0 off
 718   Te   -1.914741296224764   22.884351554834854   15.669023419311827  8.0 8.0 0.0 0.0 0.0 0.0 0 off
 719   Te    1.104272612378567   24.728820056463583   15.661639585461378  8.0 8.0 0.0 0.0 0.0 0.0 0 off
 720   Te    4.136462026307007   26.559347175599296   15.664591994309026  8.0 8.0 0.0 0.0 0.0 0.0 0 off
 721   Te    7.178524272089035   28.384295647278499   15.672259498503889  8.0 8.0 0.0 0.0 0.0 0.0 0 off
 722   Te   10.226458534523100   30.208539433684120   15.686262248485001  8.0 8.0 0.0 0.0 0.0 0.0 0 off
 723   Te   13.268139865654078   32.043317369138848   15.707290717299850  8.0 8.0 0.0 0.0 0.0 0.0 0 off
 724   Te   16.296393687609452   33.893304132274835   15.741077384998192  8.0 8.0 0.0 0.0 0.0 0.0 0 off
 725   Te   19.303877562840640   35.766898926028830   15.790767356239126  8.0 8.0 0.0 0.0 0.0 0.0 0 off
 726   Te   22.290810183817115   37.671136269489864   15.847927905887707  8.0 8.0 0.0 0.0 0.0 0.0 0 off
 727   Te   25.260994684712635   39.603828313248741   15.896977780759077  8.0 8.0 0.0 0.0 0.0 0.0 0 off
 728   Te  -23.709522635519800   41.556230740681904   15.917485541068709  8.0 8.0 0.0 0.0 0.0 0.0 0 off
 729   Te   -4.850458515844398   17.463284750350994   15.707244067483781  8.0 8.0 0.0 0.0 0.0 0.0 0 off
 730   Te   -1.854131462441368   19.354050912604901   15.688345457160713  8.0 8.0 0.0 0.0 0.0 0.0 0 off
 731   Te    1.161754617371302   21.217882133474436   15.675255508084478  8.0 8.0 0.0 0.0 0.0 0.0 0 off
 732   Te    4.197071458393784   23.063042165779557   15.673563325602972  8.0 8.0 0.0 0.0 0.0 0.0 0 off
 733   Te    7.245369760881123   24.899081883691455   15.680155180761753  8.0 8.0 0.0 0.0 0.0 0.0 0 off
 734   Te   10.304549417858635   26.732795788545559   15.689772440444321  8.0 8.0 0.0 0.0 0.0 0.0 0 off
 735   Te   13.367537816057117   28.570993816026174   15.701248980775881  8.0 8.0 0.0 0.0 0.0 0.0 0 off
 736   Te   16.420044462406917   30.418257937684157   15.716531276970588  8.0 8.0 0.0 0.0 0.0 0.0 0 off
 737   Te   19.453563946986876   32.280079943309403   15.744081312315696  8.0 8.0 0.0 0.0 0.0 0.0 0 off
 738   Te   22.462683020142180   34.165128799647768   15.785019971526967  8.0 8.0 0.0 0.0 0.0 0.0 0 off
 739   Te   25.448364727155518   36.077263601279419   15.830419581216926  8.0 8.0 0.0 0.0 0.0 0.0 0 off
 740   Te   28.418314228982819   38.016420312715418   15.862682715639830  8.0 8.0 0.0 0.0 0.0 0.0 0 off
 741   Te   -4.762459159494796   13.915768977607529   15.741015610251434  8.0 8.0 0.0 0.0 0.0 0.0 0 off
 742   Te   -1.773919474779098   15.827230560806379   15.721230607348856  8.0 8.0 0.0 0.0 0.0 0.0 0 off
 743   Te    1.233713775083967   17.712052869995826   15.702028174819974  8.0 8.0 0.0 0.0 0.0 0.0 0 off
 744   Te    4.264794367358195   19.573956046823685   15.691503780144780  8.0 8.0 0.0 0.0 0.0 0.0 0 off
 745   Te    7.315981056764593   21.421100509447331   15.690125921426423  8.0 8.0 0.0 0.0 0.0 0.0 0 off
 746   Te   10.379119293198910   23.262464771381509   15.694238375820600  8.0 8.0 0.0 0.0 0.0 0.0 0 off
 747   Te   13.450894646090171   25.103698375460301   15.698501866385326  8.0 8.0 0.0 0.0 0.0 0.0 0 off
 748   Te   16.517872609482030   26.949099161510233   15.699996263733043  8.0 8.0 0.0 0.0 0.0 0.0 0 off
 749   Te   19.568507392695896   28.802908514948331   15.707676936103281  8.0 8.0 0.0 0.0 0.0 0.0 0 off
 750   Te   22.597328350235856   30.671033683229254   15.727230661612259  8.0 8.0 0.0 0.0 0.0 0.0 0 off
 751   Te   25.599520557640652   32.562559827542074   15.759532957646746  8.0 8.0 0.0 0.0 0.0 0.0 0 off
 752   Te   28.580307649421073   34.480824696988805   15.793557476060876  8.0 8.0 0.0 0.0 0.0 0.0 0 off
 753   Te  -20.385109622250166   36.418318114796861   15.810696774533003  8.0 8.0 0.0 0.0 0.0 0.0 0 off
 754   Te   -1.664093886070097   12.303406849137019   15.771835679398695  8.0 8.0 0.0 0.0 0.0 0.0 0 off
 755   Te    1.331869925477973   14.209650385970734   15.742995476858949  8.0 8.0 0.0 0.0 0.0 0.0 0 off
 756   Te    4.352264729533712   16.088910934240541   15.718889381022144  8.0 8.0 0.0 0.0 0.0 0.0 0 off
 757   Te    7.396395379770405   17.947465805579085   15.704691277720041  8.0 8.0 0.0 0.0 0.0 0.0 0 off
 758   Te   10.456871858079488   19.795260942525250   15.697949832103612  8.0 8.0 0.0 0.0 0.0 0.0 0 off
 759   Te   13.526832518533965   21.638379831237604   15.692918059554216  8.0 8.0 0.0 0.0 0.0 0.0 0 off
 760   Te   16.597549107919601   23.479467162084376   15.686382051580349  8.0 8.0 0.0 0.0 0.0 0.0 0 off
 761   Te   19.657755327323137   25.326395916022811   15.681649203552281  8.0 8.0 0.0 0.0 0.0 0.0 0 off
 762   Te   22.696349443314730   27.181647115836704   15.685321490403640  8.0 8.0 0.0 0.0 0.0 0.0 0 off
 763   Te   25.711346520630357   29.053369401048034   15.702870938322500  8.0 8.0 0.0 0.0 0.0 0.0 0 off
 764   Te   28.703919023751755   30.950226980651944   15.731499164307882  8.0 8.0 0.0 0.0 0.0 0.0 0 off
 765   Te   31.681127065183230   32.872968735781271   15.755449725412225  8.0 8.0 0.0 0.0 0.0 0.0 0 off
 766   Te   -1.518736557751095    8.779548659196985   15.835474891378395  8.0 8.0 0.0 0.0 0.0 0.0 0 off
 767   Te    1.465317137506258   10.705978188236029   15.799877694382426  8.0 8.0 0.0 0.0 0.0 0.0 0 off
 768   Te    4.468613750950585   12.604498547932192   15.759018129983998  8.0 8.0 0.0 0.0 0.0 0.0 0 off
 769   Te    7.495959032246281   14.475652067920070   15.726053445918822  8.0 8.0 0.0 0.0 0.0 0.0 0 off
 770   Te   10.544463031949380   16.328590648284049   15.703584590981222  8.0 8.0 0.0 0.0 0.0 0.0 0 off
 771   Te   13.603261030587898   18.171732981130280   15.687407942834270  8.0 8.0 0.0 0.0 0.0 0.0 0 off
 772   Te   16.666764082144891   20.009612713466442   15.674487499460138  8.0 8.0 0.0 0.0 0.0 0.0 0 off
 773   Te   19.725822333214328   21.846653458245015   15.663505735992956  8.0 8.0 0.0 0.0 0.0 0.0 0 off
 774   Te   22.769979462005079   23.688611370070728   15.659742896954914  8.0 8.0 0.0 0.0 0.0 0.0 0 off
 775   Te   25.792678414201589   25.543857913859025   15.667070905174150  8.0 8.0 0.0 0.0 0.0 0.0 0 off
 776   Te   28.794768284971290   27.420408851661769   15.687209138015934  8.0 8.0 0.0 0.0 0.0 0.0 0 off
 777   Te   31.779618441430944   29.323089366676861   15.713019228255249  8.0 8.0 0.0 0.0 0.0 0.0 0 off
 778   Te  -17.178394727962658   31.245961295904767   15.726230882390540  8.0 8.0 0.0 0.0 0.0 0.0 0 off
 779   Te    1.633890016667812    7.192394945254754   15.865044514211043  8.0 8.0 0.0 0.0 0.0 0.0 0 off
 780   Te    4.619953554573105    9.112412832172391   15.810449468127928  8.0 8.0 0.0 0.0 0.0 0.0 0 off
 781   Te    7.623756798822480   11.000315318083814   15.755379563265821  8.0 8.0 0.0 0.0 0.0 0.0 0 off
 782   Te   10.648793454582075   12.860580516680550   15.712990408007384  8.0 8.0 0.0 0.0 0.0 0.0 0 off
 783   Te   13.688204862562669   14.703086059105187   15.684107899190357  8.0 8.0 0.0 0.0 0.0 0.0 0 off
 784   Te   16.736193840373119   16.535142383459622   15.665195247854255  8.0 8.0 0.0 0.0 0.0 0.0 0 off
 785   Te   19.785457572351028   18.363046523685870   15.651802911237118  8.0 8.0 0.0 0.0 0.0 0.0 0 off
 786   Te   22.828050081122775   20.191442888257775   15.644609842480763  8.0 8.0 0.0 0.0 0.0 0.0 0 off
 787   Te   25.855795043319091   22.029475898960143   15.647334505688512  8.0 8.0 0.0 0.0 0.0 0.0 0 off
 788   Te   28.864179384747928   23.886630894725347   15.661192193654118  8.0 8.0 0.0 0.0 0.0 0.0 0 off
 789   Te   31.855592973970609   25.769626718400339   15.684126525272889  8.0 8.0 0.0 0.0 0.0 0.0 0 off
 790   Te   34.835179940413077   27.679434549878337   15.703559717318960  8.0 8.0 0.0 0.0 0.0 0.0 0 off
 791   Te    1.832478528740841    3.664489422884441   15.917165326150052  8.0 8.0 0.0 0.0 0.0 0.0 0 off
 792   Te    4.800796434997482    5.602993145707669   15.862587735990662  8.0 8.0 0.0 0.0 0.0 0.0 0 off
 793   Te    7.781736649497981    7.511046203257743   15.793436997141276  8.0 8.0 0.0 0.0 0.0 0.0 0 off
 794   Te   10.777505946477799    9.383365767154791   15.731414350335475  8.0 8.0 0.0 0.0 0.0 0.0 0 off
 795   Te   13.788966877567253   11.226922522354963   15.687147152076662  8.0 8.0 0.0 0.0 0.0 0.0 0 off
 796   Te   16.814592000470153   13.053943408812827   15.661155917135311  8.0 8.0 0.0 0.0 0.0 0.0 0 off
 797   Te   19.848178341398210   14.872998732313810   15.645638041671679  8.0 8.0 0.0 0.0 0.0 0.0 0 off
 798   Te   22.882766339414630   16.689034553205847   15.636879901392859  8.0 8.0 0.0 0.0 0.0 0.0 0 off
 799   Te   25.909734189159590   18.511638364818406   15.636246495041782  8.0 8.0 0.0 0.0 0.0 0.0 0 off
 800   Te   28.922755201636509   20.349963733022008   15.645653824850349  8.0 8.0 0.0 0.0 0.0 0.0 0 off
 801   Te   31.918204336266715   22.213937621094050   15.665194217329566  8.0 8.0 0.0 0.0 0.0 0.0 0 off
 802   Te   34.901996067359413   24.108842481506972   15.687371080911536  8.0 8.0 0.0 0.0 0.0 0.0 0 off
 803   Te  -14.051943466868028   26.021991893246266   15.698050198376256  8.0 8.0 0.0 0.0 0.0 0.0 0 off
 804   Te    5.004787861873966    2.075022425240101   15.897121671743870  8.0 8.0 0.0 0.0 0.0 0.0 0 off
 805   Te    7.965179501848151    4.000545249909449   15.830413542908007  8.0 8.0 0.0 0.0 0.0 0.0 0 off
 806   Te   10.933385778365832    5.888699691379355   15.759405493442648  8.0 8.0 0.0 0.0 0.0 0.0 0 off
 807   Te   13.916494126928859    7.740142556755317   15.702759660660250  8.0 8.0 0.0 0.0 0.0 0.0 0 off
 808   Te   16.915170461513259    9.565334644700911   15.666989711200188  8.0 8.0 0.0 0.0 0.0 0.0 0 off
 809   Te   19.927144678412887   11.377166699805704   15.647275550251965  8.0 8.0 0.0 0.0 0.0 0.0 0 off
 810   Te   22.946690045401841   13.182802559934776   15.636206964032425  8.0 8.0 0.0 0.0 0.0 0.0 0 off
 811   Te   25.966524770171084   14.991870272057316   15.632285059017498  8.0 8.0 0.0 0.0 0.0 0.0 0 off
 812   Te   28.978184087629273   16.813898229435249   15.636842558771662  8.0 8.0 0.0 0.0 0.0 0.0 0 off
 813   Te   31.976561344436874   18.659246371602979   15.651779939445651  8.0 8.0 0.0 0.0 0.0 0.0 0 off
 814   Te   34.961898189404181   20.536850455988638   15.674445430335327  8.0 8.0 0.0 0.0 0.0 0.0 0 off
 815   Te   37.942408722960053   22.441732541482910   15.692836762218992  8.0 8.0 0.0 0.0 0.0 0.0 0 off
 816   Te    8.163670956996450    0.469010097343736   15.847945566702899  8.0 8.0 0.0 0.0 0.0 0.0 0 off
 817   Te   11.113942501555828    2.370857807444984   15.784879788831832  8.0 8.0 0.0 0.0 0.0 0.0 0 off
 818   Te   14.072572961677663    4.234496593133702   15.727088254002830  8.0 8.0 0.0 0.0 0.0 0.0 0 off
 819   Te   17.044930015309390    6.064930605617252   15.685216020926502  8.0 8.0 0.0 0.0 0.0 0.0 0 off
 820   Te   20.033240761077529    7.875238164456879   15.659654458559487  8.0 8.0 0.0 0.0 0.0 0.0 0 off
 821   Te   23.032819482932439    9.674115104279414   15.644522296544714  8.0 8.0 0.0 0.0 0.0 0.0 0 off
 822   Te   26.038633463545619   11.472681596634152   15.636823003675964  8.0 8.0 0.0 0.0 0.0 0.0 0 off
 823   Te   29.043132222326495   13.281162153056352   15.636199501024088  8.0 8.0 0.0 0.0 0.0 0.0 0 off
 824   Te   32.038710261477782   15.110113004592623   15.644535979533694  8.0 8.0 0.0 0.0 0.0 0.0 0 off
 825   Te   35.023296466948935   16.969093080038238   15.663424038012332  8.0 8.0 0.0 0.0 0.0 0.0 0 off
 826   Te   38.001484745670666   18.861851458228518   15.686283774422265  8.0 8.0 0.0 0.0 0.0 0.0 0 off
 827   Te  -10.951725732757227   20.774850742831973   15.698544304698304  8.0 8.0 0.0 0.0 0.0 0.0 0 off
 828   Te   14.251012076711064    0.707414623139667   15.743893222046255  8.0 8.0 0.0 0.0 0.0 0.0 0 off
 829   Te   17.204845728461617    2.545515123428541   15.707490810014420  8.0 8.0 0.0 0.0 0.0 0.0 0 off
 830   Te   20.170956887303962    4.361059272254652   15.681517065638300  8.0 8.0 0.0 0.0 0.0 0.0 0 off
 831   Te   23.150483734922904    6.159901559670221   15.663422231644711  8.0 8.0 0.0 0.0 0.0 0.0 0 off
 832   Te   26.137544626764562    7.953323803256724   15.651739334163819  8.0 8.0 0.0 0.0 0.0 0.0 0 off
 833   Te   29.128648988710033    9.752664942896233   15.645580177555415  8.0 8.0 0.0 0.0 0.0 0.0 0 off
 834   Te   32.116630963835647   11.568959291368259   15.647235695720806  8.0 8.0 0.0 0.0 0.0 0.0 0 off
 835   Te   35.096374534159594   13.411823451490932   15.659612453750430  8.0 8.0 0.0 0.0 0.0 0.0 0 off
 836   Te   38.070870644761371   15.288169829363349   15.681506549758318  8.0 8.0 0.0 0.0 0.0 0.0 0 off
 837   Te   41.046113264463777   17.196041854704937   15.699864350126260  8.0 8.0 0.0 0.0 0.0 0.0 0 off
 838   Te   20.335587351786174    0.830493428059615   15.699815068964073  8.0 8.0 0.0 0.0 0.0 0.0 0 off
 839   Te   23.300543293012879    2.634308761465965   15.686247157122972  8.0 8.0 0.0 0.0 0.0 0.0 0 off
 840   Te   26.270916548946975    4.429156860837327   15.674368270602219  8.0 8.0 0.0 0.0 0.0 0.0 0 off
 841   Te   29.245179243958102    6.226526336558051   15.665103303408637  8.0 8.0 0.0 0.0 0.0 0.0 0 off
 842   Te   32.220786754209016    8.035084975950356   15.661092873631443  8.0 8.0 0.0 0.0 0.0 0.0 0 off
 843   Te   35.191732073441550    9.866455252680248   15.666903265049587  8.0 8.0 0.0 0.0 0.0 0.0 0 off
 844   Te   38.158276710198109   11.729032179363033   15.685172801374247  8.0 8.0 0.0 0.0 0.0 0.0 0 off
 845   Te   41.126248729352653   13.627227400555313   15.707502305885464  8.0 8.0 0.0 0.0 0.0 0.0 0 off
 846   Te   -7.833745825260580   15.546173646913507   15.716512360115006  8.0 8.0 0.0 0.0 0.0 0.0 0 off
 847   Te   26.430325318142486    0.895518992572486   15.692755663910381  8.0 8.0 0.0 0.0 0.0 0.0 0 off
 848   Te   29.394314671881816    2.695066783907712   15.687296302331946  8.0 8.0 0.0 0.0 0.0 0.0 0 off
 849   Te   32.355802936237730    4.502958793123097   15.684010365109073  8.0 8.0 0.0 0.0 0.0 0.0 0 off
 850   Te   35.315839278693382    6.328287352280356   15.687061609967023  8.0 8.0 0.0 0.0 0.0 0.0 0 off
 851   Te   38.271722510105896    8.182112974542553   15.702697327388895  8.0 8.0 0.0 0.0 0.0 0.0 0 off
 852   Te   41.229673967177490   10.070112939481767   15.727038993253451  8.0 8.0 0.0 0.0 0.0 0.0 0 off
 853   Te   44.195010507492874   11.988150805350438   15.743869201611586  8.0 8.0 0.0 0.0 0.0 0.0 0 off
 854   Te   32.519962083020559    0.967615181237841   15.703412504485495  8.0 8.0 0.0 0.0 0.0 0.0 0 off
 855   Te   35.471171062622034    2.792001346104331   15.712839172242301  8.0 8.0 0.0 0.0 0.0 0.0 0 off
 856   Te   38.418164061203427    4.642049991757541   15.731310912405721  8.0 8.0 0.0 0.0 0.0 0.0 0 off
 857   Te   41.366680782774225    6.524371320750295   15.759317226447839  8.0 8.0 0.0 0.0 0.0 0.0 0 off
 858   Te   44.322978737987235    8.439653340165034   15.784776325150522  8.0 8.0 0.0 0.0 0.0 0.0 0 off
 859   Te   -4.643609081182012   10.374401797637855   15.790678373709158  8.0 8.0 0.0 0.0 0.0 0.0 0 off
 860   Te   38.594696591569608    1.102334220260751   15.755236998625927  8.0 8.0 0.0 0.0 0.0 0.0 0 off
 861   Te   41.537535966473818    2.983814230427864   15.793299731646147  8.0 8.0 0.0 0.0 0.0 0.0 0 off
 862   Te   44.486077250815157    4.897919670748377   15.830167897519452  8.0 8.0 0.0 0.0 0.0 0.0 0 off
 863   Te   47.445219055569410    6.835541636861273   15.847644758961026  8.0 8.0 0.0 0.0 0.0 0.0 0 off
 864   Te   44.680496404526352    1.356286505049685   15.862382266889030  8.0 8.0 0.0 0.0 0.0 0.0 0 off
 865   Te   47.633849497909083    3.296924272737941   15.896694423341629  8.0 8.0 0.0 0.0 0.0 0.0 0 off
 866   Te   -1.337061659116722    5.248075296018264   15.898147180648170  8.0 8.0 0.0 0.0 0.0 0.0 0 off
 867   Te   50.802207374642705    1.709072352622667   15.938193148152504  8.0 8.0 0.0 0.0 0.0 0.0 0 off
 868   Te    2.045316715081917    0.124931820289783   15.938532201105239  8.0 8.0 0.0 0.0 0.0 0.0 0 off
 869   Mo  -22.111222437699148   41.208899695594781    6.568745415199539  7.0 7.0 0.0 0.0 0.0 0.0 0 off
 870   Mo  -18.950415379251922   42.801704106724664    6.606080475661307  7.0 7.0 0.0 0.0 0.0 0.0 0 off
 871   Mo  -19.151492029788699   39.287937303747682    6.634077565209830  7.0 7.0 0.0 0.0 0.0 0.0 0 off
 872   Mo  -15.995245671178427   40.900192347052950    6.673969920527319  7.0 7.0 0.0 0.0 0.0 0.0 0 off
 873   Mo  -12.844016775200242   42.549599772670170    6.713575113176066  7.0 7.0 0.0 0.0 0.0 0.0 0 off
 874   Mo  -19.325675130947303   35.785548593524368    6.677141108130164  7.0 7.0 0.0 0.0 0.0 0.0 0 off
 875   Mo  -16.171991395043523   37.394106616556819    6.704987994798493  7.0 7.0 0.0 0.0 0.0 0.0 0 off
 876   Mo  -13.021932133606301   39.033914895469707    6.738305676677573  7.0 7.0 0.0 0.0 0.0 0.0 0 off
 877   Mo   -9.877251729751967   40.710084314705078    6.760717136516893  7.0 7.0 0.0 0.0 0.0 0.0 0 off
 878   Mo   -6.737192550374686   42.416815748739459    6.770312631048520  7.0 7.0 0.0 0.0 0.0 0.0 0 off
 879   Mo  -16.318279135831371   33.901877592793973    6.733497382839251  7.0 7.0 0.0 0.0 0.0 0.0 0 off
 880   Mo  -13.169758729837010   35.531842529990691    6.761978844302487  7.0 7.0 0.0 0.0 0.0 0.0 0 off
 881   Mo  -10.030175640875349   37.196701241240447    6.784888605127775  7.0 7.0 0.0 0.0 0.0 0.0 0 off
 882   Mo   -6.896349313780322   38.893470359628026    6.793398878640653  7.0 7.0 0.0 0.0 0.0 0.0 0 off
 883   Mo   -3.764548406727157   40.614219382984409    6.789802089883175  7.0 7.0 0.0 0.0 0.0 0.0 0 off
 884   Mo   -0.632344754838756   42.347567916200354    6.780490584333084  7.0 7.0 0.0 0.0 0.0 0.0 0 off
 885   Mo  -16.433353556626539   30.423017153453433    6.751687153152127  7.0 7.0 0.0 0.0 0.0 0.0 0 off
 886   Mo  -13.286926097257917   32.044108214763874    6.773328445762236  7.0 7.0 0.0 0.0 0.0 0.0 0 off
 887   Mo  -10.149833788925656   33.694397322320853    6.797660016394065  7.0 7.0 0.0 0.0 0.0 0.0 0 off
 888   Mo   -7.022868461307451   35.378946704423427    6.812006528033510  7.0 7.0 0.0 0.0 0.0 0.0 0 off
 889   Mo   -3.902279654450354   37.089980358385006    6.813284557643803  7.0 7.0 0.0 0.0 0.0 0.0 0 off
 890   Mo   -0.782884903017132   38.818094662537703    6.804824316095681  7.0 7.0 0.0 0.0 0.0 0.0 0 off
 891   Mo    2.338916201417064   40.551176785740516    6.790295453578191  7.0 7.0 0.0 0.0 0.0 0.0 0 off
 892   Mo    5.464812971195263   42.279794891134721    6.773796832292740  7.0 7.0 0.0 0.0 0.0 0.0 0 off
 893   Mo  -13.381207541583334   28.568283278918312    6.773778724388237  7.0 7.0 0.0 0.0 0.0 0.0 0 off
 894   Mo  -10.242921779407288   30.204523181401463    6.797557999775264  7.0 7.0 0.0 0.0 0.0 0.0 0 off
 895   Mo   -7.118457134873883   31.872705988811415    6.817568614392149  7.0 7.0 0.0 0.0 0.0 0.0 0 off
 896   Mo   -4.006104321183540   33.571061589728359    6.826054519324696  7.0 7.0 0.0 0.0 0.0 0.0 0 off
 897   Mo   -0.900324061620661   35.289293984574144    6.824100536829850  7.0 7.0 0.0 0.0 0.0 0.0 0 off
 898   Mo    2.204761024166231   37.017550207088242    6.813992801683607  7.0 7.0 0.0 0.0 0.0 0.0 0 off
 899   Mo    5.312682161804609   38.743841082455234    6.797564323429101  7.0 7.0 0.0 0.0 0.0 0.0 0 off
 900   Mo    8.427814347711784   40.460230882501456    6.773322411531377  7.0 7.0 0.0 0.0 0.0 0.0 0 off
 901   Mo   11.552322533908386   42.156580253446450    6.733484364903691  7.0 7.0 0.0 0.0 0.0 0.0 0 off
 902   Mo  -13.460857590216586   25.100075911322776    6.770651010230839  7.0 7.0 0.0 0.0 0.0 0.0 0 off
 903   Mo  -10.321220537134037   26.725489195726354    6.790269173208857  7.0 7.0 0.0 0.0 0.0 0.0 0 off
 904   Mo   -7.193950364869510   28.376109755938497    6.813969433742846  7.0 7.0 0.0 0.0 0.0 0.0 0 off
 905   Mo   -4.083170869914102   30.057729595179612    6.828216859549374  7.0 7.0 0.0 0.0 0.0 0.0 0 off
 906   Mo   -0.984761749297411   31.763527044525571    6.832268517531733  7.0 7.0 0.0 0.0 0.0 0.0 0 off
 907   Mo    2.105673993640667   33.482726918206730    6.828217244426799  7.0 7.0 0.0 0.0 0.0 0.0 0 off
 908   Mo    5.195131882721473   35.203876061598400    6.817545606255988  7.0 7.0 0.0 0.0 0.0 0.0 0 off
 909   Mo    8.288454698771988   36.918272505688179    6.797620816530506  7.0 7.0 0.0 0.0 0.0 0.0 0 off
 910   Mo   11.389695374009703   38.614869724402560    6.761931595089347  7.0 7.0 0.0 0.0 0.0 0.0 0 off
 911   Mo   14.503595263586183   40.283915116321538    6.704869046345205  7.0 7.0 0.0 0.0 0.0 0.0 0 off
 912   Mo   17.632868425429677   41.917137435691451    6.632767712995991  7.0 7.0 0.0 0.0 0.0 0.0 0 off
 913   Mo  -10.391332694472752   23.254102819654694    6.780399125746656  7.0 7.0 0.0 0.0 0.0 0.0 0 off
 914   Mo   -7.259439391657740   24.888486983275548    6.804746002395894  7.0 7.0 0.0 0.0 0.0 0.0 0 off
 915   Mo   -4.144694173783851   26.551175710769233    6.824062335686124  7.0 7.0 0.0 0.0 0.0 0.0 0 off
 916   Mo   -1.049083772852453   28.240964584695242    6.832267380034123  7.0 7.0 0.0 0.0 0.0 0.0 0 off
 917   Mo    2.033705645507925   29.946527453092525    6.832256261975328  7.0 7.0 0.0 0.0 0.0 0.0 0 off
 918   Mo    5.109786351135127   31.659316365987841    6.825996918694980  7.0 7.0 0.0 0.0 0.0 0.0 0 off
 919   Mo    8.183837103878409   33.367972481485253    6.811942070902141  7.0 7.0 0.0 0.0 0.0 0.0 0 off
 920   Mo   11.261714291400024   35.063505277024866    6.784831726839940  7.0 7.0 0.0 0.0 0.0 0.0 0 off
 921   Mo   14.348623504002507   36.735825090184726    6.738308232062646  7.0 7.0 0.0 0.0 0.0 0.0 0 off
 922   Mo   17.451603332358665   38.377363126027575    6.673265083965868  7.0 7.0 0.0 0.0 0.0 0.0 0 off
 923   Mo   20.576101233290345   39.987934736904656    6.601253636160701  7.0 7.0 0.0 0.0 0.0 0.0 0 off
 924   Mo   23.719675366298755   41.575344351321569    6.543218031071269  7.0 7.0 0.0 0.0 0.0 0.0 0 off
 925   Mo  -10.462145748792974   19.787549544315457    6.770262697131811  7.0 7.0 0.0 0.0 0.0 0.0 0 off
 926   Mo   -7.324117571512260   21.408240239622927    6.789692079684848  7.0 7.0 0.0 0.0 0.0 0.0 0 off
 927   Mo   -4.203158363496247   23.051070098144972    6.813192659103267  7.0 7.0 0.0 0.0 0.0 0.0 0 off
 928   Mo   -1.103786795576291   24.720601539094730    6.825995813390660  7.0 7.0 0.0 0.0 0.0 0.0 0 off
 929   Mo    1.977375803062350   26.410533826120197    6.828188326924129  7.0 7.0 0.0 0.0 0.0 0.0 0 off
 930   Mo    5.044903523279534   28.110514931952991    6.824034787573046  7.0 7.0 0.0 0.0 0.0 0.0 0 off
 931   Mo    8.105332801191256   29.809932601391871    6.813196333422374  7.0 7.0 0.0 0.0 0.0 0.0 0 off
 932   Mo   11.164243969834768   31.501139009104158    6.793285964202948  7.0 7.0 0.0 0.0 0.0 0.0 0 off
 933   Mo   14.227929527918771   33.174344949860220    6.760624108490639  7.0 7.0 0.0 0.0 0.0 0.0 0 off
 934   Mo   17.304381336662715   34.823980527975905    6.713453807369524  7.0 7.0 0.0 0.0 0.0 0.0 0 off
 935   Mo   20.401027769103255   36.447481404979548    6.655077028561585  7.0 7.0 0.0 0.0 0.0 0.0 0 off
 936   Mo   23.523174788849293   38.046752881952770    6.597846616269743  7.0 7.0 0.0 0.0 0.0 0.0 0 off
 937   Mo   26.666959599657510   39.630905558492749    6.562921166560134  7.0 7.0 0.0 0.0 0.0 0.0 0 off
 938   Mo   -7.398885108838486   17.932525352660942    6.770146274025450  7.0 7.0 0.0 0.0 0.0 0.0 0 off
 939   Mo   -4.267997249887332   19.556377434864221    6.793261234041487  7.0 7.0 0.0 0.0 0.0 0.0 0 off
 940   Mo   -1.161069495906112   21.204059653909177    6.811898984485313  7.0 7.0 0.0 0.0 0.0 0.0 0 off
 941   Mo    1.923204493620050   22.874395428119751    6.817468045576784  7.0 7.0 0.0 0.0 0.0 0.0 0 off
 942   Mo    4.989104803780132   24.557313390370336    6.813905286924176  7.0 7.0 0.0 0.0 0.0 0.0 0 off
 943   Mo    8.042221816259127   26.244430750813105    6.804706608835485  7.0 7.0 0.0 0.0 0.0 0.0 0 off
 944   Mo   11.088549105826633   27.928548980151582    6.789667581359820  7.0 7.0 0.0 0.0 0.0 0.0 0 off
 945   Mo   14.135974809245255   29.601640358677439    6.770158334000302  7.0 7.0 0.0 0.0 0.0 0.0 0 off
 946   Mo   17.190784088589606   31.259135886909259    6.742391342258828  7.0 7.0 0.0 0.0 0.0 0.0 0 off
 947   Mo   20.262099735687027   32.896455906223672    6.705636115829832  7.0 7.0 0.0 0.0 0.0 0.0 0 off
 948   Mo   23.357677684177823   34.513576640460116    6.663112185804396  7.0 7.0 0.0 0.0 0.0 0.0 0 off
 949   Mo   26.480791452187344   36.110028112451076    6.626792492957315  7.0 7.0 0.0 0.0 0.0 0.0 0 off
 950   Mo   29.626812255896315   37.696234411524706    6.614271753662718  7.0 7.0 0.0 0.0 0.0 0.0 0 off
 951   Mo   -7.490857599490729   14.458222935314804    6.742369870866179  7.0 7.0 0.0 0.0 0.0 0.0 0 off
 952   Mo   -4.350811356576478   16.066524881534374    6.760590827075108  7.0 7.0 0.0 0.0 0.0 0.0 0 off
 953   Mo   -1.231647339809238   17.690766650904216    6.784769213166251  7.0 7.0 0.0 0.0 0.0 0.0 0 off
 954   Mo    1.861268946104006   19.338292458679302    6.797529771834606  7.0 7.0 0.0 0.0 0.0 0.0 0 off
 955   Mo    4.930137947586439   21.002618451432546    6.797462027550202  7.0 7.0 0.0 0.0 0.0 0.0 0 off
 956   Mo    7.982208713422496   22.674303667183786    6.790151287279216  7.0 7.0 0.0 0.0 0.0 0.0 0 off
 957   Mo   11.023568930000874   24.349309336209235    6.780313846132779  7.0 7.0 0.0 0.0 0.0 0.0 0 off
 958   Mo   14.061091616362591   26.021266387539150    6.770212263557308  7.0 7.0 0.0 0.0 0.0 0.0 0 off
 959   Mo   17.102925993231842   27.685124771433610    6.758369609919030  7.0 7.0 0.0 0.0 0.0 0.0 0 off
 960   Mo   20.156511078143396   29.337492373018694    6.742503559078061  7.0 7.0 0.0 0.0 0.0 0.0 0 off
 961   Mo   23.230003008638544   30.974397758561121    6.720651547992209  7.0 7.0 0.0 0.0 0.0 0.0 0 off
 962   Mo   26.331306085696315   32.591422417220258    6.692471390797286  7.0 7.0 0.0 0.0 0.0 0.0 0 off
 963   Mo   29.459549045188840   34.190951609531183    6.673105792100373  7.0 7.0 0.0 0.0 0.0 0.0 0 off
 964   Mo   -4.460399215987272   12.577405629469018    6.713381583312453  7.0 7.0 0.0 0.0 0.0 0.0 0 off
 965   Mo   -1.326824115902587   14.181259664152533    6.738233459014835  7.0 7.0 0.0 0.0 0.0 0.0 0 off
 966   Mo    1.779949105537671   15.804246023189684    6.761847372514418  7.0 7.0 0.0 0.0 0.0 0.0 0 off
 967   Mo    4.859008057777544   17.446648389046668    6.773188419154465  7.0 7.0 0.0 0.0 0.0 0.0 0 off
 968   Mo    7.916289702860273   19.102897424365231    6.773632092707913  7.0 7.0 0.0 0.0 0.0 0.0 0 off
 969   Mo   10.959676186215379   20.768033009975252    6.770558625328120  7.0 7.0 0.0 0.0 0.0 0.0 0 off
 970   Mo   13.996540109429999   22.438386362408259    6.768894133119750  7.0 7.0 0.0 0.0 0.0 0.0 0 off
 971   Mo   17.032668312523843   24.108865598447153    6.768609475528222  7.0 7.0 0.0 0.0 0.0 0.0 0 off
 972   Mo   20.076622368486188   25.775408299052110    6.766852186549571  7.0 7.0 0.0 0.0 0.0 0.0 0 off
 973   Mo   23.136714500797670   27.432627170108258    6.760231076610015  7.0 7.0 0.0 0.0 0.0 0.0 0 off
 974   Mo   26.219605727441959   29.072773377498223    6.745073323126935  7.0 7.0 0.0 0.0 0.0 0.0 0 off
 975   Mo   29.330362058452515   30.690494858033606    6.725339918013968  7.0 7.0 0.0 0.0 0.0 0.0 0 off
 976   Mo   32.466225735880982   32.295740457704312    6.718471970878273  7.0 7.0 0.0 0.0 0.0 0.0 0 off
 977   Mo   -4.602740080169563    9.083822319015972    6.655018092528886  7.0 7.0 0.0 0.0 0.0 0.0 0 off
 978   Mo   -1.456713325758572   10.673249464450247    6.673157602235989  7.0 7.0 0.0 0.0 0.0 0.0 0 off
 979   Mo    1.668426715896272   12.273030342072680    6.704744257506489  7.0 7.0 0.0 0.0 0.0 0.0 0 off
 980   Mo    4.765837546875789   13.892575753810943    6.733353960571155  7.0 7.0 0.0 0.0 0.0 0.0 0 off
 981   Mo    7.836123549399902   15.532305707923973    6.751511750365146  7.0 7.0 0.0 0.0 0.0 0.0 0 off
 982   Mo   10.887702259352523   17.189963028533239    6.761539776392666  7.0 7.0 0.0 0.0 0.0 0.0 0 off
 983   Mo   13.930161864906049   18.858957650311343    6.769262917774594  7.0 7.0 0.0 0.0 0.0 0.0 0 off
 984   Mo   16.969897271645564   20.535042202098815    6.776740196749697  7.0 7.0 0.0 0.0 0.0 0.0 0 off
 985   Mo   20.013009539198819   22.214660499201116    6.783076158139234  7.0 7.0 0.0 0.0 0.0 0.0 0 off
 986   Mo   23.066922042975452   23.890551550786050    6.784649107059550  7.0 7.0 0.0 0.0 0.0 0.0 0 off
 987   Mo   26.139136247069818   25.553223624589119    6.779186246986662  7.0 7.0 0.0 0.0 0.0 0.0 0 off
 988   Mo   29.236010549053159   27.192999656421158    6.763445900660200  7.0 7.0 0.0 0.0 0.0 0.0 0 off
 989   Mo   32.358852968979058   28.812861330375704    6.748605320982607  7.0 7.0 0.0 0.0 0.0 0.0 0 off
 990   Mo   -1.624244008553462    7.162038039247691    6.601149929236881  7.0 7.0 0.0 0.0 0.0 0.0 0 off
 991   Mo    1.518201868342802    8.746406610413070    6.632604446559393  7.0 7.0 0.0 0.0 0.0 0.0 0 off
 992   Mo    4.638113600586338   10.346348229380844    6.676842132209496  7.0 7.0 0.0 0.0 0.0 0.0 0 off
 993   Mo    7.731080084613230   11.968766980398701    6.718471297401715  7.0 7.0 0.0 0.0 0.0 0.0 0 off
 994   Mo   10.801009014167498   13.617236338788999    6.748598701623037  7.0 7.0 0.0 0.0 0.0 0.0 0 off
 995   Mo   13.856304484255135   15.286045439433760    6.769658177208787  7.0 7.0 0.0 0.0 0.0 0.0 0 off
 996   Mo   16.905414350565170   16.969013936106158    6.783976127818146  7.0 7.0 0.0 0.0 0.0 0.0 0 off
 997   Mo   19.955278361157493   18.659296461506724    6.793643930380507  7.0 7.0 0.0 0.0 0.0 0.0 0 off
 998   Mo   23.010121007511366   20.350479920738572    6.799353195028542  7.0 7.0 0.0 0.0 0.0 0.0 0 off
 999   Mo   26.077971944900611   22.032828394342751    6.798324215816113  7.0 7.0 0.0 0.0 0.0 0.0 0 off
1000   Mo   29.165234323262343   23.694887352519562    6.787382336691487  7.0 7.0 0.0 0.0 0.0 0.0 0 off
1001   Mo   32.276434923161673   25.332495028199432    6.769655797738682  7.0 7.0 0.0 0.0 0.0 0.0 0 off
1002   Mo   35.409576775194495   26.951436796258189    6.761513791731002  7.0 7.0 0.0 0.0 0.0 0.0 0 off
1003   Mo   -1.821256360704463    3.645815592682299    6.542951465550690  7.0 7.0 0.0 0.0 0.0 0.0 0 off
1004   Mo    1.332746370827755    5.222955901716010    6.564322972442242  7.0 7.0 0.0 0.0 0.0 0.0 0 off
1005   Mo    4.473971123655309    6.809536547695482    6.613485755199074  7.0 7.0 0.0 0.0 0.0 0.0 0 off
1006   Mo    7.593114602015821    8.417367429986118    6.673008126388177  7.0 7.0 0.0 0.0 0.0 0.0 0 off
1007   Mo   10.689141674752147   10.055661306597782    6.725289384586542  7.0 7.0 0.0 0.0 0.0 0.0 0 off
1008   Mo   13.765277436118586   11.722689446493387    6.763406619530198  7.0 7.0 0.0 0.0 0.0 0.0 0 off
1009   Mo   16.830114588129021   13.410461881713319    6.787348646792884  7.0 7.0 0.0 0.0 0.0 0.0 0 off
1010   Mo   19.891306353479113   15.110322188479186    6.800374580333186  7.0 7.0 0.0 0.0 0.0 0.0 0 off
1011   Mo   22.954640332798792   16.813571689274990    6.806841156588746  7.0 7.0 0.0 0.0 0.0 0.0 0 off
1012   Mo   26.023786702296281   18.512417493674381    6.807690781436594  7.0 7.0 0.0 0.0 0.0 0.0 0 off
1013   Mo   29.106744112298603   20.193897955969391    6.800380752442849  7.0 7.0 0.0 0.0 0.0 0.0 0 off
1014   Mo   32.209374458713505   21.850400945917919    6.783959012967366  7.0 7.0 0.0 0.0 0.0 0.0 0 off
1015   Mo   35.333746520096696   23.482095398584999    6.769243319237079  7.0 7.0 0.0 0.0 0.0 0.0 0 off
1016   Mo    1.123907559402602    1.699310360740870    6.521722629497248  7.0 7.0 0.0 0.0 0.0 0.0 0 off
1017   Mo    4.278489058734211    3.280012184836730    6.563181959392617  7.0 7.0 0.0 0.0 0.0 0.0 0 off
1018   Mo    7.420238716768111    4.878381158805198    6.626676250592693  7.0 7.0 0.0 0.0 0.0 0.0 0 off
1019   Mo   10.542444234129023    6.507893015654923    6.692334240158091  7.0 7.0 0.0 0.0 0.0 0.0 0 off
1020   Mo   13.645555602090804    8.170535820779044    6.744978270740535  7.0 7.0 0.0 0.0 0.0 0.0 0 off
1021   Mo   16.733821511504814    9.860617054150914    6.779117186908155  7.0 7.0 0.0 0.0 0.0 0.0 0 off
1022   Mo   19.813145741630269   11.567868346557734    6.798289664598393  7.0 7.0 0.0 0.0 0.0 0.0 0 off
1023   Mo   22.889008183416852   13.281141873743561    6.807659503612315  7.0 7.0 0.0 0.0 0.0 0.0 0 off
1024   Mo   25.966535576663112   14.991836921356919    6.811064851942579  7.0 7.0 0.0 0.0 0.0 0.0 0 off
1025   Mo   29.050135794584904   16.689359841758222    6.806810536113333  7.0 7.0 0.0 0.0 0.0 0.0 0 off
1026   Mo   32.148267300805301   18.363996876705862    6.793601602513926  7.0 7.0 0.0 0.0 0.0 0.0 0 off
1027   Mo   35.265413002738065   20.011578874127199    6.776683204126279  7.0 7.0 0.0 0.0 0.0 0.0 0 off
1028   Mo   38.400413115199278   21.634897009277729    6.768797902886540  7.0 7.0 0.0 0.0 0.0 0.0 0 off
1029   Mo  -21.900579369143340   44.733258376843999    6.549207538790731  7.0 7.0 0.0 0.0 0.0 0.0 0 off
1030   Mo    7.221693829757151    1.348274215740525    6.599164303170383  7.0 7.0 0.0 0.0 0.0 0.0 0 off
1031   Mo   10.364842993557275    2.971623323125888    6.663027466672346  7.0 7.0 0.0 0.0 0.0 0.0 0 off
1032   Mo   13.493489817174716    4.630669934793851    6.720456843235571  7.0 7.0 0.0 0.0 0.0 0.0 0 off
1033   Mo   16.607407092902779    6.320733373961417    6.760111763102094  7.0 7.0 0.0 0.0 0.0 0.0 0 off
1034   Mo   19.709844542703227    8.031330588886023    6.784581324824255  7.0 7.0 0.0 0.0 0.0 0.0 0 off
1035   Mo   22.804016209776073    9.752199886062780    6.799283790247987  7.0 7.0 0.0 0.0 0.0 0.0 0 off
1036   Mo   25.894826070112281   11.472597841932433    6.806786864428877  7.0 7.0 0.0 0.0 0.0 0.0 0 off
1037   Mo   28.986811248709277   13.181965195639471    6.807642754155102  7.0 7.0 0.0 0.0 0.0 0.0 0 off
1038   Mo   32.085449453880727   14.872834760957469    6.799287154827641  7.0 7.0 0.0 0.0 0.0 0.0 0 off
1039   Mo   35.198436273703742   16.536346866206770    6.783008615171156  7.0 7.0 0.0 0.0 0.0 0.0 0 off
1040   Mo   38.329049411708603   18.170289147286294    6.768522937320163  7.0 7.0 0.0 0.0 0.0 0.0 0 off
1041   Mo  -15.798530019981364   44.420053202407253    6.655832936506435  7.0 7.0 0.0 0.0 0.0 0.0 0 off
1042   Mo   13.312929717588483    1.099345890869875    6.705392276821177  7.0 7.0 0.0 0.0 0.0 0.0 0 off
1043   Mo   16.447873671010107    2.787381676060167    6.742326081259514  7.0 7.0 0.0 0.0 0.0 0.0 0 off
1044   Mo   19.572664610689205    4.499247697712289    6.766734344993084  7.0 7.0 0.0 0.0 0.0 0.0 0 off
1045   Mo   22.688165943315962    6.224529135469481    6.782989005532397  7.0 7.0 0.0 0.0 0.0 0.0 0 off
1046   Mo   25.796044457625928    7.952232645946185    6.793541434974220  7.0 7.0 0.0 0.0 0.0 0.0 0 off
1047   Mo   28.901546916572460    9.671301266657075    6.800315221473030  7.0 7.0 0.0 0.0 0.0 0.0 0 off
1048   Mo   32.008494366132190   11.374821551445210    6.798241955697269  7.0 7.0 0.0 0.0 0.0 0.0 0 off
1049   Mo   35.122841018162752   13.053643743773584    6.784545182372369  7.0 7.0 0.0 0.0 0.0 0.0 0 off
1050   Mo   38.250333613769840   14.700872678556072    6.766721591682280  7.0 7.0 0.0 0.0 0.0 0.0 0 off
1051   Mo   41.391042983346253   16.321292498454106    6.758222296168512  7.0 7.0 0.0 0.0 0.0 0.0 0 off
1052   Mo   -9.700063477948619   44.233621743536155    6.742537991919400  7.0 7.0 0.0 0.0 0.0 0.0 0 off
1053   Mo   19.405637676519746    0.969087193094316    6.758201517272568  7.0 7.0 0.0 0.0 0.0 0.0 0 off
1054   Mo   22.537901867633995    2.696380298522831    6.768480623798752  7.0 7.0 0.0 0.0 0.0 0.0 0 off
1055   Mo   25.664315744345974    4.428923815215168    6.776608550604701  7.0 7.0 0.0 0.0 0.0 0.0 0 off
1056   Mo   28.784819693140040    6.156104427551359    6.783868034748330  7.0 7.0 0.0 0.0 0.0 0.0 0 off
1057   Mo   31.904256241395171    7.870155883053163    6.787271791531931  7.0 7.0 0.0 0.0 0.0 0.0 0 off
1058   Mo   35.026663443154582    9.561678712366746    6.779049060291835  7.0 7.0 0.0 0.0 0.0 0.0 0 off
1059   Mo   38.155490174563390   11.222139917621847    6.760070839032963  7.0 7.0 0.0 0.0 0.0 0.0 0 off
1060   Mo   41.295249338615029   12.850634461261116    6.742339017350534  7.0 7.0 0.0 0.0 0.0 0.0 0 off
1061   Mo   -3.599075086933534   44.142165474436013    6.770414327494405  7.0 7.0 0.0 0.0 0.0 0.0 0 off
1062   Mo   25.502654606138105    0.902268032507836    6.768708613140119  7.0 7.0 0.0 0.0 0.0 0.0 0 off
1063   Mo   28.635726201568819    2.634488048646459    6.769124610582737  7.0 7.0 0.0 0.0 0.0 0.0 0 off
1064   Mo   31.766878266411002    4.356979514128215    6.769553007628303  7.0 7.0 0.0 0.0 0.0 0.0 0 off
1065   Mo   34.898319185523455    6.059803824583903    6.763296480383093  7.0 7.0 0.0 0.0 0.0 0.0 0 off
1066   Mo   38.034443952426244    7.732191189562503    6.744907726707747  7.0 7.0 0.0 0.0 0.0 0.0 0 off
1067   Mo   41.176099116270713    9.370467549597661    6.720449836889244  7.0 7.0 0.0 0.0 0.0 0.0 0 off
1068   Mo   44.324610015618156   10.979704872286380    6.705426201077145  7.0 7.0 0.0 0.0 0.0 0.0 0 off
1069   Mo    2.501070198501439   44.082874285387767    6.770721503365291  7.0 7.0 0.0 0.0 0.0 0.0 0 off
1070   Mo   31.602330549808890    0.834148881679860    6.761351002492148  7.0 7.0 0.0 0.0 0.0 0.0 0 off
1071   Mo   34.739744924131848    2.545415227268975    6.748450443604420  7.0 7.0 0.0 0.0 0.0 0.0 0 off
1072   Mo   37.880078823298334    4.229321774944487    6.725174603336590  7.0 7.0 0.0 0.0 0.0 0.0 0 off
1073   Mo   41.025877230801022    5.876142891892044    6.692260327518116  7.0 7.0 0.0 0.0 0.0 0.0 0 off
1074   Mo   44.177261229852959    7.490282677315745    6.662875946025553  7.0 7.0 0.0 0.0 0.0 0.0 0 off
1075   Mo    8.597119699512321   43.995645730313207    6.751687312665922  7.0 7.0 0.0 0.0 0.0 0.0 0 off
1076   Mo   37.702331117645514    0.711013568650936    6.718320277209362  7.0 7.0 0.0 0.0 0.0 0.0 0 off
1077   Mo   40.846938764933711    2.367197296734183    6.672896885904765  7.0 7.0 0.0 0.0 0.0 0.0 0 off
1078   Mo   43.998357076563472    3.987240309513048    6.626397657932648  7.0 7.0 0.0 0.0 0.0 0.0 0 off
1079   Mo   47.154285652954066    5.580317961793821    6.597561677443979  7.0 7.0 0.0 0.0 0.0 0.0 0 off
1080   Mo   14.687342389271144   43.819105428796554    6.677051686965810  7.0 7.0 0.0 0.0 0.0 0.0 0 off
1081   Mo   43.799081632641752    0.469991655563580    6.613317951598005  7.0 7.0 0.0 0.0 0.0 0.0 0 off
1082   Mo   46.953992220063363    2.065383849860115    6.561934929602860  7.0 7.0 0.0 0.0 0.0 0.0 0 off
1083   Mo   20.777140027361565   43.518496057523734    6.564314159717821  7.0 7.0 0.0 0.0 0.0 0.0 0 off
1084   Mo   49.899095302763421    0.124588475290765    6.520664585579089  7.0 7.0 0.0 0.0 0.0 0.0 0 off
1085   Mo   26.876026060844723   43.151992585370010    6.522477479852204  7.0 7.0 0.0 0.0 0.0 0.0 0 off
1086   Mo  -21.687616204481213   41.696315774042574   14.092048619294149  7.0 7.0 0.0 0.0 0.0 0.0 0 off
1087   Mo  -21.492043660962835   38.166659233411004   14.041178385329745  7.0 7.0 0.0 0.0 0.0 0.0 0 off
1088   Mo  -18.546040506559738   40.097143580312803   14.027476307860494  7.0 7.0 0.0 0.0 0.0 0.0 0 off
1089   Mo  -15.601147129792009   42.004066583808182   13.990755787851183  7.0 7.0 0.0 0.0 0.0 0.0 0 off
1090   Mo  -18.373165602393314   36.557625411910500   13.981062727158399  7.0 7.0 0.0 0.0 0.0 0.0 0 off
1091   Mo  -15.423372870090766   38.467795091776587   13.961050578975982  7.0 7.0 0.0 0.0 0.0 0.0 0 off
1092   Mo  -12.473313024612375   40.345115558905192   13.933476176103913  7.0 7.0 0.0 0.0 0.0 0.0 0 off
1093   Mo   -9.518595405167289   42.188498811285243   13.911314666104040  7.0 7.0 0.0 0.0 0.0 0.0 0 off
1094   Mo  -18.234613524827115   33.006635454706355   13.936497980729154  7.0 7.0 0.0 0.0 0.0 0.0 0 off
1095   Mo  -15.277306412600741   34.920407362705440   13.929340489840612  7.0 7.0 0.0 0.0 0.0 0.0 0 off
1096   Mo  -12.320178063743425   36.805069910077208   13.909558891016166  7.0 7.0 0.0 0.0 0.0 0.0 0 off
1097   Mo   -9.359032535446302   38.655508940900354   13.893376982003046  7.0 7.0 0.0 0.0 0.0 0.0 0 off
1098   Mo   -6.393848990701942   40.476296949050919   13.888200659365772  7.0 7.0 0.0 0.0 0.0 0.0 0 off
1099   Mo   -3.428542450850558   42.279027951821874   13.888570442575800  7.0 7.0 0.0 0.0 0.0 0.0 0 off
1100   Mo  -15.164957519856106   31.358690257759513   13.906686560365630  7.0 7.0 0.0 0.0 0.0 0.0 0 off
1101   Mo  -12.200741593105091   33.253541882640697   13.892551291132639  7.0 7.0 0.0 0.0 0.0 0.0 0 off
1102   Mo   -9.232236702233891   35.115280200504316   13.875833951136331  7.0 7.0 0.0 0.0 0.0 0.0 0 off
1103   Mo   -6.256664207107719   36.944777446321488   13.869521425029294  7.0 7.0 0.0 0.0 0.0 0.0 0 off
1104   Mo   -3.278671647015656   38.750841526583372   13.872629043274797  7.0 7.0 0.0 0.0 0.0 0.0 0 off
1105   Mo   -0.302426032248702   40.546222400000758   13.879227765832326  7.0 7.0 0.0 0.0 0.0 0.0 0 off
1106   Mo    2.669032002773271   42.340942119479145   13.885648625780533  7.0 7.0 0.0 0.0 0.0 0.0 0 off
1107   Mo  -15.078349627743643   27.785993520477710   13.893337293779268  7.0 7.0 0.0 0.0 0.0 0.0 0 off
1108   Mo  -12.109786154244835   29.689741577093638   13.885755151057536  7.0 7.0 0.0 0.0 0.0 0.0 0 off
1109   Mo   -9.136204647886286   31.565195005692694   13.868201808125955  7.0 7.0 0.0 0.0 0.0 0.0 0 off
1110   Mo   -6.153575129812595   33.407502963024569   13.856142874627102  7.0 7.0 0.0 0.0 0.0 0.0 0 off
1111   Mo   -3.163154891665874   35.222672838890546   13.855376732065094  7.0 7.0 0.0 0.0 0.0 0.0 0 off
1112   Mo   -0.170765137475121   37.023669513548874   13.861313055632808  7.0 7.0 0.0 0.0 0.0 0.0 0 off
1113   Mo    2.817934887844564   38.819606885434958   13.870868808387224  7.0 7.0 0.0 0.0 0.0 0.0 0 off
1114   Mo    5.800224834485505   40.618005600941729   13.885778630927216  7.0 7.0 0.0 0.0 0.0 0.0 0 off
1115   Mo    8.773151070572519   42.429410070872855   13.906688262873638  7.0 7.0 0.0 0.0 0.0 0.0 0 off
1116   Mo  -12.036272463664707   26.116588993270963   13.885589205388584  7.0 7.0 0.0 0.0 0.0 0.0 0 off
1117   Mo   -9.061174469921866   28.006199466349354   13.870835332492488  7.0 7.0 0.0 0.0 0.0 0.0 0 off
1118   Mo   -6.075318157824669   29.864275093776218   13.854691903465087  7.0 7.0 0.0 0.0 0.0 0.0 0 off
1119   Mo   -3.077746691703367   31.693290046893576   13.847852693374035  7.0 7.0 0.0 0.0 0.0 0.0 0 off
1120   Mo   -0.072792359314750   33.503300731525769   13.848990605650586  7.0 7.0 0.0 0.0 0.0 0.0 0 off
1121   Mo    2.934154472847736   35.304737783214875   13.854694829648075  7.0 7.0 0.0 0.0 0.0 0.0 0 off
1122   Mo    5.937637473546814   37.105078990611133   13.868190750313543  7.0 7.0 0.0 0.0 0.0 0.0 0 off
1123   Mo    8.932037582143668   38.914894360608805   13.892541873034771  7.0 7.0 0.0 0.0 0.0 0.0 0 off
1124   Mo   11.913874800885701   40.745848973600744   13.929315092981625  7.0 7.0 0.0 0.0 0.0 0.0 0 off
1125   Mo   14.879656811037181   42.608319879820947   13.981016859941880  7.0 7.0 0.0 0.0 0.0 0.0 0 off
1126   Mo  -11.969835346450919   22.537005736650727   13.887632444134223  7.0 7.0 0.0 0.0 0.0 0.0 0 off
1127   Mo   -8.996295828394274   24.440571793751932   13.879155117586825  7.0 7.0 0.0 0.0 0.0 0.0 0 off
1128   Mo   -6.011493210210921   26.315861255876797   13.861260372389170  7.0 7.0 0.0 0.0 0.0 0.0 0 off
1129   Mo   -3.011760711359965   28.160909164080941   13.848959129039496  7.0 7.0 0.0 0.0 0.0 0.0 0 off
1130   Mo   -0.000056642655274   29.983690332787230   13.845713119358829  7.0 7.0 0.0 0.0 0.0 0.0 0 off
1131   Mo    3.019338039329814   31.794267106933898   13.847839615370360  7.0 7.0 0.0 0.0 0.0 0.0 0 off
1132   Mo    6.041808637072449   33.600897888946221   13.856098054240521  7.0 7.0 0.0 0.0 0.0 0.0 0 off
1133   Mo    9.060121564017214   35.413227889628118   13.875765544426796  7.0 7.0 0.0 0.0 0.0 0.0 0 off
1134   Mo   12.067462066370892   37.242562649596664   13.909483032482216  7.0 7.0 0.0 0.0 0.0 0.0 0 off
1135   Mo   15.059037628541949   39.098641342387836   13.960979985046988  7.0 7.0 0.0 0.0 0.0 0.0 0 off
1136   Mo   18.031412983065472   40.988332100181061   14.027315388167859  7.0 7.0 0.0 0.0 0.0 0.0 0 off
1137   Mo   20.987115318694229   42.909434642134094   14.091653240722714  7.0 7.0 0.0 0.0 0.0 0.0 0 off
1138   Mo   -8.933883880595809   20.866883809188039   13.888449402852562  7.0 7.0 0.0 0.0 0.0 0.0 0 off
1139   Mo   -5.953310012576766   22.760774788506108   13.872552158815530  7.0 7.0 0.0 0.0 0.0 0.0 0 off
1140   Mo   -2.955587523237521   24.624892228417821   13.855311981172971  7.0 7.0 0.0 0.0 0.0 0.0 0 off
1141   Mo    0.058259961010475   26.463551389426694   13.847791642884156  7.0 7.0 0.0 0.0 0.0 0.0 0 off
1142   Mo    3.084391699817711   28.286900020997990   13.848960346458606  7.0 7.0 0.0 0.0 0.0 0.0 0 off
1143   Mo    6.118579634812011   30.103531907922132   13.855334447359249  7.0 7.0 0.0 0.0 0.0 0.0 0 off
1144   Mo    9.156717954940010   31.921535645572853   13.869436655464630  7.0 7.0 0.0 0.0 0.0 0.0 0 off
1145   Mo   12.189437846486276   33.752905813252021   13.893284320878582  7.0 7.0 0.0 0.0 0.0 0.0 0 off
1146   Mo   15.209810493365580   35.605147193295196   13.933371162576201  7.0 7.0 0.0 0.0 0.0 0.0 0 off
1147   Mo   18.210427474526462   37.484497258318029   13.990557116644865  7.0 7.0 0.0 0.0 0.0 0.0 0 off
1148   Mo   21.188016227775012   39.395328319467964   14.056234218437295  7.0 7.0 0.0 0.0 0.0 0.0 0 off
1149   Mo   24.145596162056773   41.330053244284962   14.110439569966889  7.0 7.0 0.0 0.0 0.0 0.0 0 off
1150   Mo   -8.863838878462960   17.290174584767385   13.896834539769324  7.0 7.0 0.0 0.0 0.0 0.0 0 off
1151   Mo   -5.890039972940011   19.200221842792931   13.888050662530622  7.0 7.0 0.0 0.0 0.0 0.0 0 off
1152   Mo   -2.900228371392701   21.084768878298060   13.869406867454240  7.0 7.0 0.0 0.0 0.0 0.0 0 off
1153   Mo    0.111607094245921   22.942687327525661   13.856054823705097  7.0 7.0 0.0 0.0 0.0 0.0 0 off
1154   Mo    3.140991149169547   24.782075708486698   13.854620107326612  7.0 7.0 0.0 0.0 0.0 0.0 0 off
1155   Mo    6.182090948561723   26.611541107619455   13.861225022647950  7.0 7.0 0.0 0.0 0.0 0.0 0 off
1156   Mo    9.231801530836888   28.439481421102670   13.872531406708550  7.0 7.0 0.0 0.0 0.0 0.0 0 off
1157   Mo   12.283705507079659   30.274570473318381   13.888075046565698  7.0 7.0 0.0 0.0 0.0 0.0 0 off
1158   Mo   15.328901585213059   32.124598409012833   13.911197044841018  7.0 7.0 0.0 0.0 0.0 0.0 0 off
1159   Mo   18.358719943154451   33.995547199773959   13.948304591966147  7.0 7.0 0.0 0.0 0.0 0.0 0 off
1160   Mo   21.363779472198249   35.891906768173286   13.999706027168942  7.0 7.0 0.0 0.0 0.0 0.0 0 off
1161   Mo   24.342758399766691   37.813473531173869   14.053624713136218  7.0 7.0 0.0 0.0 0.0 0.0 0 off
1162   Mo   27.299547573559671   39.753266527953627   14.090206209471591  7.0 7.0 0.0 0.0 0.0 0.0 0 off
1163   Mo   -5.810458764497969   15.638001859649670   13.911143231980736  7.0 7.0 0.0 0.0 0.0 0.0 0 off
1164   Mo   -2.830573200861755   17.542685347912315   13.893227354243459  7.0 7.0 0.0 0.0 0.0 0.0 0 off
1165   Mo    0.171963491112861   19.422589705482622   13.875706936114888  7.0 7.0 0.0 0.0 0.0 0.0 0 off
1166   Mo    3.198400487444249   21.280807018460894   13.868101840457349  7.0 7.0 0.0 0.0 0.0 0.0 0 off
1167   Mo    6.243068573045285   23.125279433070268   13.870760840998257  7.0 7.0 0.0 0.0 0.0 0.0 0 off
1168   Mo    9.298546176865422   24.964293121999354   13.879090317122621  7.0 7.0 0.0 0.0 0.0 0.0 0 off
1169   Mo   12.362260877491524   26.805179785023203   13.888416396294962  7.0 7.0 0.0 0.0 0.0 0.0 0 off
1170   Mo   15.424763640683178   28.654199516499698   13.896819457254930  7.0 7.0 0.0 0.0 0.0 0.0 0 off
1171   Mo   18.476053445937730   30.516819316199978   13.911726539974161  7.0 7.0 0.0 0.0 0.0 0.0 0 off
1172   Mo   21.507097615888334   32.398361940978639   13.940596178590765  7.0 7.0 0.0 0.0 0.0 0.0 0 off
1173   Mo   24.510074534235351   34.302690854506338   13.981368767291114  7.0 7.0 0.0 0.0 0.0 0.0 0 off
1174   Mo   27.485207124893886   36.228954490966636   14.022026847919451  7.0 7.0 0.0 0.0 0.0 0.0 0 off
1175   Mo   -5.705079868280428   12.078620889566098   13.948253876440440  7.0 7.0 0.0 0.0 0.0 0.0 0 off
1176   Mo   -2.736689624207906   14.000844072836760   13.933276646998566  7.0 7.0 0.0 0.0 0.0 0.0 0 off
1177   Mo    0.252546290634843   15.903479972046719   13.909374948660405  7.0 7.0 0.0 0.0 0.0 0.0 0 off
1178   Mo    3.268533638183213   17.782670314198857   13.892421736953436  7.0 7.0 0.0 0.0 0.0 0.0 0 off
1179   Mo    6.309395836589207   19.643332651527167   13.885649180910908  7.0 7.0 0.0 0.0 0.0 0.0 0 off
1180   Mo    9.367081529873451   21.493563907102871   13.885492543012674  7.0 7.0 0.0 0.0 0.0 0.0 0 off
1181   Mo   12.433868933939177   23.340923808057937   13.887563636893256  7.0 7.0 0.0 0.0 0.0 0.0 0 off
1182   Mo   15.504091132567318   25.188086178847680   13.886526821595252  7.0 7.0 0.0 0.0 0.0 0.0 0 off
1183   Mo   18.568180671607564   27.042376478141968   13.885368504955000  7.0 7.0 0.0 0.0 0.0 0.0 0 off
1184   Mo   21.615666912502871   28.909258813778710   13.893062191923892  7.0 7.0 0.0 0.0 0.0 0.0 0 off
1185   Mo   24.639905766762109   30.794248043203272   13.915426104913017  7.0 7.0 0.0 0.0 0.0 0.0 0 off
1186   Mo   27.635155197159982   32.702167577206559   13.949152721499022  7.0 7.0 0.0 0.0 0.0 0.0 0 off
1187   Mo   30.604900280792876   34.629211765354356   13.976943916067508  7.0 7.0 0.0 0.0 0.0 0.0 0 off
1188   Mo   -2.609404923646836   10.462560194813499   13.990450733644714  7.0 7.0 0.0 0.0 0.0 0.0 0 off
1189   Mo    0.364161501923110   12.384685767085054   13.960851374001850  7.0 7.0 0.0 0.0 0.0 0.0 0 off
1190   Mo    3.363270668877486   14.284847658189895   13.929157311488355  7.0 7.0 0.0 0.0 0.0 0.0 0 off
1191   Mo    6.391642981145814   16.163011828638947   13.906534275698904  7.0 7.0 0.0 0.0 0.0 0.0 0 off
1192   Mo    9.442391908813535   18.024382895527651   13.893216765077995  7.0 7.0 0.0 0.0 0.0 0.0 0 off
1193   Mo   12.505655466245233   19.875982494453346   13.884068812854830  7.0 7.0 0.0 0.0 0.0 0.0 0 off
1194   Mo   15.574805907397488   21.721369822398909   13.875063071168363  7.0 7.0 0.0 0.0 0.0 0.0 0 off
1195   Mo   18.642863387397956   23.567303611526398   13.865896179592623  7.0 7.0 0.0 0.0 0.0 0.0 0 off
1196   Mo   21.699346928530467   25.418861836331523   13.861280009866174  7.0 7.0 0.0 0.0 0.0 0.0 0 off
1197   Mo   24.735228889820895   27.284925471012972   13.868894221580476  7.0 7.0 0.0 0.0 0.0 0.0 0 off
1198   Mo   27.746873984279571   29.171947474574544   13.891541498293842  7.0 7.0 0.0 0.0 0.0 0.0 0 off
1199   Mo   30.732380990063668   31.083168451124092   13.921163920466274  7.0 7.0 0.0 0.0 0.0 0.0 0 off
1200   Mo   -2.443349881407593    6.928489360839788   14.056096663399984  7.0 7.0 0.0 0.0 0.0 0.0 0 off
1201   Mo    0.514495103638806    8.865673578698742   14.027172899195158  7.0 7.0 0.0 0.0 0.0 0.0 0 off
1202   Mo    3.493327604513469   10.785165413924631   13.980841611555123  7.0 7.0 0.0 0.0 0.0 0.0 0 off
1203   Mo    6.499293965043390   12.680633039228763   13.936284922240889  7.0 7.0 0.0 0.0 0.0 0.0 0 off
1204   Mo    9.532556177956241   14.552836429229382   13.903818911476707  7.0 7.0 0.0 0.0 0.0 0.0 0 off
1205   Mo   12.584516758306629   16.407491508307800   13.880819468891401  7.0 7.0 0.0 0.0 0.0 0.0 0 off
1206   Mo   15.645036808403020   18.250471867458792   13.864645728654411  7.0 7.0 0.0 0.0 0.0 0.0 0 off
1207   Mo   18.707267118592991   20.087342105126705   13.850682770949469  7.0 7.0 0.0 0.0 0.0 0.0 0 off
1208   Mo   21.764306753054662   21.924827193561125   13.841616421038413  7.0 7.0 0.0 0.0 0.0 0.0 0 off
1209   Mo   24.806986529252029   23.771783095261870   13.842272038477883  7.0 7.0 0.0 0.0 0.0 0.0 0 off
1210   Mo   27.828131454973619   25.638012605645077   13.856198202369919  7.0 7.0 0.0 0.0 0.0 0.0 0 off
1211   Mo   30.826524784668511   27.529487443893284   13.881221018360700  7.0 7.0 0.0 0.0 0.0 0.0 0 off
1212   Mo   33.803266662505713   29.443646842107292   13.903812719234720  7.0 7.0 0.0 0.0 0.0 0.0 0 off
1213   Mo    0.700375148230444    5.345399055242204   14.091519279531157  7.0 7.0 0.0 0.0 0.0 0.0 0 off
1214   Mo    3.659320876763710    7.279634880209724   14.040909952005082  7.0 7.0 0.0 0.0 0.0 0.0 0 off
1215   Mo    6.640923631303436    9.190181907148473   13.976852462928456  7.0 7.0 0.0 0.0 0.0 0.0 0 off
1216   Mo    9.648142996649913   11.073618078122230   13.921099191950505  7.0 7.0 0.0 0.0 0.0 0.0 0 off
1217   Mo   12.678645680290192   12.931978053115039   13.881184332019116  7.0 7.0 0.0 0.0 0.0 0.0 0 off
1218   Mo   15.722524257897646   14.771559000136399   13.856560344489145  7.0 7.0 0.0 0.0 0.0 0.0 0 off
1219   Mo   18.772223236974092   16.600260191836927   13.840404196647363  7.0 7.0 0.0 0.0 0.0 0.0 0 off
1220   Mo   21.821939666598233   18.425028584849134   13.830275602935753  7.0 7.0 0.0 0.0 0.0 0.0 0 off
1221   Mo   24.863995474934136   20.255612217362998   13.827938503586044  7.0 7.0 0.0 0.0 0.0 0.0 0 off
1222   Mo   27.891073688479356   22.101815810763917   13.836558156392289  7.0 7.0 0.0 0.0 0.0 0.0 0 off
1223   Mo   30.897709310440785   23.973608488042935   13.856583460619751  7.0 7.0 0.0 0.0 0.0 0.0 0 off
1224   Mo   33.883474632975108   25.873239784436457   13.880815213414458  7.0 7.0 0.0 0.0 0.0 0.0 0 off
1225   Mo    0.908599183720778    1.823514519771972   14.132127242456672  7.0 7.0 0.0 0.0 0.0 0.0 0 off
1226   Mo    3.855994343277852    3.765626992104667   14.090234164252337  7.0 7.0 0.0 0.0 0.0 0.0 0 off
1227   Mo    6.815349012107193    5.688571640418698   14.021959467535304  7.0 7.0 0.0 0.0 0.0 0.0 0 off
1228   Mo    9.794670255789313    7.581828350870544   13.949037804491507  7.0 7.0 0.0 0.0 0.0 0.0 0 off
1229   Mo   12.796045593695370    9.443680242973144   13.891450228587807  7.0 7.0 0.0 0.0 0.0 0.0 0 off
1230   Mo   15.815890668251814   11.281021201074948   13.856136198047254  7.0 7.0 0.0 0.0 0.0 0.0 0 off
1231   Mo   18.846856420693065   13.103627545580212   13.836523564724432  7.0 7.0 0.0 0.0 0.0 0.0 0 off
1232   Mo   21.882630681843086   14.918303909618016   13.825348858758243  7.0 7.0 0.0 0.0 0.0 0.0 0 off
1233   Mo   24.918138685940530   16.735450992213426   13.821195192018262  7.0 7.0 0.0 0.0 0.0 0.0 0 off
1234   Mo   27.944743616551115   18.565420949096307   13.825362042435099  7.0 7.0 0.0 0.0 0.0 0.0 0 off
1235   Mo   30.956567299332210   20.418137526386253   13.840397482161208  7.0 7.0 0.0 0.0 0.0 0.0 0 off
1236   Mo   33.949274709869336   22.301255555960207   13.864613264841790  7.0 7.0 0.0 0.0 0.0 0.0 0 off
1237   Mo   36.926708885817732   24.207309154130122   13.884012362466155  7.0 7.0 0.0 0.0 0.0 0.0 0 off
1238   Mo    4.067529314923848    0.245863600938264   14.110709100875086  7.0 7.0 0.0 0.0 0.0 0.0 0 off
1239   Mo    7.014356160866628    2.174946390362961   14.053731411462996  7.0 7.0 0.0 0.0 0.0 0.0 0 off
1240   Mo    9.971081222936485    4.075159604440851   13.981265269976923  7.0 7.0 0.0 0.0 0.0 0.0 0 off
1241   Mo   12.944585690216321    5.941813960938258   13.915289201596714  7.0 7.0 0.0 0.0 0.0 0.0 0 off
1242   Mo   15.936075608831802    7.779035008471532   13.868791579443380  7.0 7.0 0.0 0.0 0.0 0.0 0 off
1243   Mo   18.942674026067611    9.597748826939506   13.842196482861134  7.0 7.0 0.0 0.0 0.0 0.0 0 off
1244   Mo   21.959250443454881   11.405197767231780   13.827872793000509  7.0 7.0 0.0 0.0 0.0 0.0 0 off
1245   Mo   24.980732244229859   13.212166036686583   13.821166523695656  7.0 7.0 0.0 0.0 0.0 0.0 0 off
1246   Mo   28.000686358183039   15.028009583338575   13.821171183052229  7.0 7.0 0.0 0.0 0.0 0.0 0 off
1247   Mo   31.011997749152478   16.864632201593519   13.830229506792845  7.0 7.0 0.0 0.0 0.0 0.0 0 off
1248   Mo   34.008932531328497   18.730862630621981   13.850640370130261  7.0 7.0 0.0 0.0 0.0 0.0 0 off
1249   Mo   36.990283586518750   20.626641179631864   13.874993196588663  7.0 7.0 0.0 0.0 0.0 0.0 0 off
1250   Mo  -18.744796841987785   43.627358604102866   14.056697716814540  7.0 7.0 0.0 0.0 0.0 0.0 0 off
1251   Mo   10.168002254399850    0.555775349446483   13.999614148255636  7.0 7.0 0.0 0.0 0.0 0.0 0 off
1252   Mo   13.121792266053754    2.426683967814118   13.940435633569763  7.0 7.0 0.0 0.0 0.0 0.0 0 off
1253   Mo   16.089142983479668    4.265242037003833   13.892915467702178  7.0 7.0 0.0 0.0 0.0 0.0 0 off
1254   Mo   19.070076034224659    6.082941377367115   13.861194915800892  7.0 7.0 0.0 0.0 0.0 0.0 0 off
1255   Mo   22.063532885894674    7.886185457231088   13.841524151943972  7.0 7.0 0.0 0.0 0.0 0.0 0 off
1256   Mo   25.065641215408309    9.685987221117045   13.830215758579596  7.0 7.0 0.0 0.0 0.0 0.0 0 off
1257   Mo   28.072189210784664   11.491915730078205   13.825313256685943  7.0 7.0 0.0 0.0 0.0 0.0 0 off
1258   Mo   31.076306941139997   13.314837797840985   13.827866494128797  7.0 7.0 0.0 0.0 0.0 0.0 0 off
1259   Mo   34.071730303608511   15.164643797888282   13.841530329032789  7.0 7.0 0.0 0.0 0.0 0.0 0 off
1260   Mo   37.054883182342714   17.046670718608844   13.865785408212526  7.0 7.0 0.0 0.0 0.0 0.0 0 off
1261   Mo   40.027912094171093   18.954522573090241   13.886413647626499  7.0 7.0 0.0 0.0 0.0 0.0 0 off
1262   Mo  -12.653781339312756   43.876958882941935   13.948465969581555  7.0 7.0 0.0 0.0 0.0 0.0 0 off
1263   Mo   16.266778169017623    0.742475755199237   13.911524975393425  7.0 7.0 0.0 0.0 0.0 0.0 0 off
1264   Mo   19.229669867703134    2.559488551595610   13.885193309068503  7.0 7.0 0.0 0.0 0.0 0.0 0 off
1265   Mo   22.201843436370389    4.361720189280680   13.865794742266070  7.0 7.0 0.0 0.0 0.0 0.0 0 off
1266   Mo   25.183362356319936    6.157452360621389   13.850591209663250  7.0 7.0 0.0 0.0 0.0 0.0 0 off
1267   Mo   28.170769253209400    7.957239241059719   13.840324401170431  7.0 7.0 0.0 0.0 0.0 0.0 0 off
1268   Mo   31.161621028681711    9.770195799384323   13.836460806142412  7.0 7.0 0.0 0.0 0.0 0.0 0 off
1269   Mo   34.149903721773796   11.606115486079572   13.842159087865117  7.0 7.0 0.0 0.0 0.0 0.0 0 off
1270   Mo   37.130135228251262   13.473866580646073   13.861149028552610  7.0 7.0 0.0 0.0 0.0 0.0 0 off
1271   Mo   40.101731674314017   15.373802681267676   13.885217391876884  7.0 7.0 0.0 0.0 0.0 0.0 0 off
1272   Mo   -6.561081097368557   44.006724803997102   13.896989195043536  7.0 7.0 0.0 0.0 0.0 0.0 0 off
1273   Mo   22.367564771934301    0.833046226037304   13.886361567955214  7.0 7.0 0.0 0.0 0.0 0.0 0 off
1274   Mo   25.334467016886403    2.627638887861320   13.874917088211188  7.0 7.0 0.0 0.0 0.0 0.0 0 off
1275   Mo   28.305237778230961    4.423913157490341   13.864532048402836  7.0 7.0 0.0 0.0 0.0 0.0 0 off
1276   Mo   31.279324197108238    6.230481051555946   13.856472442619179  7.0 7.0 0.0 0.0 0.0 0.0 0 off
1277   Mo   34.255528270074947    8.056613665471486   13.856061080912829  7.0 7.0 0.0 0.0 0.0 0.0 0 off
1278   Mo   37.228258920214842    9.911690601139856   13.868738758976859  7.0 7.0 0.0 0.0 0.0 0.0 0 off
1279   Mo   40.194757852707909   11.801152773315701   13.892889817720954  7.0 7.0 0.0 0.0 0.0 0.0 0 off
1280   Mo   43.156744257393349   13.716351983272055   13.911527841339156  7.0 7.0 0.0 0.0 0.0 0.0 0 off
1281   Mo   -0.464217514176646   44.073170516170670   13.887745987047893  7.0 7.0 0.0 0.0 0.0 0.0 0 off
1282   Mo   28.467203653339904    0.892386445492947   13.883926679261224  7.0 7.0 0.0 0.0 0.0 0.0 0 off
1283   Mo   31.431572227556170    2.694936340954075   13.880713424451429  7.0 7.0 0.0 0.0 0.0 0.0 0 off
1284   Mo   34.394392978305802    4.514210718062676   13.881069232341170  7.0 7.0 0.0 0.0 0.0 0.0 0 off
1285   Mo   37.356636727037554    6.360013863831235   13.891365333774720  7.0 7.0 0.0 0.0 0.0 0.0 0 off
1286   Mo   40.315077331427759    8.239598610803885   13.915223521156861  7.0 7.0 0.0 0.0 0.0 0.0 0 off
1287   Mo   43.270681990167830   10.150608961651686   13.940377348986912  7.0 7.0 0.0 0.0 0.0 0.0 0 off
1288   Mo    5.635785595534697   44.140752222184950   13.893400384113495  7.0 7.0 0.0 0.0 0.0 0.0 0 off
1289   Mo   34.563736640706452    0.979203823685128   13.903623736012639  7.0 7.0 0.0 0.0 0.0 0.0 0 off
1290   Mo   37.519046742068817    2.818892784481907   13.920963253290187  7.0 7.0 0.0 0.0 0.0 0.0 0 off
1291   Mo   40.469740675314434    4.691664278040407   13.948926299622119  7.0 7.0 0.0 0.0 0.0 0.0 0 off
1292   Mo   43.418386164765039    6.597791282123689   13.981134643760118  7.0 7.0 0.0 0.0 0.0 0.0 0 off
1293   Mo   46.367844425617925    8.527971101472778   13.999440262042311  7.0 7.0 0.0 0.0 0.0 0.0 0 off
1294   Mo   11.735147001832908   44.263840235212086   13.936474310158740  7.0 7.0 0.0 0.0 0.0 0.0 0 off
1295   Mo   40.653731362255165    1.156260310940362   13.976704711717799  7.0 7.0 0.0 0.0 0.0 0.0 0 off
1296   Mo   43.599014014328944    3.058126603834988   14.021768865352129  7.0 7.0 0.0 0.0 0.0 0.0 0 off
1297   Mo   46.542478092979508    4.987320046411530   14.053353740918242  7.0 7.0 0.0 0.0 0.0 0.0 0 off
1298   Mo   17.832559968143585   44.504853907776734   14.041071683572184  7.0 7.0 0.0 0.0 0.0 0.0 0 off
1299   Mo   46.744011271715941    1.456788939073983   14.089868380349742  7.0 7.0 0.0 0.0 0.0 0.0 0 off
1300   Mo   49.686491800556283    3.399801410602038   14.110142874795446  7.0 7.0 0.0 0.0 0.0 0.0 0 off
1301   Mo   23.933096377413765   44.850731344829995   14.132184705903862  7.0 7.0 0.0 0.0 0.0 0.0 0 off
1302   Mo  -24.841866059501953   43.276901653501767   14.132490103601075  7.0 7.0 0.0 0.0 0.0 0.0 0 off
Atoms.SpeciesAndCoordinates>
Atoms.UnitVectors.Unit             Ang  # Ang|AU
<Atoms.UnitVectors
  51.933150961868932   -0.000008494762111   -0.000168220479229
 -25.966580336815348   44.975442788580068    0.000367932044416
  -0.000081177714218    0.000155556142662   24.963408640206492
Atoms.UnitVectors>

#
# SCF or Electronic System
#

scf.XcType                 GGA-PBE     # LDA|LSDA-CA|LSDA-PW|GGA-PBE
scf.SpinPolarization NC
scf.SpinOrbit.Coupling on
scf.ElectronicTemperature  300.0       # default=300 (K)
scf.energycutoff           120       # default=150 (Ry)
scf.maxIter 1
scf.EigenvalueSolver        Band    # DC|GDC|Cluster|Band|Krylov
scf.Kgrid                   1 1 1      # means n1 x n2 x n3
scf.Mixing.Type            Rmm-diisk     # Simple|Rmm-Diis|Gr-Pulay|Kerker|Rmm-Diisk
scf.Init.Mixing.Weight     0.01        # default=0.30
scf.Min.Mixing.Weight      0.001       # default=0.001
scf.Max.Mixing.Weight      0.050       # default=0.40
scf.Mixing.History         35          # default=5
scf.Mixing.StartPulay      30          # default=6
scf.criterion             1.0e-7       # default=1.0e-6 (Hartree)
scf.lapack.dste            dstevx      # dstevx|dstedc|dstegr,default=dstevx
scf.eigen.lib      elpa2    # elpa1|elpa2, default=elpa1
scf.restart.filename nsoc
scf.restart c2n

#
# SCF Order-N
#

orderN.HoppingRanges       9        # default=5.0 (Ang)
orderN.KrylovH.order         3600
#orderN.NumHoppings           2         # default=2

#
# MD or Geometry Optimization
#
MD.Type Nomd
MD.maxIter                    1        # default=1
MD.TimeStep                   1        # default=0.5 (fs)
MD.Opt.criterion         1.0e-5        # default=1.0e-4 (Hartree/bohr)



memory.usage.fileout   off  # default=off, on|off
HS.fileout on


scf.fixed.grid     0.00000000000000    0.00000000000000    0.00000000000000
