-4.1223347388 -4.1223347388 -4.0388052558 -4.0388052558 -4.0370184049 -4.0370184049 -4.0231477119 -4.0231477119 -4.0011473557 -4.0011473557 -3.9956611432 -3.9956611432 -3.9880705109 -3.9880705109 -3.8633114461 -3.8633114461 -3.8584454081 -3.8584454081 -3.8514520035 -3.8514520035 -3.8093342406 -3.8093342406 -3.8007157107 -3.8007157107 -3.7956930463 -3.7956930463 -3.7828580405 -3.7828580405 -3.7789492100 -3.7789492100 -3.7696687984 -3.7696687984 -3.7220936820 -3.7220936820 -3.7134291399 -3.7134291399 -3.7073298728 -3.7073298728 -3.6733004288 -3.6733004288 -3.6110043773 -3.6110043773 -3.5983288273 -3.5983288273 -3.5979088009 -3.5979088009 -3.5864049026 -3.5864049026 -3.5826376130 -3.5826376130 -3.5801939431 -3.5801939431 -3.5774277292 -3.5774277292 -3.5770151331 -3.5770151331 -3.5707277440 -3.5707277440 -3.5582131627 -3.5582131627 -3.5392696675 -3.5392696675 -3.5213463236 -3.5213463236 -3.5140305808 -3.5140305808 -3.5093218822 -3.5093218822 -3.5042627255 -3.5042627255 -3.5025321317 -3.5025321317 -3.5003845092 -3.5003845092 -3.4982095099 -3.4982095099 -3.4583691759 -3.4583691759 -3.4499650866 -3.4499650866 -3.4493929917 -3.4493929917 -3.3956410580 -3.3956410580 -3.3893860937 -3.3893860937 -3.3845579888 -3.3845579888 -3.3787059272 -3.3787059272 -3.3738514720 -3.3738514720 -3.3640151898 -3.3640151898 -3.3087157553 -3.3087157553 -3.3041413834 -3.3041413834 -3.2897245074 -3.2897245074 -3.2537126416 -3.2537126416 -3.2422598319 -3.2422598319 -3.2394715483 -3.2394715483 -3.2292208621 -3.2292208621 -3.2238273576 -3.2238273576 -3.2232309762 -3.2232309762 -3.1552863845 -3.1552863845 -3.1441136904 -3.1441136904 -3.1419290312 -3.1419290312 -3.1309049871 -3.1309049871 -3.1261397159 -3.1261397159 -3.1253279992 -3.1253279992
-4.1226990816 -4.1218324392 -4.0416449314 -4.0390434174 -4.0365680609 -4.0353414217 -4.0244094867 -4.0209341126 -4.0039800518 -4.0001905545 -3.9961268728 -3.9948822833 -3.9889918191 -3.9849204512 -3.8678301615 -3.8633605359 -3.8581084826 -3.8577602924 -3.8520278186 -3.8471635485 -3.8136662335 -3.8084476606 -3.8022083792 -3.8008800054 -3.7957801648 -3.7911847417 -3.7869859691 -3.7830680689 -3.7791454470 -3.7764437808 -3.7710272865 -3.7651659911 -3.7272077949 -3.7206391567 -3.7155385898 -3.7124111631 -3.7076939405 -3.7020286404 -3.6736232029 -3.6728969167 -3.6126233432 -3.6098355178 -3.6032373015 -3.5989907417 -3.5972632571 -3.5947687281 -3.5886827127 -3.5872626389 -3.5856915357 -3.5845703842 -3.5813397065 -3.5791003227 -3.5782359692 -3.5756229480 -3.5733387366 -3.5722342832 -3.5712568480 -3.5696802778 -3.5589103947 -3.5569697906 -3.5392820337 -3.5392319356 -3.5255496922 -3.5192117759 -3.5166715750 -3.5129513803 -3.5105269283 -3.5099298750 -3.5082875417 -3.5067999642 -3.5034830234 -3.5005757648 -3.5004479177 -3.4974403995 -3.4951094373 -3.4923996211 -3.4615388225 -3.4570339990 -3.4531223499 -3.4508562996 -3.4475214020 -3.4451971247 -3.3979887929 -3.3958286297 -3.3907125821 -3.3895811070 -3.3856287339 -3.3828703601 -3.3797490356 -3.3776010611 -3.3729243714 -3.3724874976 -3.3657849795 -3.3608174194 -3.3130417299 -3.3081029944 -3.3038194565 -3.3020543781 -3.2919932384 -3.2859874704 -3.2571721125 -3.2517373737 -3.2446067690 -3.2429211267 -3.2392923259 -3.2357868258 -3.2324956954 -3.2289292107 -3.2262191680 -3.2242084640 -3.2210438654 -3.2188549640 -3.1591480012 -3.1532990427 -3.1471118120 -3.1449387000 -3.1412059414 -3.1376993501 -3.1347069436 -3.1313350646 -3.1280402292 -3.1263896447 -3.1228341684 -3.1205414630
-4.1229253249 -4.1211924451 -4.0450458093 -4.0405635880 -4.0367566981 -4.0331012942 -4.0243325301 -4.0183353595 -4.0070812835 -4.0012355096 -3.9979915884 -3.9924460999 -3.9873905600 -3.9807519274 -3.8731736322 -3.8676495441 -3.8578311045 -3.8572641618 -3.8480262491 -3.8418314916 -3.8190939267 -3.8122785098 -3.8036760649 -3.8009186869 -3.7945026538 -3.7900177320 -3.7867802597 -3.7845539667 -3.7804843116 -3.7722148345 -3.7687813737 -3.7593829764 -3.7335590449 -3.7230547481 -3.7197632781 -3.7086898013 -3.7044802349 -3.6954164562 -3.6738700338 -3.6723959800 -3.6146184962 -3.6099870294 -3.6079773300 -3.6009651188 -3.5971821554 -3.5948099110 -3.5921365197 -3.5905175209 -3.5888422187 -3.5868085950 -3.5803703779 -3.5780100967 -3.5764706574 -3.5731939679 -3.5712981297 -3.5699451910 -3.5664230090 -3.5655962219 -3.5588749839 -3.5552946508 -3.5394945516 -3.5390471634 -3.5307416703 -3.5217719423 -3.5188177423 -3.5159346222 -3.5141542597 -3.5119820696 -3.5100912367 -3.5083699128 -3.5016499012 -3.4995882426 -3.4976583520 -3.4921068513 -3.4884602330 -3.4855591736 -3.4653383241 -3.4596793017 -3.4536561270 -3.4512696937 -3.4441082112 -3.4406580182 -3.4017080002 -3.3984220972 -3.3937569297 -3.3901738846 -3.3865224990 -3.3832188257 -3.3781358574 -3.3760783222 -3.3716072556 -3.3697959007 -3.3646644787 -3.3568685246 -3.3181332326 -3.3101733771 -3.3047477005 -3.2979697731 -3.2920412625 -3.2814478457 -3.2613174261 -3.2528701445 -3.2466769509 -3.2439372485 -3.2372401284 -3.2362937456 -3.2328885638 -3.2312291090 -3.2256420453 -3.2234678066 -3.2171194163 -3.2140397911 -3.1638003244 -3.1554073551 -3.1489631657 -3.1461143394 -3.1395150492 -3.1381528389 -3.1357025896 -3.1328625350 -3.1274002020 -3.1253481448 -3.1182879753 -3.1152344502
-4.1230134380 -4.1204151518 -4.0486406073 -4.0422124150 -4.0377919753 -4.0313892901 -4.0231052511 -4.0163354091 -4.0092077576 -4.0025242478 -4.0002109102 -3.9895300544 -3.9847255465 -3.9760257986 -3.8786581408 -3.8728558043 -3.8575646002 -3.8570317337 -3.8427547398 -3.8362664976 -3.8247465108 -3.8176951985 -3.8061172155 -3.8007813055 -3.7973232902 -3.7902242704 -3.7877330571 -3.7824519939 -3.7769548612 -3.7680583298 -3.7653096894 -3.7530019916 -3.7404114076 -3.7263792499 -3.7238976233 -3.7043684593 -3.7006195344 -3.6883664987 -3.6740400005 -3.6717453685 -3.6171811162 -3.6149596075 -3.6088134747 -3.6044384704 -3.5997926216 -3.5979624427 -3.5944777849 -3.5933657175 -3.5894354996 -3.5878963560 -3.5784886306 -3.5770003521 -3.5744665840 -3.5736416478 -3.5696086916 -3.5657700284 -3.5607696281 -3.5601801181 -3.5577963316 -3.5529040614 -3.5406087125 -3.5389523080 -3.5354147581 -3.5276177379 -3.5218468445 -3.5212339169 -3.5178836316 -3.5125418398 -3.5111937352 -3.5068628244 -3.4993804965 -3.4981754113 -3.4931249869 -3.4864260450 -3.4814696629 -3.4785111153 -3.4693127198 -3.4637507643 -3.4532200824 -3.4513667643 -3.4400438856 -3.4360452167 -3.4061372991 -3.4020436361 -3.3972237521 -3.3921616937 -3.3883303155 -3.3826540634 -3.3772701399 -3.3730931099 -3.3708659538 -3.3661282293 -3.3608697327 -3.3524741460 -3.3234714523 -3.3126571458 -3.3070020268 -3.2938382469 -3.2903232144 -3.2764387559 -3.2657933514 -3.2567037716 -3.2476121676 -3.2451037683 -3.2402909765 -3.2369661851 -3.2335275341 -3.2276228143 -3.2247315428 -3.2215948740 -3.2127133667 -3.2091097109 -3.1688270259 -3.1601389806 -3.1500610132 -3.1475911214 -3.1432930528 -3.1400929635 -3.1345673917 -3.1289676331 -3.1263091788 -3.1230551936 -3.1133097200 -3.1098007031
-4.1229634964 -4.1195011071 -4.0523268743 -4.0438633952 -4.0392918761 -4.0305573123 -4.0213533621 -4.0163508039 -4.0089467248 -4.0035148671 -4.0017682016 -3.9864668381 -3.9816630671 -3.9709350622 -3.8841495625 -3.8782713623 -3.8572621861 -3.8567516270 -3.8376795001 -3.8314432466 -3.8295680399 -3.8229449327 -3.8108734353 -3.8005712005 -3.7987189541 -3.7931030359 -3.7901661696 -3.7772563364 -3.7709736162 -3.7640242887 -3.7614804345 -3.7480488277 -3.7457029669 -3.7298098082 -3.7277651833 -3.6999799521 -3.6965486875 -3.6813335690 -3.6741252166 -3.6707478319 -3.6218359957 -3.6193525363 -3.6110434736 -3.6074762709 -3.6040847106 -3.6030012407 -3.5961338742 -3.5926560136 -3.5902471318 -3.5885084497 -3.5775372076 -3.5762085090 -3.5747467087 -3.5715036015 -3.5671867720 -3.5611344850 -3.5579410853 -3.5560724035 -3.5530829733 -3.5490073454 -3.5448381604 -3.5397835243 -3.5365759157 -3.5334953914 -3.5274931289 -3.5266021155 -3.5187291222 -3.5132681479 -3.5121694784 -3.5042979970 -3.4973120861 -3.4964473155 -3.4877033174 -3.4807564987 -3.4745485738 -3.4731050969 -3.4713839194 -3.4678256047 -3.4527664490 -3.4512745744 -3.4356876723 -3.4314092543 -3.4109105213 -3.4061006210 -3.4009485531 -3.3947876105 -3.3904837857 -3.3818682603 -3.3764504686 -3.3705126446 -3.3693135766 -3.3615615679 -3.3561302302 -3.3478133575 -3.3289015989 -3.3152166583 -3.3097504435 -3.2898750530 -3.2877908895 -3.2712997165 -3.2703137729 -3.2612594501 -3.2494336490 -3.2467666981 -3.2431194788 -3.2398200129 -3.2307654135 -3.2252639850 -3.2226478184 -3.2185691390 -3.2081279931 -3.2041058008 -3.1740518867 -3.1654243301 -3.1526476712 -3.1501601113 -3.1458768648 -3.1429537285 -3.1314755530 -3.1268354090 -3.1235654366 -3.1194680118 -3.1081733124 -3.1042814082
-4.1227756805 -4.1184510418 -4.0560418595 -4.0454737768 -4.0409594258 -4.0311359694 -4.0197833552 -4.0167350960 -4.0080724708 -4.0050169704 -4.0005643137 -3.9832963312 -3.9783888411 -3.9655873895 -3.8896007926 -3.8837275564 -3.8569192867 -3.8564166367 -3.8379988754 -3.8315176675 -3.8292264941 -3.8229336032 -3.8168431878 -3.8004846530 -3.7990232740 -3.7961031326 -3.7928653378 -3.7712141388 -3.7647587171 -3.7604322229 -3.7576469945 -3.7541140356 -3.7394475157 -3.7330562811 -3.7312815365 -3.6955827098 -3.6923735820 -3.6754588244 -3.6740530835 -3.6684493535 -3.6280122758 -3.6233854111 -3.6152866614 -3.6102244257 -3.6084800887 -3.6068723942 -3.5972040802 -3.5920086689 -3.5908177772 -3.5887775420 -3.5788576069 -3.5750178293 -3.5733832625 -3.5705212709 -3.5631910133 -3.5586869329 -3.5554480069 -3.5529756908 -3.5504268222 -3.5468520828 -3.5442526709 -3.5415328600 -3.5391831209 -3.5346413630 -3.5331136443 -3.5316893577 -3.5185393753 -3.5142700809 -3.5128671891 -3.5013350461 -3.4952573399 -3.4944993591 -3.4820323142 -3.4778235104 -3.4745483240 -3.4720416616 -3.4669541651 -3.4641063895 -3.4522614772 -3.4510411961 -3.4312067178 -3.4268303259 -3.4157978269 -3.4103742826 -3.4048537611 -3.3974199509 -3.3928626687 -3.3810564066 -3.3758735636 -3.3682221620 -3.3667822583 -3.3565211083 -3.3510494541 -3.3430767306 -3.3342266556 -3.3177546147 -3.3125779116 -3.2862183039 -3.2849358444 -3.2750250765 -3.2669528863 -3.2649528949 -3.2524225870 -3.2495075760 -3.2445114136 -3.2417594033 -3.2283163787 -3.2239856521 -3.2193395628 -3.2146822987 -3.2034589724 -3.1990568364 -3.1793864923 -3.1708818897 -3.1565266306 -3.1541272921 -3.1470019065 -3.1447279585 -3.1289119610 -3.1255389265 -3.1196810006 -3.1150328952 -3.1029493511 -3.0986968249
-4.1224502760 -4.1172659157 -4.0597433208 -4.0470283611 -4.0426511132 -4.0332579571 -4.0189616153 -4.0158736027 -4.0076823219 -4.0064002244 -3.9971281430 -3.9800201546 -3.9749636539 -3.9600507037 -3.8949864479 -3.8891657327 -3.8565613381 -3.8560870620 -3.8431914481 -3.8363444546 -3.8245953733 -3.8231451845 -3.8174542878 -3.8010840220 -3.7994141423 -3.7983551607 -3.7948828284 -3.7652728245 -3.7631328791 -3.7584400655 -3.7548808599 -3.7529241649 -3.7370533194 -3.7353833168 -3.7309075279 -3.6911864599 -3.6881491789 -3.6741358683 -3.6723461767 -3.6629815343 -3.6344374738 -3.6284532750 -3.6195141902 -3.6152878673 -3.6124531852 -3.6082326165 -3.5980810783 -3.5928885112 -3.5907590045 -3.5880218331 -3.5807739325 -3.5736751135 -3.5717359387 -3.5696172788 -3.5608206355 -3.5585479521 -3.5554399106 -3.5530495252 -3.5496054334 -3.5460627656 -3.5422903258 -3.5403224020 -3.5383563737 -3.5374681830 -3.5364701724 -3.5312954385 -3.5180649866 -3.5153431860 -3.5130856334 -3.4983411455 -3.4931705462 -3.4924087386 -3.4812105354 -3.4770539704 -3.4755461531 -3.4685924064 -3.4598949044 -3.4571367794 -3.4514422076 -3.4506784159 -3.4267472185 -3.4229676041 -3.4201507377 -3.4146852904 -3.4087698566 -3.3999230180 -3.3952616910 -3.3802695440 -3.3754373540 -3.3656702792 -3.3640827676 -3.3512779892 -3.3458198341 -3.3407110271 -3.3369076451 -3.3202193750 -3.3153167542 -3.2839158771 -3.2819660546 -3.2786161922 -3.2708927311 -3.2612282411 -3.2558939818 -3.2521465945 -3.2451549601 -3.2429683112 -3.2262915928 -3.2227935593 -3.2155172999 -3.2103989695 -3.1987578634 -3.1940141811 -3.1847604275 -3.1764030125 -3.1609073987 -3.1586182224 -3.1476956822 -3.1459034668 -3.1267940072 -3.1242220098 -3.1153001729 -3.1102622452 -3.0976644249 -3.0930607920
-4.1219876769 -4.1159469924 -4.0634018887 -4.0485293934 -4.0443053468 -4.0363656155 -4.0186756211 -4.0147730537 -4.0078509197 -4.0060554227 -3.9927902097 -3.9766374906 -3.9714113473 -3.9543738211 -3.9002856135 -3.8945583017 -3.8562798248 -3.8560059545 -3.8484406796 -3.8418937077 -3.8299713334 -3.8186850836 -3.8117064179 -3.8028653951 -3.8018023098 -3.7980365745 -3.7955749567 -3.7704682531 -3.7585595424 -3.7531068285 -3.7507900017 -3.7484189904 -3.7396720169 -3.7381394617 -3.7242032781 -3.6868135812 -3.6839401130 -3.6738939520 -3.6710659631 -3.6557441010 -3.6409658356 -3.6343185364 -3.6238224975 -3.6207293473 -3.6157033734 -3.6091760426 -3.5988917616 -3.5940538279 -3.5913388978 -3.5863312221 -3.5827694068 -3.5724876823 -3.5703318894 -3.5688331380 -3.5648175710 -3.5595577530 -3.5565432421 -3.5531752285 -3.5477541295 -3.5461011610 -3.5444673523 -3.5418246033 -3.5393835569 -3.5328937435 -3.5317717109 -3.5277182663 -3.5176979183 -3.5163776403 -3.5125532350 -3.4958054965 -3.4910833624 -3.4903522154 -3.4839104912 -3.4804758967 -3.4701797099 -3.4628849342 -3.4538321921 -3.4514746332 -3.4501659332 -3.4481891932 -3.4262328315 -3.4227665299 -3.4190636402 -3.4176765512 -3.4119669823 -3.4022739626 -3.3975328276 -3.3795130339 -3.3750172457 -3.3629293185 -3.3615872032 -3.3465905219 -3.3444736385 -3.3403678146 -3.3325455842 -3.3225594833 -3.3178395633 -3.2864318654 -3.2800892969 -3.2778802161 -3.2741799294 -3.2609751170 -3.2592418946 -3.2511517461 -3.2455024861 -3.2436704531 -3.2245409533 -3.2215115881 -3.2113974189 -3.2059727872 -3.1940989216 -3.1905934452 -3.1886384858 -3.1818131521 -3.1653975798 -3.1632518434 -3.1482875084 -3.1468056540 -3.1248942223 -3.1227847604 -3.1106402745 -3.1053751390 -3.0923318971 -3.0873840884
-4.1213883925 -4.1144959611 -4.0669963904 -4.0500008441 -4.0459004628 -4.0398774312 -4.0188505898 -4.0145336164 -4.0074054537 -4.0042126783 -3.9880379067 -3.9731499966 -3.9677432560 -3.9486015371 -3.9054721543 -3.8998874613 -3.8575737069 -3.8563030131 -3.8520481202 -3.8471388569 -3.8364742263 -3.8135600912 -3.8066089041 -3.8048446322 -3.8038102710 -3.7972464433 -3.7951549987 -3.7775702532 -3.7525353227 -3.7493771959 -3.7472130218 -3.7435549635 -3.7415407347 -3.7392732086 -3.7169879331 -3.6825347754 -3.6798926146 -3.6734407645 -3.6700358672 -3.6481446074 -3.6474959776 -3.6405560966 -3.6284653992 -3.6261474563 -3.6181626114 -3.6101281921 -3.5996692410 -3.5952572347 -3.5921863010 -3.5853128198 -3.5838265327 -3.5741626731 -3.5705865887 -3.5683284582 -3.5660982834 -3.5644118361 -3.5573192893 -3.5533244894 -3.5506572525 -3.5486988021 -3.5437389227 -3.5386438234 -3.5368910203 -3.5287314888 -3.5260188591 -3.5223706323 -3.5174629994 -3.5171249206 -3.5112394615 -3.4950324897 -3.4893012146 -3.4885284224 -3.4847564947 -3.4834627359 -3.4644642381 -3.4572134472 -3.4521034599 -3.4494774327 -3.4448363179 -3.4415429623 -3.4309466233 -3.4245380128 -3.4194011370 -3.4163509494 -3.4109568776 -3.4044234388 -3.3995023766 -3.3787872122 -3.3745570468 -3.3607597971 -3.3594699494 -3.3490729273 -3.3402758777 -3.3350403953 -3.3279905936 -3.3246117432 -3.3198112635 -3.2910442428 -3.2828770317 -3.2756048487 -3.2729455581 -3.2638402010 -3.2624761061 -3.2480206875 -3.2454889468 -3.2429685299 -3.2229398989 -3.2201226355 -3.2071553619 -3.2015499785 -3.1956270717 -3.1900710737 -3.1876311532 -3.1830735836 -3.1697726487 -3.1678875399 -3.1488394818 -3.1475608845 -3.1230673111 -3.1212254922 -3.1058365175 -3.1004502861 -3.0869601997 -3.0816755973
-4.1206530571 -4.1129151475 -4.0705107330 -4.0515115232 -4.0474442911 -4.0434062557 -4.0193917426 -4.0152573050 -4.0056775196 -4.0016735448 -3.9830397706 -3.9695626741 -3.9639663801 -3.9427953945 -3.9104994204 -3.9051354283 -3.8620276094 -3.8577459806 -3.8527640964 -3.8510370016 -3.8427028496 -3.8114029170 -3.8075383009 -3.8045335807 -3.8000530214 -3.7961881197 -3.7938182721 -3.7843982926 -3.7500586136 -3.7468759456 -3.7456669095 -3.7421624213 -3.7371241241 -3.7359369138 -3.7096665415 -3.6785734640 -3.6764738852 -3.6723659712 -3.6687853598 -3.6541177721 -3.6470698641 -3.6402970731 -3.6333150521 -3.6314326301 -3.6200186613 -3.6111365386 -3.6004200319 -3.5964948560 -3.5932260600 -3.5871007123 -3.5820929064 -3.5800749674 -3.5728822594 -3.5691143231 -3.5659377746 -3.5642764792 -3.5590313562 -3.5568277668 -3.5546885141 -3.5492025350 -3.5400506571 -3.5358784866 -3.5317309154 -3.5260288825 -3.5203731612 -3.5186079758 -3.5170496204 -3.5145522071 -3.5093924391 -3.4969072857 -3.4896185858 -3.4864458657 -3.4852863530 -3.4817912782 -3.4589969440 -3.4524316442 -3.4509215342 -3.4481344071 -3.4383184014 -3.4359017298 -3.4335122886 -3.4287048064 -3.4229456902 -3.4123836134 -3.4081664527 -3.4057232501 -3.4006283967 -3.3781125154 -3.3740384630 -3.3620332975 -3.3566499166 -3.3497782731 -3.3351924072 -3.3300521500 -3.3268754908 -3.3244979290 -3.3194043907 -3.2959525292 -3.2875968701 -3.2745978209 -3.2707192025 -3.2663907518 -3.2642542533 -3.2473995935 -3.2456981628 -3.2385676332 -3.2214502774 -3.2186323187 -3.2035070688 -3.2005185503 -3.1968795353 -3.1938337062 -3.1849696433 -3.1785939946 -3.1736074913 -3.1722501489 -3.1493591596 -3.1482152384 -3.1212414164 -3.1195556521 -3.1009625274 -3.0955187228 -3.0815556542 -3.0759428276
-4.1197824475 -4.1112078991 -4.0739316573 -4.0532365740 -4.0489911893 -4.0465709651 -4.0201236349 -4.0163951262 -4.0031889747 -3.9987207471 -3.9778701197 -3.9658852147 -3.9600868053 -3.9370934651 -3.9152521174 -3.9102699553 -3.8673969565 -3.8617101185 -3.8541919514 -3.8518062528 -3.8476231933 -3.8131031971 -3.8103101596 -3.8012415946 -3.7965947011 -3.7947848670 -3.7917907019 -3.7887221346 -3.7520422158 -3.7493491754 -3.7403213648 -3.7382013918 -3.7323191367 -3.7294745951 -3.7023058033 -3.6756187822 -3.6744231642 -3.6699544021 -3.6668978234 -3.6603809650 -3.6534177470 -3.6387393099 -3.6370022233 -3.6318345848 -3.6213912391 -3.6122124226 -3.6011527893 -3.5978278084 -3.5946888391 -3.5891926612 -3.5863273996 -3.5802577461 -3.5788075029 -3.5684413665 -3.5653901673 -3.5640239943 -3.5623962909 -3.5602444362 -3.5552554842 -3.5493892072 -3.5365897519 -3.5317895920 -3.5266169667 -3.5240233767 -3.5191556683 -3.5177252457 -3.5116773451 -3.5087607802 -3.5070460086 -3.4998957616 -3.4925421905 -3.4839926590 -3.4833192396 -3.4786373035 -3.4544126143 -3.4514178057 -3.4478066064 -3.4444538336 -3.4408504918 -3.4331865567 -3.4299228248 -3.4275090893 -3.4261705631 -3.4094260394 -3.4088428200 -3.4041542994 -3.3990981711 -3.3775784141 -3.3734607205 -3.3658448098 -3.3536039641 -3.3479008710 -3.3315632688 -3.3291713396 -3.3253394161 -3.3225033207 -3.3152773836 -3.3009297364 -3.2926298546 -3.2761994569 -3.2725343313 -3.2650577535 -3.2629509713 -3.2476052904 -3.2460924208 -3.2328193686 -3.2201632276 -3.2170499300 -3.2067470929 -3.1999356897 -3.1975502400 -3.1924274557 -3.1831630742 -3.1775564791 -3.1759343604 -3.1718897690 -3.1498416806 -3.1487838999 -3.1193825032 -3.1177870350 -3.0960574353 -3.0905940565 -3.0761235695 -3.0701922041
-4.1187775076 -4.1093793372 -4.0772467909 -4.0554993738 -4.0506053161 -4.0489052236 -4.0209146044 -4.0176203293 -4.0002936157 -3.9955023666 -3.9725713097 -3.9621357322 -3.9561120540 -3.9320057480 -3.9193239999 -3.9151658515 -3.8729058120 -3.8668665910 -3.8587166919 -3.8511328869 -3.8492316839 -3.8156894216 -3.8130887112 -3.8024259917 -3.7953216606 -3.7939557979 -3.7896876132 -3.7844828817 -3.7546365740 -3.7522140433 -3.7351030565 -3.7337982577 -3.7266756979 -3.7227227946 -3.6949511707 -3.6743305624 -3.6733703138 -3.6690625449 -3.6655671619 -3.6622245381 -3.6594762862 -3.6437503830 -3.6420481771 -3.6249951707 -3.6216462693 -3.6133679936 -3.6019474993 -3.5995519328 -3.5974919344 -3.5919499684 -3.5903313812 -3.5855605072 -3.5777157303 -3.5700889574 -3.5687221137 -3.5665653296 -3.5613131243 -3.5599058490 -3.5543511948 -3.5495878782 -3.5332514383 -3.5274006440 -3.5233804553 -3.5215687010 -3.5189723090 -3.5155226703 -3.5063037982 -3.5049337562 -3.5031595980 -3.5011367012 -3.4953256050 -3.4813920711 -3.4808513760 -3.4751911089 -3.4522896751 -3.4509239460 -3.4451423844 -3.4438633494 -3.4391396464 -3.4367528656 -3.4313446981 -3.4225851962 -3.4194019828 -3.4109270853 -3.4087126422 -3.4009911695 -3.3950762732 -3.3775605858 -3.3728487767 -3.3699121136 -3.3505591368 -3.3450665553 -3.3316830869 -3.3303499484 -3.3215199628 -3.3175177818 -3.3102815692 -3.3058464118 -3.2977439783 -3.2792804769 -3.2762887252 -3.2618362233 -3.2598987394 -3.2479159757 -3.2464525508 -3.2268511782 -3.2195842657 -3.2153922192 -3.2110361934 -3.2053521737 -3.1934607048 -3.1886303643 -3.1852994542 -3.1817675030 -3.1726497632 -3.1671196107 -3.1502791379 -3.1492671024 -3.1174745347 -3.1159294406 -3.0911427303 -3.0856827114 -3.0706686975 -3.0644292631
-4.1176393878 -4.1074379572 -4.0804422742 -4.0584508035 -4.0520537922 -4.0504461291 -4.0216869470 -4.0188101992 -3.9971413128 -3.9920949885 -3.9671755251 -3.9583509252 -3.9520547842 -3.9298392207 -3.9218716616 -3.9183119157 -3.8784044879 -3.8723009351 -3.8647468854 -3.8502364833 -3.8489456811 -3.8185620501 -3.8158327174 -3.8080801080 -3.7940095501 -3.7927134708 -3.7845018577 -3.7785726213 -3.7573192403 -3.7550053820 -3.7302239945 -3.7292169238 -3.7204898782 -3.7158835584 -3.6876860381 -3.6752164111 -3.6744342211 -3.6729398794 -3.6646393990 -3.6615870913 -3.6585811578 -3.6487750797 -3.6470504629 -3.6240101840 -3.6157191108 -3.6145262434 -3.6045162722 -3.6023027285 -3.6005375606 -3.5947299984 -3.5926317640 -3.5900718964 -3.5770170723 -3.5740401557 -3.5735445054 -3.5665363332 -3.5597001472 -3.5578129321 -3.5529762255 -3.5495632042 -3.5299316992 -3.5247049759 -3.5222846105 -3.5192684024 -3.5156529740 -3.5126353905 -3.5067409456 -3.5047260401 -3.4980929864 -3.4967510718 -3.4945504134 -3.4787366704 -3.4782037147 -3.4718907209 -3.4530222996 -3.4508550023 -3.4474248374 -3.4410657580 -3.4385728183 -3.4355558673 -3.4327340998 -3.4153859902 -3.4127120979 -3.4123014213 -3.4094803969 -3.3968297073 -3.3904466697 -3.3792717580 -3.3726683766 -3.3717709945 -3.3476413003 -3.3418972828 -3.3329152419 -3.3319499373 -3.3164760444 -3.3123140923 -3.3106522975 -3.3049748798 -3.3027878162 -3.2827088112 -3.2802589746 -3.2583505478 -3.2563045170 -3.2482154420 -3.2467078304 -3.2221512255 -3.2202255141 -3.2139384345 -3.2129875969 -3.2105342749 -3.1908754659 -3.1886423014 -3.1869394481 -3.1823127527 -3.1681521875 -3.1619712976 -3.1506613410 -3.1496516979 -3.1155101869 -3.1139905773 -3.0862306945 -3.0807878589 -3.0651954235 -3.0586587991
-4.1163695065 -4.1053994234 -4.0834984622 -4.0618245959 -4.0531538613 -4.0516147124 -4.0223964178 -4.0199159904 -3.9938014458 -3.9885406968 -3.9617194813 -3.9546164124 -3.9479439417 -3.9321695206 -3.9258821159 -3.9150270768 -3.8838435885 -3.8777851786 -3.8710767988 -3.8492348679 -3.8481245254 -3.8218996162 -3.8185449153 -3.8139678756 -3.7926168510 -3.7913586612 -3.7786760194 -3.7724233510 -3.7599436290 -3.7575870242 -3.7255362417 -3.7245465480 -3.7139768956 -3.7090126264 -3.6818932275 -3.6805919622 -3.6778255106 -3.6721331805 -3.6673103788 -3.6577006317 -3.6552200228 -3.6529760097 -3.6512524950 -3.6244912009 -3.6161991557 -3.6108852926 -3.6079605412 -3.6053936867 -3.6018690949 -3.5975707106 -3.5940519168 -3.5923285660 -3.5813201633 -3.5788486207 -3.5732059754 -3.5664018323 -3.5577812737 -3.5555000854 -3.5514721072 -3.5490025344 -3.5268794576 -3.5242130922 -3.5220395513 -3.5156277994 -3.5129799408 -3.5092525663 -3.5079921854 -3.5051161044 -3.4959333044 -3.4911502108 -3.4878514549 -3.4760340556 -3.4754243883 -3.4693914505 -3.4552457451 -3.4522826056 -3.4474683952 -3.4433721838 -3.4393311202 -3.4331540083 -3.4271091249 -3.4143662178 -3.4116015559 -3.4077822620 -3.4044606907 -3.3929529619 -3.3861032979 -3.3822380827 -3.3726609896 -3.3711225931 -3.3450740400 -3.3386194284 -3.3342314946 -3.3331892083 -3.3163697220 -3.3108193872 -3.3084255069 -3.3057170896 -3.3000379473 -3.2859203949 -3.2841848047 -3.2548782461 -3.2526079831 -3.2484196018 -3.2467381606 -3.2259998772 -3.2176485807 -3.2151930336 -3.2119923093 -3.2105383268 -3.1945771787 -3.1915116393 -3.1841838562 -3.1782453565 -3.1634179853 -3.1567914129 -3.1509659013 -3.1498927038 -3.1134864764 -3.1119764631 -3.0813285914 -3.0759111037 -3.0597078426 -3.0528849848
-4.1149696515 -4.1032969121 -4.0863792519 -4.0653475918 -4.0539833028 -4.0525873436 -4.0230171458 -4.0209155445 -3.9903119803 -3.9848660665 -3.9562810780 -3.9511673136 -3.9438808238 -3.9355138476 -3.9303672663 -3.9094161917 -3.8891914395 -3.8832499490 -3.8774173064 -3.8481988527 -3.8470964058 -3.8263114152 -3.8212197950 -3.8186995254 -3.7911859070 -3.7899407759 -3.7728949380 -3.7664595367 -3.7623825843 -3.7595494928 -3.7209054968 -3.7198523961 -3.7072830073 -3.7021733904 -3.6883795555 -3.6833986998 -3.6755056262 -3.6696797273 -3.6681451264 -3.6598448623 -3.6572835317 -3.6517469427 -3.6486926006 -3.6248795213 -3.6185411846 -3.6173617414 -3.6104545889 -3.6036403474 -3.6002434106 -3.5984657991 -3.5947927603 -3.5936114598 -3.5864911054 -3.5840723274 -3.5716842069 -3.5663845523 -3.5557237567 -3.5530730386 -3.5501460776 -3.5475892336 -3.5255209561 -3.5236571011 -3.5213371522 -3.5157518987 -3.5106825333 -3.5082813241 -3.5056365734 -3.5022427068 -3.4935608401 -3.4843902640 -3.4810865679 -3.4732754527 -3.4725281538 -3.4689053554 -3.4569819004 -3.4545123692 -3.4468645699 -3.4446106554 -3.4425561655 -3.4275384756 -3.4214004417 -3.4158123745 -3.4127399443 -3.4004947237 -3.3973051654 -3.3920532601 -3.3846901143 -3.3800290388 -3.3719181834 -3.3701591957 -3.3432545062 -3.3363302128 -3.3348930795 -3.3331244821 -3.3210923010 -3.3135976593 -3.3051844948 -3.3004646125 -3.2965048707 -3.2886827573 -3.2869230656 -3.2519044242 -3.2495786343 -3.2479451036 -3.2460625475 -3.2310479260 -3.2231391055 -3.2120230094 -3.2102534849 -3.2065562001 -3.1984613322 -3.1958796657 -3.1797678383 -3.1738458279 -3.1587096522 -3.1521499688 -3.1509065375 -3.1496623468 -3.1114026226 -3.1098918547 -3.0764408337 -3.0710532742 -3.0542097872 -3.0471114691
-4.1134421502 -4.1012147390 -4.0889982418 -4.0688841256 -4.0546152790 -4.0534124322 -4.0235333779 -4.0217975538 -3.9866978405 -3.9810925849 -3.9513411657 -3.9485074601 -3.9406331773 -3.9375144749 -3.9341189560 -3.9034311952 -3.8943866400 -3.8886536731 -3.8836238369 -3.8472867290 -3.8459671917 -3.8318331936 -3.8237639344 -3.8220132146 -3.7897066348 -3.7884682559 -3.7685691600 -3.7648538299 -3.7620371932 -3.7580385102 -3.7162844091 -3.7151551764 -3.7006226965 -3.6960280803 -3.6944438657 -3.6894435760 -3.6735554452 -3.6693579512 -3.6650366733 -3.6632790571 -3.6611468454 -3.6471030056 -3.6440754707 -3.6260613906 -3.6238021871 -3.6216313903 -3.6147966001 -3.6036115001 -3.6010306758 -3.5966314082 -3.5953671259 -3.5916353607 -3.5899612480 -3.5889861505 -3.5703481154 -3.5664469287 -3.5535968192 -3.5505674392 -3.5487839639 -3.5455265602 -3.5258884289 -3.5236902231 -3.5195842243 -3.5178956560 -3.5116257774 -3.5042263783 -3.5018077023 -3.4973654108 -3.4906565076 -3.4777152673 -3.4744634289 -3.4712139193 -3.4703374078 -3.4692477413 -3.4592144782 -3.4556681808 -3.4468094901 -3.4447226590 -3.4440974032 -3.4220740267 -3.4170942173 -3.4161416836 -3.4132407440 -3.3959861699 -3.3931546474 -3.3898371236 -3.3815549874 -3.3756808422 -3.3706266524 -3.3688601377 -3.3424780896 -3.3377866853 -3.3323378236 -3.3316020883 -3.3254228529 -3.3186529001 -3.3010533706 -3.2959539003 -3.2949426229 -3.2918544464 -3.2848110618 -3.2506060789 -3.2489059436 -3.2452151827 -3.2436315757 -3.2361206879 -3.2288243337 -3.2100769588 -3.2084343609 -3.2044053301 -3.2003801938 -3.1986544067 -3.1753242676 -3.1694023008 -3.1544899664 -3.1515914569 -3.1496669691 -3.1458239023 -3.1092589630 -3.1077405897 -3.0715701639 -3.0662148173 -3.0487048368 -3.0413414604
-4.1117901764 -4.0994174799 -4.0910894802 -4.0723708116 -4.0550861283 -4.0541054592 -4.0239351507 -4.0225557345 -3.9829795564 -3.9772458939 -3.9505711330 -3.9449996500 -3.9412840881 -3.9363654142 -3.9335442368 -3.9000918709 -3.8973608550 -3.8937228434 -3.8892400385 -3.8470991917 -3.8447745526 -3.8372368601 -3.8260739220 -3.8245836342 -3.7881868155 -3.7869636815 -3.7685447470 -3.7668405931 -3.7576516994 -3.7522428910 -3.7117203806 -3.7104753312 -3.7020595617 -3.6965404241 -3.6933082642 -3.6882026170 -3.6731234741 -3.6709320989 -3.6692203113 -3.6648071287 -3.6560399821 -3.6423068700 -3.6393339791 -3.6322431797 -3.6273140921 -3.6243816602 -3.6173572088 -3.6038460549 -3.6021504716 -3.5991028773 -3.5968700115 -3.5947539981 -3.5931588791 -3.5823341267 -3.5692901163 -3.5665479823 -3.5514216908 -3.5480333161 -3.5470374517 -3.5431811770 -3.5268324067 -3.5242420329 -3.5209116022 -3.5183029391 -3.5111356190 -3.4997068981 -3.4974512034 -3.4922015982 -3.4874784456 -3.4747851061 -3.4711721546 -3.4686266306 -3.4671340568 -3.4655975829 -3.4624178216 -3.4568323048 -3.4470470865 -3.4442397088 -3.4429847986 -3.4191401973 -3.4167214010 -3.4142483115 -3.4092588663 -3.4006416352 -3.3858613730 -3.3826921162 -3.3779666256 -3.3725144300 -3.3681511873 -3.3667557922 -3.3424540360 -3.3394270334 -3.3327110312 -3.3293670655 -3.3264790034 -3.3233811164 -3.3017777764 -3.2968718655 -3.2920175667 -3.2884456273 -3.2801308705 -3.2508572099 -3.2487592639 -3.2423117491 -3.2417963564 -3.2388083891 -3.2342810945 -3.2097507087 -3.2074043463 -3.2059506704 -3.2040387054 -3.1932695245 -3.1709054423 -3.1649621605 -3.1523321441 -3.1515958731 -3.1469435549 -3.1406335373 -3.1070563867 -3.1055258351 -3.0667183251 -3.0613960034 -3.0431963233 -3.0355777952
-4.1100183314 -4.0987044441 -4.0918529219 -4.0757733813 -4.0554135279 -4.0546722039 -4.0242159803 -4.0231864037 -3.9791799219 -3.9733749107 -3.9533334984 -3.9462261884 -3.9386247355 -3.9333032207 -3.9296373857 -3.9046690522 -3.8999374251 -3.8968862286 -3.8887060759 -3.8495664089 -3.8435257649 -3.8402429988 -3.8281083843 -3.8267812829 -3.7866556146 -3.7854766597 -3.7702306896 -3.7688726287 -3.7516410448 -3.7458298566 -3.7095111144 -3.7067941787 -3.7056441020 -3.7025174504 -3.6866135372 -3.6824572021 -3.6755812885 -3.6734165840 -3.6710634113 -3.6660734240 -3.6488281649 -3.6401879981 -3.6369882864 -3.6346445258 -3.6331874217 -3.6239698223 -3.6190804461 -3.6047566053 -3.6035613335 -3.6029456656 -3.6001253501 -3.5958041939 -3.5949398466 -3.5743201643 -3.5685070994 -3.5666602901 -3.5491716721 -3.5455695068 -3.5447857630 -3.5407515685 -3.5283426654 -3.5253430945 -3.5222731271 -3.5197057118 -3.5082212176 -3.4956785812 -3.4925569519 -3.4871963795 -3.4840435818 -3.4785508198 -3.4675188966 -3.4658693137 -3.4641855132 -3.4620218694 -3.4600622473 -3.4589429488 -3.4464928440 -3.4439394239 -3.4400182357 -3.4200223057 -3.4166687507 -3.4096674058 -3.4055969473 -3.4033924260 -3.3786421693 -3.3758151065 -3.3748314885 -3.3709159620 -3.3648847319 -3.3628351752 -3.3427280893 -3.3411499498 -3.3365088481 -3.3299031842 -3.3255441680 -3.3229605516 -3.3048416050 -3.3006205178 -3.2866433293 -3.2827892353 -3.2748110617 -3.2523564291 -3.2487825337 -3.2457781206 -3.2411674796 -3.2371766652 -3.2348687686 -3.2131001803 -3.2096479329 -3.2051543948 -3.2036484307 -3.1870483431 -3.1665455141 -3.1605560050 -3.1519797401 -3.1513577181 -3.1424918254 -3.1353642435 -3.1047960267 -3.1032502610 -3.0618864567 -3.0565970359 -3.0376873367 -3.0298229962
-4.1081338413 -4.0997155307 -4.0906485579 -4.0790684435 -4.0556066792 -4.0551148726 -4.0243715985 -4.0236873618 -3.9753350285 -3.9696303275 -3.9567824549 -3.9503168198 -3.9335555632 -3.9291744824 -3.9254539634 -3.9091736744 -3.9052731415 -3.9020792150 -3.8826551934 -3.8550198752 -3.8422682354 -3.8404736767 -3.8297907248 -3.8286676586 -3.7851783178 -3.7841123763 -3.7719103801 -3.7707811707 -3.7452481385 -3.7392883263 -3.7157031369 -3.7101728286 -3.7016806484 -3.7007955308 -3.6824671183 -3.6799006658 -3.6787495327 -3.6730588653 -3.6706642634 -3.6658079001 -3.6470698562 -3.6415125067 -3.6408296344 -3.6319876299 -3.6293778946 -3.6231131706 -3.6204803019 -3.6091355031 -3.6067910299 -3.6037764488 -3.6021866683 -3.5961564325 -3.5956575077 -3.5679682414 -3.5668620399 -3.5661347888 -3.5468080563 -3.5431767482 -3.5421654949 -3.5384513344 -3.5302100730 -3.5270319961 -3.5227929384 -3.5211110529 -3.5045012946 -3.4921288789 -3.4877078258 -3.4835311603 -3.4815368058 -3.4799369139 -3.4703086794 -3.4640208312 -3.4616247564 -3.4605415950 -3.4559037963 -3.4533415382 -3.4457450710 -3.4434779640 -3.4362219934 -3.4213181858 -3.4170612099 -3.4100342149 -3.4039956360 -3.3978400417 -3.3735468959 -3.3712653373 -3.3703167879 -3.3679424710 -3.3610591985 -3.3578510497 -3.3441356692 -3.3425373679 -3.3397776991 -3.3346190570 -3.3224966778 -3.3196022200 -3.3082439918 -3.3044112452 -3.2809773833 -3.2770499062 -3.2693183948 -3.2558632275 -3.2493559443 -3.2477655722 -3.2457728973 -3.2334911042 -3.2309619282 -3.2171408278 -3.2136930689 -3.2032713909 -3.2016843045 -3.1806944876 -3.1623057804 -3.1562678160 -3.1518645648 -3.1509197886 -3.1376364181 -3.1300804557 -3.1024790821 -3.1009161592 -3.0570753346 -3.0518181094 -3.0321807341 -3.0240793199
-4.1061492718 -4.1015812597 -4.0883464253 -4.0822338976 -4.0556709099 -4.0554338761 -4.0243993472 -4.0240572386 -3.9715292377 -3.9667922598 -3.9594816390 -3.9544556805 -3.9287699524 -3.9251343452 -3.9216028493 -3.9127293940 -3.9104200904 -3.9070708525 -3.8760910013 -3.8614441319 -3.8411277195 -3.8400645872 -3.8309377665 -3.8301599346 -3.7838954778 -3.7830860195 -3.7731333779 -3.7723584726 -3.7387181793 -3.7326937219 -3.7223414112 -3.7166938222 -3.6971068069 -3.6962130330 -3.6857946691 -3.6843573601 -3.6730981403 -3.6707830455 -3.6691202078 -3.6628238622 -3.6540350824 -3.6479442618 -3.6340592135 -3.6273469412 -3.6252516687 -3.6222857743 -3.6207180259 -3.6139577827 -3.6114216570 -3.6037078131 -3.6029366001 -3.5963092465 -3.5960103773 -3.5675832387 -3.5669061490 -3.5581304296 -3.5443306043 -3.5409044501 -3.5394146994 -3.5368705496 -3.5314919093 -3.5289966651 -3.5229057086 -3.5219123627 -3.5005446125 -3.4905779329 -3.4855700823 -3.4815625029 -3.4801453112 -3.4751423727 -3.4722591388 -3.4666725239 -3.4586659289 -3.4577354358 -3.4495453232 -3.4476342009 -3.4445899124 -3.4425468401 -3.4320728483 -3.4231631556 -3.4171498907 -3.4135706363 -3.3984892937 -3.3921715776 -3.3723928169 -3.3694345174 -3.3640524864 -3.3612720545 -3.3565842011 -3.3526131972 -3.3479633138 -3.3426170066 -3.3416766354 -3.3393035971 -3.3191697977 -3.3164510151 -3.3112930246 -3.3080657776 -3.2752780403 -3.2714047814 -3.2639726544 -3.2603888408 -3.2530899564 -3.2482341039 -3.2476847058 -3.2295488671 -3.2270120719 -3.2210599291 -3.2177063911 -3.2012018760 -3.1995557280 -3.1743189304 -3.1583461844 -3.1528431128 -3.1512343366 -3.1498112551 -3.1326727155 -3.1247966957 -3.1001066997 -3.0985255207 -3.0522855181 -3.0470594391 -3.0266791509 -3.0183487965
-4.1040895386 -4.1036467306 -4.0856028617 -4.0852388011 -4.0556380291 -4.0556001181 -4.0243126995 -4.0242802937 -3.9680802079 -3.9675553632 -3.9585528100 -3.9581609604 -3.9250391011 -3.9244779653 -3.9175079741 -3.9167047786 -3.9113432008 -3.9110162943 -3.8694155892 -3.8681028282 -3.8403370181 -3.8399694691 -3.8312842963 -3.8310389535 -3.7830996845 -3.7827090398 -3.7735320675 -3.7732935759 -3.7321203559 -3.7290102765 -3.7260526381 -3.7233319379 -3.6928950837 -3.6925826881 -3.6892475305 -3.6884974549 -3.6707423381 -3.6704361567 -3.6639903810 -3.6611321152 -3.6569348486 -3.6547452548 -3.6271240811 -3.6241935299 -3.6240059848 -3.6207686192 -3.6196708286 -3.6160498029 -3.6157955780 -3.6034724827 -3.6033071286 -3.5963493748 -3.5961102384 -3.5673451633 -3.5670046054 -3.5501284041 -3.5418420799 -3.5395661903 -3.5368949519 -3.5363912660 -3.5311488203 -3.5302754258 -3.5229348127 -3.5219690484 -3.4965802593 -3.4933242097 -3.4831156189 -3.4815035860 -3.4763037123 -3.4716305346 -3.4705066306 -3.4687398736 -3.4555880670 -3.4545171848 -3.4460549625 -3.4437739342 -3.4419319124 -3.4384299451 -3.4279847270 -3.4259471092 -3.4167020733 -3.4156998448 -3.3930614957 -3.3865735298 -3.3719555997 -3.3685217990 -3.3572131509 -3.3548066663 -3.3527952808 -3.3512958606 -3.3470402401 -3.3452273733 -3.3421872350 -3.3413091997 -3.3167722863 -3.3162299556 -3.3113270267 -3.3105926032 -3.2698312575 -3.2676309283 -3.2640081357 -3.2587429235 -3.2576698953 -3.2483795166 -3.2476170291 -3.2264796990 -3.2259586239 -3.2219455842 -3.2207158153 -3.1990444943 -3.1973469366 -3.1679985358 -3.1550918575 -3.1520733945 -3.1492509231 -3.1465403606 -3.1276682423 -3.1195195256 -3.0976798692 -3.0960800843 -3.0475174424 -3.0423212753 -3.0211850142 -3.0126332628
-4.1040928717 -4.1036057481 -4.0855963462 -4.0852048754 -4.0577071102 -4.0535433827 -4.0268174335 -4.0216912996 -3.9694023030 -3.9667172178 -3.9595492421 -3.9566314624 -3.9259534510 -3.9241567519 -3.9176458951 -3.9166068171 -3.9119423881 -3.9096733062 -3.8693533072 -3.8681659495 -3.8436517753 -3.8366934488 -3.8349574188 -3.8272554808 -3.7868633594 -3.7791720409 -3.7774430292 -3.7691282907 -3.7322701794 -3.7295419766 -3.7259354961 -3.7227268157 -3.6958666874 -3.6924377768 -3.6894548843 -3.6854841536 -3.6707612290 -3.6704409253 -3.6641583591 -3.6614666330 -3.6568579007 -3.6541930363 -3.6274575917 -3.6259700293 -3.6233059662 -3.6220351867 -3.6197994287 -3.6158260429 -3.6132333515 -3.6062887051 -3.6009935485 -3.5979465300 -3.5939199767 -3.5690561250 -3.5653071904 -3.5501366383 -3.5416309754 -3.5402862243 -3.5391792970 -3.5344907462 -3.5320890179 -3.5297386790 -3.5247533843 -3.5187404184 -3.4964761482 -3.4932681466 -3.4835970596 -3.4812426296 -3.4775090926 -3.4716117823 -3.4700399947 -3.4677012450 -3.4596001609 -3.4509010948 -3.4464788209 -3.4432657976 -3.4418217015 -3.4385104300 -3.4282004033 -3.4258094931 -3.4179141526 -3.4142138182 -3.3944791743 -3.3852422714 -3.3716499804 -3.3688211138 -3.3574055896 -3.3550933300 -3.3526188175 -3.3511445604 -3.3475640910 -3.3454735206 -3.3433673519 -3.3391496478 -3.3187845828 -3.3150299197 -3.3117127605 -3.3092932949 -3.2700817731 -3.2678675901 -3.2637412342 -3.2588403476 -3.2574468836 -3.2510452918 -3.2447829273 -3.2288470717 -3.2249878748 -3.2218980770 -3.2192864696 -3.2013939421 -3.1949822701 -3.1680696754 -3.1572016013 -3.1517890750 -3.1476273343 -3.1462062970 -3.1278673282 -3.1193894847 -3.1003536860 -3.0934105906 -3.0478438574 -3.0419405047 -3.0213949277 -3.0124890420
-4.1040913828 -4.1034923998 -4.0855636538 -4.0851181149 -4.0597987571 -4.0515021145 -4.0292298575 -4.0190085295 -3.9711750355 -3.9666460770 -3.9596438599 -3.9546842313 -3.9274356808 -3.9244609794 -3.9179249569 -3.9163372574 -3.9117675662 -3.9077136986 -3.8692849225 -3.8682348146 -3.8472660474 -3.8388811832 -3.8327624496 -3.8234404973 -3.7909990607 -3.7819630877 -3.7746386675 -3.7649197545 -3.7331352780 -3.7306123846 -3.7250688484 -3.7215312644 -3.6990256360 -3.6955522671 -3.6863223111 -3.6824717196 -3.6709249451 -3.6703293210 -3.6648688164 -3.6622243884 -3.6561294792 -3.6530204177 -3.6294604868 -3.6276754004 -3.6239747570 -3.6227683552 -3.6206583222 -3.6131299805 -3.6103515863 -3.6093773935 -3.5995857436 -3.5987377728 -3.5907904974 -3.5707559276 -3.5636348917 -3.5502240236 -3.5449568556 -3.5412967844 -3.5388672019 -3.5340010360 -3.5328017387 -3.5297884337 -3.5241478007 -3.5146570825 -3.4964238927 -3.4932127464 -3.4848656227 -3.4809804644 -3.4789760026 -3.4719494133 -3.4686599252 -3.4662396796 -3.4635853306 -3.4497033316 -3.4465104856 -3.4428661732 -3.4401831293 -3.4377274775 -3.4291337977 -3.4253701175 -3.4193502795 -3.4118727246 -3.3965145493 -3.3832696974 -3.3747539137 -3.3660099331 -3.3580227502 -3.3553717462 -3.3529553511 -3.3511252520 -3.3481933395 -3.3462568841 -3.3433619944 -3.3361225636 -3.3209900872 -3.3161055628 -3.3103862324 -3.3070341066 -3.2708485868 -3.2683169302 -3.2637200789 -3.2586521970 -3.2568926878 -3.2536402718 -3.2416924593 -3.2313253200 -3.2269260575 -3.2197954864 -3.2167643813 -3.2042976711 -3.1920110594 -3.1682242633 -3.1600994714 -3.1529465902 -3.1458489667 -3.1437091323 -3.1281303582 -3.1191348088 -3.1036702577 -3.0901033202 -3.0490689645 -3.0406616875 -3.0216791193 -3.0122171338
-4.1040699535 -4.1033218922 -4.0854993196 -4.0849862964 -4.0618630479 -4.0495808519 -4.0314488866 -4.0162780273 -3.9730228062 -3.9676489067 -3.9586160804 -3.9526131596 -3.9291546897 -3.9254449321 -3.9180930313 -3.9162361729 -3.9105964431 -3.9055441296 -3.8692207468 -3.8683250392 -3.8507842592 -3.8425978874 -3.8289791985 -3.8196267024 -3.7951196662 -3.7860569379 -3.7704918531 -3.7607034630 -3.7343530620 -3.7319090685 -3.7238094648 -3.7200660060 -3.7021707640 -3.6986943758 -3.6831938197 -3.6796573298 -3.6711168194 -3.6701901116 -3.6657814271 -3.6631391927 -3.6549663111 -3.6515397014 -3.6324633255 -3.6298912835 -3.6248957523 -3.6230730858 -3.6208378357 -3.6135035472 -3.6098197413 -3.6067495379 -3.6000259007 -3.5975378194 -3.5872671005 -3.5723786953 -3.5620629046 -3.5508078853 -3.5481918156 -3.5424678426 -3.5397702931 -3.5358680646 -3.5325422391 -3.5282876588 -3.5218043733 -3.5104688003 -3.4964415783 -3.4931468928 -3.4862645187 -3.4820088094 -3.4798234695 -3.4717958645 -3.4685210230 -3.4668214745 -3.4637955259 -3.4522398293 -3.4440163586 -3.4425882247 -3.4381545669 -3.4360550002 -3.4304604713 -3.4248216204 -3.4203382239 -3.4093947429 -3.3987343820 -3.3810882722 -3.3779092287 -3.3636141143 -3.3589135530 -3.3558188654 -3.3534971506 -3.3520810278 -3.3486321638 -3.3459337885 -3.3424796775 -3.3331892273 -3.3231932773 -3.3178780835 -3.3081781385 -3.3046863339 -3.2719020991 -3.2691163576 -3.2639198932 -3.2588117613 -3.2566922012 -3.2546720258 -3.2388099572 -3.2336178376 -3.2293082041 -3.2172065865 -3.2142708418 -3.2070818496 -3.1890063831 -3.1686224415 -3.1629865426 -3.1544843321 -3.1442407276 -3.1404286320 -3.1284354339 -3.1187724747 -3.1070148977 -3.0867718673 -3.0506369776 -3.0390392959 -3.0220217752 -3.0118339518
-4.1040192258 -4.1031037379 -4.0853995147 -4.0848175410 -4.0638868822 -4.0479198557 -4.0333344367 -4.0135119604 -3.9748889953 -3.9691898030 -3.9570126957 -3.9504736716 -3.9309721946 -3.9269017206 -3.9181177828 -3.9161944587 -3.9088255564 -3.9032452334 -3.8692058881 -3.8684473374 -3.8541491519 -3.8462851211 -3.8251625855 -3.8158422890 -3.7992136112 -3.7901155865 -3.7663253501 -3.7564929815 -3.7357058356 -3.7332825741 -3.7223885676 -3.7184731774 -3.7052842336 -3.7018140561 -3.6801478142 -3.6773133235 -3.6713068090 -3.6699751086 -3.6665412171 -3.6639944069 -3.6535854072 -3.6499073132 -3.6356370656 -3.6327846847 -3.6253598155 -3.6235892680 -3.6207373624 -3.6170392032 -3.6065495389 -3.6039867592 -3.5999178645 -3.5962594961 -3.5836290176 -3.5738382044 -3.5606767448 -3.5535245515 -3.5493111679 -3.5441190949 -3.5422184868 -3.5369709685 -3.5317586040 -3.5264707130 -3.5187648378 -3.5062519971 -3.4965580743 -3.4930574523 -3.4876852541 -3.4838112092 -3.4804740142 -3.4727991729 -3.4707686587 -3.4651510218 -3.4619026977 -3.4549578869 -3.4445057637 -3.4399361219 -3.4363515872 -3.4339888374 -3.4314944338 -3.4241924292 -3.4209006551 -3.4069031412 -3.4009579543 -3.3811435415 -3.3787542380 -3.3620887059 -3.3599796546 -3.3566539707 -3.3548305280 -3.3523855051 -3.3482877094 -3.3449483591 -3.3413612893 -3.3305855182 -3.3253146242 -3.3194458740 -3.3058053932 -3.3022902840 -3.2731304300 -3.2702231433 -3.2645351513 -3.2602769240 -3.2561310357 -3.2538548184 -3.2376425873 -3.2344317175 -3.2314447132 -3.2147395131 -3.2124182974 -3.2089707395 -3.1860044897 -3.1697746603 -3.1652042048 -3.1561042367 -3.1426024416 -3.1370280303 -3.1287443623 -3.1183232869 -3.1103579865 -3.0834411932 -3.0523286208 -3.0372933203 -3.0224038678 -3.0113565265
-4.1039345967 -4.1028427675 -4.0852629094 -4.0846202115 -4.0658572986 -4.0467882506 -4.0346174964 -4.0107220546 -3.9767468976 -3.9709238562 -3.9551933011 -3.9482966385 -3.9328003596 -3.9286273773 -3.9180305534 -3.9161183088 -3.9067459613 -3.9008616861 -3.8694035471 -3.8685509306 -3.8572538557 -3.8499156567 -3.8213323656 -3.8121687277 -3.8032472623 -3.7940662963 -3.7621668879 -3.7523118528 -3.7370953643 -3.7346569198 -3.7209322514 -3.7168186972 -3.7083374826 -3.7048785084 -3.6773271208 -3.6758797828 -3.6715843199 -3.6695858815 -3.6666121174 -3.6646009050 -3.6521325535 -3.6482055037 -3.6387983237 -3.6358973235 -3.6259862269 -3.6242502437 -3.6210766294 -3.6196664009 -3.6038878266 -3.6020656883 -3.5981075575 -3.5950280919 -3.5802652071 -3.5748236143 -3.5597417825 -3.5570616841 -3.5493868421 -3.5474906696 -3.5436114174 -3.5377577484 -3.5305679391 -3.5247470434 -3.5153755754 -3.5020659778 -3.4968029797 -3.4929262847 -3.4890998364 -3.4857312207 -3.4813074063 -3.4768798442 -3.4696582689 -3.4633590529 -3.4598918320 -3.4576371406 -3.4452906648 -3.4380915257 -3.4358706959 -3.4322794417 -3.4300194521 -3.4234520187 -3.4210944498 -3.4050014294 -3.4025784797 -3.3842981411 -3.3764601831 -3.3620041408 -3.3611390711 -3.3579169276 -3.3563097081 -3.3513370728 -3.3474374617 -3.3437141870 -3.3401534309 -3.3290723325 -3.3270852157 -3.3201761413 -3.3033766824 -3.2998638051 -3.2744889901 -3.2715756286 -3.2659561603 -3.2614980146 -3.2550264823 -3.2526577959 -3.2394175268 -3.2349414370 -3.2308395115 -3.2147442138 -3.2111297330 -3.2077533344 -3.1830299928 -3.1721626194 -3.1662058993 -3.1577344260 -3.1409551471 -3.1336964543 -3.1289544743 -3.1178233496 -3.1136690984 -3.0801190958 -3.0540684752 -3.0355026275 -3.0228044982 -3.0107999903
-4.1038138105 -4.1025415506 -4.0850911064 -4.0844038260 -4.0677590517 -4.0465515541 -4.0349326124 -4.0079220624 -3.9785799062 -3.9727141390 -3.9533214389 -3.9461102792 -3.9345646001 -3.9304819140 -3.9178617962 -3.9159860461 -3.9044958295 -3.8984232826 -3.8701025583 -3.8685552580 -3.8599084322 -3.8534559207 -3.8175137942 -3.8092170638 -3.8067918127 -3.7977011390 -3.7580409871 -3.7482203021 -3.7384617693 -3.7359541212 -3.7195792204 -3.7151746546 -3.7112444010 -3.7078149455 -3.6759655989 -3.6745714774 -3.6720812319 -3.6692803329 -3.6654433606 -3.6646092564 -3.6507735513 -3.6465370839 -3.6417760375 -3.6389925636 -3.6278984370 -3.6247977409 -3.6225982135 -3.6198759657 -3.6033505249 -3.5990434612 -3.5953426994 -3.5936249831 -3.5786285977 -3.5738928996 -3.5616817586 -3.5582240906 -3.5515473920 -3.5492544231 -3.5444092179 -3.5383434918 -3.5291846049 -3.5231165208 -3.5118183073 -3.4982072392 -3.4970058015 -3.4927132478 -3.4905154795 -3.4875943177 -3.4823351335 -3.4808777843 -3.4682814036 -3.4616522454 -3.4602010529 -3.4577515114 -3.4461017971 -3.4381344872 -3.4361565377 -3.4296817239 -3.4270825436 -3.4225945451 -3.4208716820 -3.4062319151 -3.4010699420 -3.3874429081 -3.3741563933 -3.3636519276 -3.3620750569 -3.3591371789 -3.3574478366 -3.3497594647 -3.3460476872 -3.3423721689 -3.3389484311 -3.3299809593 -3.3278875137 -3.3192568015 -3.3009224819 -3.2974183473 -3.2759725720 -3.2731533881 -3.2680224512 -3.2620141947 -3.2537339198 -3.2514341905 -3.2415769797 -3.2371301755 -3.2279779312 -3.2173040501 -3.2085195112 -3.2052505338 -3.1801727523 -3.1751688734 -3.1665066681 -3.1593446009 -3.1393309240 -3.1310685941 -3.1284387952 -3.1177226916 -3.1164999109 -3.0768123072 -3.0558229112 -3.0337088628 -3.0231988882 -3.0101765919
-4.1036557238 -4.1022016482 -4.0848905535 -4.0841794324 -4.0695717142 -4.0473267896 -4.0341627852 -4.0051311405 -3.9803741003 -3.9744988922 -3.9515116099 -3.9439613694 -3.9361673970 -3.9323668011 -3.9176292997 -3.9157974369 -3.9021431391 -3.8959556681 -3.8715105516 -3.8685380777 -3.8618788111 -3.8568349633 -3.8139084217 -3.8115136482 -3.8062571131 -3.7998821712 -3.7540007357 -3.7444415639 -3.7397297861 -3.7369540057 -3.7187114884 -3.7144361258 -3.7130321996 -3.7103370838 -3.6764488723 -3.6737850221 -3.6718966534 -3.6691552875 -3.6643790934 -3.6626862798 -3.6499586208 -3.6456128598 -3.6437614974 -3.6416625803 -3.6312005139 -3.6251112310 -3.6233525240 -3.6196569317 -3.6034215650 -3.5956154347 -3.5935538298 -3.5910320392 -3.5790356755 -3.5707022036 -3.5655032594 -3.5581587280 -3.5554989546 -3.5490611018 -3.5450567081 -3.5385952783 -3.5277062564 -3.5215531453 -3.5082112789 -3.4980268342 -3.4943933340 -3.4922819092 -3.4917065271 -3.4892555996 -3.4852690870 -3.4827673466 -3.4670154862 -3.4627882331 -3.4595485864 -3.4556775627 -3.4469062010 -3.4400995121 -3.4351338687 -3.4274418744 -3.4236740920 -3.4218120259 -3.4198644227 -3.4084334862 -3.3986364978 -3.3905249309 -3.3719207304 -3.3660084303 -3.3630751793 -3.3602014853 -3.3584412563 -3.3482762758 -3.3440437389 -3.3409889269 -3.3378948090 -3.3315741429 -3.3289932847 -3.3169588906 -3.2984582471 -3.2949641448 -3.2776194504 -3.2749459027 -3.2701720591 -3.2621919638 -3.2523895557 -3.2503931759 -3.2435170706 -3.2394092418 -3.2248615585 -3.2201885847 -3.2057289868 -3.2025544664 -3.1793103772 -3.1764622035 -3.1665663207 -3.1609059646 -3.1377768216 -3.1304825026 -3.1258483755 -3.1205051159 -3.1163491048 -3.0735320765 -3.0575681565 -3.0319525861 -3.0235508741 -3.0094956622
-4.1034597739 -4.1018241722 -4.0846788896 -4.0839569605 -4.0712656180 -4.0488169122 -4.0326050456 -4.0023799619 -3.9821134241 -3.9762375304 -3.9499137483 -3.9419799200 -3.9374220126 -3.9341646178 -3.9173418112 -3.9155556251 -3.8997280249 -3.8934901440 -3.8736531770 -3.8686588995 -3.8631365315 -3.8598637888 -3.8158104626 -3.8103315381 -3.8074313417 -3.7982533628 -3.7502113093 -3.7419982396 -3.7407414733 -3.7366295888 -3.7194157623 -3.7162310304 -3.7125912536 -3.7108368500 -3.6774016279 -3.6747074372 -3.6709471389 -3.6690974542 -3.6627867690 -3.6598981061 -3.6507990350 -3.6471286111 -3.6439418719 -3.6418513461 -3.6349843949 -3.6254144435 -3.6236204838 -3.6194006019 -3.6035347405 -3.5930614344 -3.5917419031 -3.5876548567 -3.5796881232 -3.5694710009 -3.5669787955 -3.5605822932 -3.5572553078 -3.5488326591 -3.5456814557 -3.5383771406 -3.5261747209 -3.5200425520 -3.5046957492 -3.4987938704 -3.4941517403 -3.4932006632 -3.4910561124 -3.4891766426 -3.4881927573 -3.4834313370 -3.4670913604 -3.4636572560 -3.4577303682 -3.4536180383 -3.4476749889 -3.4422669756 -3.4340164760 -3.4258597128 -3.4214577287 -3.4199488399 -3.4177750803 -3.4106721218 -3.3964656479 -3.3932932781 -3.3700811488 -3.3682949549 -3.3640440836 -3.3612676027 -3.3593317719 -3.3470198116 -3.3417036101 -3.3396443778 -3.3373060882 -3.3327083908 -3.3302614484 -3.3140746896 -3.2959975575 -3.2925137860 -3.2795253766 -3.2768617549 -3.2721220185 -3.2622322431 -3.2512317060 -3.2498662336 -3.2447649981 -3.2415323059 -3.2232381203 -3.2215870655 -3.2028917298 -3.1998076966 -3.1824324201 -3.1739372821 -3.1665337298 -3.1623670411 -3.1363853401 -3.1305172294 -3.1239352823 -3.1223169677 -3.1156560182 -3.0703069371 -3.0592691162 -3.0303019328 -3.0237928765 -3.0087639786
-4.1032257551 -4.1014100497 -4.0845022538 -4.0837331515 -4.0727963993 -4.0506817914 -4.0305994738 -3.9997236446 -3.9837737422 -3.9778857879 -3.9487823952 -3.9406243152 -3.9379712081 -3.9355057879 -3.9170029359 -3.9152631378 -3.8972821610 -3.8910829504 -3.8762845542 -3.8692464197 -3.8640703677 -3.8620053439 -3.8197518398 -3.8121569699 -3.8052630910 -3.7948467718 -3.7473308756 -3.7417189153 -3.7412098055 -3.7338149766 -3.7217159572 -3.7184788905 -3.7119833856 -3.7092759268 -3.6785794221 -3.6759334950 -3.6704283616 -3.6691017981 -3.6605106796 -3.6571399399 -3.6529943732 -3.6496140826 -3.6431803996 -3.6403441679 -3.6387425527 -3.6257646939 -3.6236434257 -3.6191401742 -3.6036022127 -3.5925573285 -3.5883042512 -3.5841824677 -3.5800388701 -3.5733994715 -3.5650485050 -3.5628326589 -3.5576518179 -3.5486207703 -3.5463231222 -3.5376417342 -3.5246105869 -3.5185808658 -3.5018740086 -3.4993267801 -3.4961867755 -3.4945833235 -3.4924440717 -3.4904082054 -3.4852863053 -3.4833174821 -3.4690741197 -3.4625859491 -3.4559035805 -3.4517130073 -3.4483052477 -3.4443649222 -3.4328790327 -3.4247964495 -3.4209196183 -3.4168287179 -3.4147361621 -3.4126994081 -3.3972987464 -3.3931539924 -3.3713331345 -3.3679715441 -3.3646089806 -3.3623762477 -3.3600731029 -3.3458827270 -3.3398709407 -3.3387487166 -3.3368621625 -3.3333059412 -3.3307310679 -3.3109684816 -3.2935597034 -3.2900888336 -3.2817835101 -3.2787230668 -3.2738214429 -3.2622085644 -3.2514473710 -3.2493476960 -3.2450964180 -3.2430260696 -3.2261582923 -3.2184309404 -3.2000330170 -3.1970625903 -3.1858716374 -3.1713348667 -3.1664249748 -3.1636083744 -3.1353524674 -3.1304562050 -3.1269309966 -3.1190184919 -3.1148540807 -3.0672483902 -3.0608105673 -3.0289015777 -3.0237798178 -3.0079862073
-4.1029537368 -4.1009601680 -4.0844582901 -4.0834731460 -4.0741002777 -4.0527225174 -4.0283448938 -3.9972711989 -3.9853122527 -3.9793701633 -3.9484406130 -3.9405471514 -3.9380606780 -3.9351627785 -3.9166133728 -3.9149211862 -3.8948433200 -3.8888818903 -3.8790309795 -3.8707945090 -3.8648669071 -3.8627810108 -3.8237203289 -3.8158604271 -3.8014847951 -3.7910696800 -3.7466413053 -3.7428496304 -3.7391114939 -3.7301495008 -3.7244354222 -3.7209953139 -3.7106234517 -3.7074584794 -3.6798846448 -3.6772487800 -3.6701966004 -3.6691611338 -3.6586061038 -3.6560657282 -3.6542856008 -3.6512168176 -3.6433027002 -3.6414042276 -3.6381500398 -3.6261387490 -3.6235254162 -3.6188827492 -3.6036040542 -3.5926053128 -3.5848012771 -3.5811363460 -3.5796926445 -3.5771151631 -3.5690634304 -3.5593571997 -3.5580478978 -3.5485230973 -3.5468651421 -3.5364501335 -3.5230262139 -3.5171722438 -3.5019735148 -3.4997313433 -3.4980616148 -3.4956562721 -3.4935429945 -3.4902591282 -3.4847124861 -3.4801758576 -3.4714027484 -3.4611619473 -3.4541384043 -3.4505874744 -3.4482597194 -3.4461495946 -3.4317154698 -3.4241032845 -3.4203809907 -3.4156209871 -3.4131864342 -3.4107731415 -3.4001288583 -3.3912782295 -3.3734649470 -3.3679178626 -3.3641918009 -3.3634273625 -3.3604500320 -3.3448107137 -3.3403691603 -3.3382865795 -3.3351629510 -3.3336611058 -3.3296967706 -3.3077800528 -3.2911887325 -3.2877546010 -3.2843021710 -3.2804438020 -3.2752952863 -3.2621567764 -3.2530278544 -3.2490434010 -3.2453846891 -3.2428178595 -3.2290965865 -3.2152273953 -3.1971686496 -3.1944474923 -3.1892183621 -3.1695729176 -3.1658644749 -3.1643678737 -3.1350158790 -3.1308365012 -3.1289329870 -3.1157566816 -3.1138255678 -3.0651024755 -3.0614442669 -3.0279986829 -3.0232641936 -3.0071652835
-4.1026440595 -4.1004754768 -4.0846640417 -4.0831376584 -4.0750989194 -4.0548391979 -4.0259410808 -3.9952478550 -3.9866520804 -3.9805382127 -3.9489629997 -3.9416917078 -3.9374226673 -3.9333853405 -3.9161721482 -3.9145294623 -3.8924840510 -3.8874353139 -3.8812288946 -3.8731332652 -3.8650986151 -3.8628396302 -3.8276715987 -3.8197466350 -3.7975819739 -3.7871729519 -3.7474265109 -3.7441612347 -3.7356994391 -3.7275722678 -3.7268531717 -3.7225876958 -3.7089921460 -3.7055740654 -3.6812679601 -3.6786046307 -3.6701144120 -3.6692731283 -3.6601738317 -3.6569948517 -3.6536123457 -3.6492048339 -3.6471398957 -3.6397874858 -3.6361946671 -3.6265097631 -3.6233150603 -3.6186301110 -3.6035387976 -3.5930841719 -3.5824575559 -3.5805966226 -3.5798730685 -3.5763605762 -3.5730431040 -3.5589461992 -3.5555262374 -3.5487259129 -3.5469728187 -3.5349124353 -3.5214313033 -3.5158297854 -3.5042990607 -3.5024004360 -3.4993720148 -3.4955075618 -3.4928826959 -3.4893544476 -3.4847361011 -3.4762542999 -3.4736647739 -3.4598855022 -3.4526822354 -3.4505870352 -3.4482594128 -3.4461444293 -3.4305183081 -3.4237921185 -3.4198361762 -3.4170868424 -3.4104787953 -3.4068087383 -3.4030439896 -3.3898618598 -3.3750375503 -3.3687980557 -3.3648644463 -3.3634356546 -3.3598149899 -3.3439453948 -3.3416883720 -3.3389056196 -3.3336844063 -3.3324505255 -3.3277085548 -3.3045922709 -3.2891622178 -3.2870767013 -3.2852142867 -3.2820357549 -3.2765196812 -3.2621075142 -3.2549371691 -3.2501460044 -3.2447378081 -3.2416533030 -3.2319595770 -3.2120306969 -3.1944971983 -3.1936546268 -3.1905547207 -3.1696351774 -3.1649493541 -3.1635956442 -3.1359316514 -3.1326699583 -3.1282417451 -3.1136927305 -3.1115394744 -3.0655681158 -3.0594699954 -3.0277034675 -3.0221358663 -3.0063026921
-4.1022973940 -4.0999570889 -4.0851839609 -4.0827266030 -4.0757277783 -4.0569797706 -4.0234399655 -3.9940493987 -3.9877102867 -3.9810749846 -3.9500723980 -3.9433880528 -3.9359333403 -3.9312497915 -3.9156776384 -3.9140856440 -3.8904772530 -3.8880115295 -3.8815721170 -3.8754333883 -3.8649269367 -3.8626196969 -3.8315915789 -3.8236740050 -3.7936408573 -3.7832209566 -3.7486412223 -3.7455254447 -3.7327237019 -3.7293320878 -3.7279231900 -3.7202943012 -3.7072492168 -3.7036510044 -3.6827035496 -3.6799789955 -3.6701524253 -3.6694612939 -3.6629777239 -3.6597637428 -3.6513795278 -3.6505035957 -3.6460489711 -3.6379537060 -3.6341707846 -3.6268588495 -3.6230321343 -3.6183822846 -3.6034142278 -3.5939191567 -3.5856793952 -3.5806051848 -3.5773283989 -3.5760743981 -3.5727337810 -3.5596935347 -3.5526065382 -3.5489348722 -3.5464146760 -3.5331326274 -3.5198373192 -3.5145886142 -3.5081465460 -3.5040696689 -3.5011056384 -3.4965749146 -3.4912094717 -3.4877459359 -3.4843628254 -3.4757720974 -3.4723073913 -3.4591120130 -3.4523348594 -3.4499565842 -3.4489597788 -3.4443253873 -3.4292840801 -3.4241064688 -3.4194874158 -3.4179410940 -3.4075903678 -3.4059049056 -3.4026816555 -3.3894615578 -3.3755776613 -3.3699156244 -3.3660750743 -3.3637479173 -3.3580969945 -3.3444083498 -3.3418230932 -3.3403496465 -3.3323767284 -3.3304927067 -3.3251275599 -3.3015272990 -3.2903503840 -3.2864899726 -3.2838361396 -3.2829879687 -3.2772995220 -3.2621064625 -3.2568655527 -3.2518807870 -3.2435386264 -3.2403144208 -3.2345957109 -3.2088678202 -3.1970053708 -3.1913507321 -3.1882088486 -3.1706905170 -3.1647669076 -3.1610436357 -3.1383835238 -3.1336369283 -3.1268717969 -3.1126273566 -3.1082109168 -3.0670642809 -3.0564680958 -3.0278090328 -3.0206023566 -3.0053986475
-4.1019148815 -4.0994064141 -4.0860117440 -4.0822556758 -4.0759776981 -4.0591140425 -4.0208716515 -3.9939684171 -3.9886059184 -3.9805682642 -3.9514787149 -3.9452223405 -3.9340327100 -3.9290313415 -3.9151293825 -3.9135840466 -3.8911802238 -3.8882320331 -3.8810339905 -3.8764317491 -3.8645460592 -3.8622414837 -3.8354682267 -3.8276034942 -3.7896797330 -3.7792383867 -3.7500036099 -3.7469112576 -3.7337783237 -3.7309999071 -3.7265099752 -3.7163406328 -3.7054516891 -3.7016993724 -3.6841787804 -3.6813580577 -3.6704045156 -3.6697731667 -3.6658242087 -3.6625767615 -3.6551304834 -3.6475252535 -3.6427576787 -3.6360609282 -3.6321113645 -3.6271699657 -3.6226814152 -3.6181383684 -3.6032489571 -3.5950551365 -3.5894913535 -3.5832165115 -3.5768122230 -3.5734571485 -3.5691380669 -3.5605166384 -3.5516842424 -3.5482130956 -3.5447437594 -3.5311921154 -3.5182724410 -3.5137582169 -3.5119388812 -3.5056676026 -3.5027879666 -3.4977756803 -3.4901284072 -3.4868616917 -3.4825182133 -3.4774625821 -3.4685798438 -3.4591724095 -3.4524464403 -3.4498333743 -3.4478565242 -3.4423157845 -3.4280317060 -3.4252419512 -3.4193884525 -3.4176764022 -3.4088162807 -3.4044379017 -3.3985830411 -3.3902762563 -3.3749551215 -3.3710252123 -3.3673280636 -3.3643501484 -3.3559911715 -3.3460093851 -3.3420647195 -3.3407909633 -3.3309013075 -3.3286269308 -3.3221683739 -3.2990432865 -3.2925214931 -3.2858834642 -3.2842659177 -3.2816447125 -3.2771215359 -3.2622459600 -3.2586580354 -3.2536548333 -3.2425964276 -3.2392621928 -3.2363502277 -3.2058638371 -3.2003258070 -3.1884994621 -3.1854757390 -3.1720342657 -3.1644884913 -3.1582492741 -3.1414209993 -3.1341832896 -3.1253077695 -3.1116533393 -3.1047526564 -3.0687277258 -3.0533016102 -3.0281016740 -3.0188785399 -3.0044521875
-4.1014984074 -4.0988253798 -4.0870827549 -4.0817376207 -4.0759012769 -4.0612215685 -4.0182567035 -3.9947310361 -3.9896471354 -3.9789847807 -3.9530145572 -3.9470837717 -3.9319307340 -3.9268163770 -3.9145326893 -3.9130124418 -3.8940777554 -3.8882942682 -3.8806439058 -3.8753025752 -3.8640341820 -3.8617422997 -3.8392849856 -3.8315169058 -3.7857062140 -3.7752388405 -3.7514421631 -3.7483085680 -3.7363486576 -3.7337144812 -3.7226403696 -3.7121361536 -3.7036293815 -3.6997264304 -3.6856889065 -3.6827295827 -3.6712467747 -3.6703118330 -3.6683806898 -3.6650408585 -3.6588986744 -3.6443195192 -3.6394019794 -3.6341502128 -3.6300321040 -3.6274213326 -3.6222579267 -3.6178964669 -3.6030884169 -3.5965333939 -3.5932060178 -3.5868951426 -3.5758323798 -3.5699362512 -3.5655005605 -3.5613351076 -3.5521691878 -3.5473501483 -3.5417481297 -3.5291542769 -3.5173866556 -3.5160924133 -3.5121204078 -3.5073153116 -3.5043332974 -3.4989662328 -3.4892787831 -3.4872310847 -3.4799055134 -3.4781501568 -3.4653814806 -3.4596918375 -3.4526593083 -3.4492911903 -3.4461010425 -3.4403051874 -3.4274280978 -3.4262533378 -3.4191001015 -3.4170455428 -3.4113589760 -3.4014449155 -3.3944828378 -3.3919510187 -3.3739904519 -3.3715769412 -3.3685944296 -3.3650287581 -3.3537954976 -3.3477482978 -3.3438452044 -3.3395343178 -3.3293395654 -3.3268525376 -3.3189954807 -3.2989456353 -3.2924815631 -3.2871320203 -3.2841811134 -3.2801386630 -3.2757561546 -3.2627057553 -3.2601476185 -3.2552295632 -3.2432198317 -3.2386156766 -3.2359540365 -3.2050363709 -3.2015471645 -3.1856750854 -3.1827068530 -3.1734497823 -3.1641107320 -3.1554474516 -3.1445449571 -3.1346516142 -3.1236612921 -3.1106639941 -3.1012732748 -3.0704310640 -3.0500982088 -3.0284767648 -3.0170706668 -3.0034612013
-4.1010511428 -4.0982168540 -4.0883110745 -4.0811831655 -4.0755749476 -4.0632852568 -4.0156130419 -3.9958887093 -3.9908960661 -3.9767143263 -3.9545903018 -3.9489346872 -3.9297267224 -3.9246586344 -3.9139102020 -3.9123459026 -3.8971806933 -3.8901311292 -3.8791815068 -3.8732808307 -3.8634265627 -3.8611265919 -3.8430134521 -3.8354013384 -3.7817256548 -3.7712342179 -3.7529391521 -3.7497139137 -3.7390108845 -3.7365020427 -3.7185380895 -3.7078695014 -3.7018078878 -3.6977424894 -3.6872330911 -3.6840761840 -3.6731035748 -3.6717482607 -3.6700612722 -3.6667543341 -3.6623001850 -3.6411070362 -3.6360257909 -3.6322654010 -3.6280190458 -3.6275039089 -3.6217472679 -3.6176528725 -3.6030868386 -3.5985750270 -3.5965450031 -3.5904238364 -3.5745526710 -3.5665453054 -3.5623607258 -3.5615380352 -3.5529047576 -3.5466725175 -3.5382175789 -3.5270752058 -3.5211346504 -3.5150215540 -3.5114272808 -3.5089062537 -3.5057016044 -3.5000922344 -3.4887365164 -3.4879799671 -3.4798197688 -3.4754102350 -3.4640728366 -3.4589236921 -3.4531180033 -3.4479866427 -3.4442546875 -3.4383599854 -3.4291535975 -3.4250740111 -3.4188076273 -3.4166003891 -3.4132642750 -3.3985703141 -3.3940593794 -3.3902935957 -3.3744677512 -3.3703549986 -3.3696950764 -3.3657233517 -3.3516628415 -3.3494113845 -3.3456311069 -3.3381608204 -3.3277289708 -3.3251243635 -3.3157108888 -3.3012832648 -3.2903193891 -3.2884646742 -3.2848289871 -3.2783648416 -3.2738095849 -3.2635905589 -3.2612757401 -3.2563984860 -3.2454049936 -3.2373192806 -3.2345066481 -3.2081674431 -3.1988411512 -3.1829417022 -3.1799672130 -3.1748085846 -3.1636509372 -3.1528785980 -3.1474415932 -3.1350997026 -3.1219787508 -3.1096391603 -3.0977930354 -3.0721425861 -3.0468905411 -3.0288873855 -3.0152274325 -3.0024224144
-4.1005786768 -4.0975855837 -4.0896195248 -4.0806049750 -4.0750649371 -4.0652867258 -4.0129621534 -3.9971931276 -3.9922581405 -3.9741077861 -3.9561466885 -3.9507555601 -3.9274780268 -3.9226107127 -3.9133262532 -3.9115414426 -3.9002286457 -3.8928472838 -3.8770294947 -3.8711145198 -3.8627636783 -3.8603686738 -3.8465972162 -3.8392430461 -3.7777440591 -3.7672427415 -3.7544957116 -3.7511225800 -3.7416233362 -3.7392609206 -3.7143907791 -3.7036024815 -3.7000233772 -3.6957705732 -3.6888072601 -3.6853602483 -3.6755906728 -3.6741739502 -3.6716078043 -3.6676574933 -3.6648634792 -3.6379390370 -3.6326590984 -3.6305113147 -3.6276104375 -3.6257941757 -3.6211226866 -3.6174000287 -3.6039579005 -3.6010045624 -3.5992355649 -3.5932927632 -3.5731759037 -3.5643636241 -3.5616584617 -3.5582228525 -3.5535772786 -3.5459823071 -3.5345603774 -3.5253820207 -3.5249986595 -3.5137027419 -3.5115844722 -3.5097535060 -3.5068504275 -3.5011015146 -3.4898442079 -3.4874214266 -3.4800536279 -3.4718810987 -3.4648565304 -3.4564113844 -3.4536062029 -3.4463196413 -3.4423548763 -3.4365839461 -3.4310041005 -3.4236271770 -3.4193704195 -3.4164915906 -3.4136380195 -3.3975057579 -3.3944919018 -3.3862039934 -3.3756442472 -3.3712353404 -3.3677399725 -3.3664039967 -3.3513941156 -3.3492074480 -3.3473815400 -3.3366806974 -3.3260854646 -3.3234154266 -3.3123790112 -3.3042448469 -3.2904889584 -3.2875349361 -3.2852782685 -3.2766843748 -3.2717767977 -3.2645613560 -3.2622983340 -3.2570218922 -3.2479941698 -3.2356933310 -3.2328347649 -3.2117119923 -3.1957405137 -3.1805235617 -3.1774741777 -3.1756818905 -3.1631272285 -3.1523334950 -3.1482734235 -3.1355338521 -3.1202842279 -3.1085703762 -3.0943197297 -3.0738495819 -3.0436934548 -3.0293088640 -3.0133745556 -3.0013313643
-4.1000915879 -4.0969406726 -4.0909429967 -4.0800226090 -4.0744180644 -4.0672007940 -4.0103400445 -3.9985272693 -3.9936479211 -3.9713868432 -3.9576208538 -3.9525289864 -3.9252293559 -3.9207315839 -3.9129316969 -3.9105556547 -3.9030103714 -3.8958432527 -3.8746505593 -3.8690761645 -3.8621555086 -3.8593975620 -3.8499085938 -3.8430214779 -3.7737711256 -3.7633120376 -3.7561182806 -3.7525095602 -3.7441365463 -3.7419475076 -3.7102522017 -3.6994080331 -3.6983456054 -3.6938800901 -3.6903755542 -3.6864760486 -3.6781919205 -3.6769351736 -3.6741238004 -3.6680582582 -3.6662596748 -3.6348863551 -3.6294325224 -3.6291477405 -3.6270221708 -3.6237468566 -3.6203402383 -3.6171225054 -3.6066659657 -3.6038000455 -3.6004175821 -3.5952958308 -3.5718033478 -3.5646155846 -3.5588276746 -3.5555020402 -3.5533879240 -3.5451582390 -3.5309224763 -3.5296118646 -3.5230658049 -3.5135714886 -3.5120302240 -3.5095328403 -3.5076703685 -3.5019476686 -3.4913507087 -3.4865427919 -3.4801363464 -3.4687339723 -3.4656496000 -3.4548181499 -3.4529106721 -3.4445909585 -3.4404259987 -3.4353781616 -3.4321815464 -3.4224137539 -3.4208642688 -3.4158881391 -3.4129969990 -3.3995614574 -3.3918828773 -3.3821728792 -3.3769025423 -3.3724954505 -3.3671157281 -3.3650926097 -3.3529270724 -3.3491360183 -3.3471371455 -3.3350865601 -3.3244171062 -3.3217120674 -3.3090862225 -3.3073350105 -3.2920104628 -3.2878365184 -3.2832419856 -3.2754114855 -3.2700360471 -3.2651035993 -3.2632229415 -3.2572067502 -3.2505494778 -3.2339514052 -3.2310815496 -3.2153093152 -3.1926003162 -3.1795585332 -3.1761242046 -3.1740659111 -3.1626069425 -3.1547320024 -3.1460207814 -3.1359474643 -3.1185926651 -3.1074516762 -3.0908593103 -3.0755435915 -3.0405204256 -3.0297222826 -3.0115285007 -3.0001824189
-4.0996118981 -4.0963037731 -4.0922101580 -4.0794713010 -4.0736656593 -4.0689856699 -4.0078289585 -3.9998048881 -3.9949907799 -3.9687628818 -3.9588960821 -3.9542255932 -3.9230318899 -3.9190868000 -3.9130566851 -3.9094194075 -3.9050891271 -3.8988773469 -3.8722401775 -3.8673594633 -3.8618873670 -3.8581063058 -3.8526357638 -3.8466959900 -3.7698281505 -3.7596888227 -3.7577595857 -3.7537136591 -3.7465090181 -3.7445226960 -3.7061675516 -3.6970087032 -3.6955082915 -3.6924040177 -3.6915826001 -3.6870846421 -3.6807236522 -3.6797958189 -3.6772469867 -3.6682072439 -3.6668921124 -3.6321115940 -3.6286802656 -3.6262323580 -3.6254849915 -3.6218129005 -3.6193377311 -3.6167961190 -3.6100598524 -3.6074397521 -3.6003994230 -3.5966252775 -3.5705438851 -3.5652872616 -3.5559907989 -3.5551093871 -3.5505256102 -3.5440661423 -3.5338580164 -3.5273582112 -3.5213925709 -3.5150707656 -3.5115264522 -3.5093972826 -3.5077137952 -3.5026330963 -3.4927641698 -3.4856197517 -3.4802312893 -3.4682848156 -3.4636070934 -3.4552232716 -3.4504253846 -3.4431591423 -3.4387263260 -3.4352058744 -3.4316524192 -3.4237826736 -3.4200252930 -3.4149300779 -3.4121941055 -3.4018355492 -3.3890025145 -3.3790643310 -3.3773393524 -3.3736743379 -3.3677674250 -3.3624246393 -3.3543982329 -3.3507780108 -3.3451276394 -3.3333682586 -3.3227291041 -3.3200084814 -3.3106095257 -3.3057400030 -3.2935834753 -3.2890212053 -3.2804785795 -3.2747083240 -3.2691990147 -3.2648984057 -3.2634311009 -3.2573711582 -3.2526619212 -3.2321580419 -3.2292851082 -3.2189078270 -3.1894671041 -3.1804541400 -3.1741030934 -3.1714163282 -3.1624193619 -3.1570882598 -3.1433010983 -3.1363198935 -3.1169147452 -3.1062777323 -3.0874222479 -3.0772125459 -3.0373978228 -3.0300984698 -3.0097017542 -2.9989689135
-4.0991907273 -4.0957442760 -4.0932855293 -4.0790198416 -4.0728320751 -4.0705611963 -4.0056813810 -4.0008602656 -3.9961621792 -3.9666471072 -3.9596822782 -3.9557551494 -3.9209786443 -3.9177765523 -3.9141190206 -3.9083932145 -3.9057203746 -3.9017503240 -3.8699462737 -3.8662247562 -3.8623585931 -3.8564890865 -3.8541730906 -3.8501504215 -3.7659844757 -3.7597424491 -3.7573784680 -3.7534473983 -3.7486674899 -3.7469397961 -3.7022341741 -3.6964933416 -3.6942442635 -3.6912935747 -3.6906192261 -3.6864044015 -3.6831928159 -3.6825215979 -3.6803675164 -3.6682393105 -3.6671888508 -3.6301573271 -3.6279190413 -3.6241602556 -3.6228177252 -3.6202679964 -3.6180415852 -3.6164828028 -3.6132652483 -3.6110804415 -3.6001658279 -3.5974643931 -3.5695796138 -3.5658462457 -3.5558632449 -3.5527285493 -3.5471892167 -3.5425534454 -3.5379595893 -3.5240543026 -3.5203241670 -3.5164817488 -3.5112622381 -3.5097751705 -3.5066715808 -3.5032558471 -3.4938568866 -3.4847223904 -3.4804698759 -3.4689562819 -3.4600984379 -3.4557983932 -3.4481385152 -3.4426370620 -3.4378470423 -3.4339899787 -3.4304255338 -3.4257586819 -3.4182841412 -3.4137907931 -3.4116754860 -3.4037196327 -3.3862861650 -3.3798324273 -3.3752770133 -3.3733662950 -3.3683784574 -3.3599833600 -3.3555484942 -3.3523169331 -3.3431968636 -3.3315182645 -3.3210269929 -3.3183083067 -3.3138168873 -3.3026995746 -3.2951037577 -3.2902200368 -3.2783528651 -3.2741305156 -3.2695676268 -3.2642822207 -3.2622184978 -3.2583310224 -3.2534905693 -3.2303575481 -3.2274733500 -3.2224550838 -3.1863812357 -3.1817770380 -3.1719386992 -3.1687157866 -3.1635209355 -3.1579171316 -3.1406138960 -3.1365718362 -3.1152587563 -3.1050435897 -3.0840521408 -3.0788115272 -3.0344280950 -3.0303337863 -3.0079047658 -2.9976835041
-4.0989535116 -4.0954968106 -4.0938035578 -4.0787995791 -4.0720649488 -4.0716525334 -4.0046757399 -4.0012680802 -3.9967911507 -3.9658041689 -3.9597038585 -3.9566438136 -3.9194466789 -3.9172839258 -3.9153477198 -3.9078925365 -3.9051593280 -3.9036738586 -3.8682163833 -3.8662231417 -3.8630037238 -3.8551467144 -3.8544038425 -3.8524993413 -3.7628748465 -3.7611974941 -3.7580453383 -3.7513710713 -3.7497179999 -3.7489978790 -3.6992024925 -3.6967845268 -3.6952648526 -3.6905609478 -3.6885825486 -3.6855589508 -3.6845099099 -3.6839687723 -3.6828748368 -3.6682140841 -3.6673195632 -3.6295556228 -3.6264632426 -3.6224922966 -3.6207257872 -3.6196238472 -3.6171672172 -3.6161587890 -3.6157154425 -3.6126589361 -3.6000277930 -3.5978084522 -3.5691977518 -3.5660438569 -3.5559545576 -3.5505690944 -3.5440847177 -3.5424353874 -3.5396502348 -3.5216955538 -3.5201105708 -3.5170044680 -3.5113111885 -3.5098065422 -3.5053041273 -3.5038419822 -3.4944506410 -3.4840554928 -3.4807759519 -3.4692834651 -3.4569442442 -3.4559079947 -3.4466263041 -3.4429784182 -3.4369756181 -3.4316726531 -3.4300018893 -3.4265478683 -3.4163944452 -3.4126274862 -3.4118861896 -3.4046324107 -3.3842356236 -3.3808161296 -3.3758104310 -3.3700509749 -3.3685674928 -3.3589113253 -3.3555679468 -3.3534181425 -3.3413668092 -3.3295349569 -3.3193351286 -3.3172269008 -3.3163981650 -3.3003752723 -3.2963372431 -3.2910747294 -3.2778930153 -3.2728095873 -3.2704248136 -3.2634119256 -3.2606300111 -3.2596780702 -3.2528900238 -3.2287690737 -3.2262158249 -3.2251685283 -3.1839239829 -3.1826041344 -3.1700418097 -3.1668772651 -3.1650031255 -3.1570904273 -3.1385406264 -3.1361804897 -3.1136311409 -3.1037450041 -3.0814845365 -3.0796035792 -3.0323100958 -3.0297292792 -3.0061463289 -2.9963188226
-4.1001965137 -4.0951458439 -4.0928094376 -4.0799120360 -4.0724576278 -4.0697057796 -4.0065002509 -4.0024339711 -3.9936803149 -3.9675141492 -3.9616956376 -3.9526876472 -3.9247613692 -3.9173680482 -3.9134130862 -3.9094823080 -3.9038546545 -3.8996705403 -3.8737568310 -3.8667405546 -3.8613431955 -3.8575539617 -3.8518234025 -3.8476695826 -3.7674302327 -3.7644763832 -3.7555238389 -3.7538281972 -3.7493951676 -3.7413722591 -3.7042805903 -3.7013576429 -3.6975025732 -3.6906037126 -3.6893616953 -3.6861080300 -3.6826225064 -3.6802839144 -3.6753732391 -3.6682018307 -3.6670798780 -3.6341186213 -3.6313741871 -3.6282850492 -3.6242871169 -3.6199611257 -3.6177078061 -3.6158888577 -3.6122784470 -3.6108713467 -3.6003981562 -3.5969086548 -3.5704302374 -3.5658965207 -3.5588751250 -3.5547867112 -3.5495079445 -3.5421643254 -3.5414630774 -3.5250992646 -3.5227883007 -3.5193220778 -3.5133970259 -3.5085099233 -3.5064776284 -3.5028147432 -3.4935429611 -3.4864793348 -3.4791495921 -3.4683495969 -3.4633105328 -3.4623425227 -3.4507257590 -3.4443840026 -3.4388420828 -3.4347362342 -3.4341044360 -3.4284927630 -3.4235589615 -3.4171148201 -3.4093442077 -3.4026065971 -3.3874523309 -3.3822010227 -3.3772266604 -3.3755588453 -3.3719179963 -3.3603248141 -3.3572206334 -3.3503007570 -3.3488021631 -3.3375115978 -3.3259745183 -3.3141217382 -3.3133264341 -3.3036030932 -3.2973656006 -3.2876501956 -3.2786887329 -3.2752827129 -3.2725827477 -3.2646404486 -3.2613863180 -3.2590801934 -3.2565795751 -3.2354941868 -3.2228139154 -3.2220400283 -3.1872112552 -3.1858957901 -3.1767184402 -3.1683128587 -3.1643062757 -3.1619266622 -3.1434974430 -3.1412239979 -3.1195913335 -3.1094751829 -3.0850119026 -3.0831132138 -3.0378304235 -3.0352437355 -3.0125150225 -3.0024402567
-4.1024642619 -4.0939472554 -4.0916349858 -4.0820115864 -4.0711737835 -4.0674554450 -4.0089372478 -4.0048827480 -3.9885208795 -3.9701057835 -3.9644656790 -3.9466138610 -3.9310621817 -3.9219099542 -3.9108987032 -3.9089250786 -3.9002377470 -3.8949508162 -3.8801200464 -3.8724451938 -3.8585693143 -3.8567200736 -3.8473304134 -3.8417989104 -3.7724004259 -3.7691111333 -3.7580128751 -3.7567249609 -3.7419865007 -3.7332581370 -3.7106834958 -3.7071469359 -3.7035618409 -3.6931970483 -3.6920540705 -3.6808166057 -3.6789695809 -3.6750537073 -3.6682225547 -3.6670223349 -3.6654883723 -3.6418482333 -3.6391991695 -3.6327534269 -3.6279184914 -3.6197550105 -3.6168663881 -3.6150982155 -3.6081268403 -3.6073958745 -3.6001788903 -3.5954438154 -3.5722531368 -3.5679163636 -3.5654628937 -3.5581714268 -3.5520329779 -3.5414343236 -3.5405274505 -3.5288932698 -3.5261592106 -3.5219470862 -3.5161851270 -3.5112941872 -3.5036781059 -3.5005471252 -3.4919365961 -3.4894782435 -3.4767512622 -3.4702790449 -3.4694061989 -3.4653688538 -3.4553220459 -3.4478912018 -3.4432016619 -3.4403342264 -3.4342629297 -3.4305146715 -3.4274841440 -3.4217606481 -3.4063045857 -3.3995605009 -3.3909690447 -3.3857312578 -3.3843148820 -3.3821094097 -3.3663829698 -3.3622361388 -3.3599224402 -3.3566475680 -3.3459228371 -3.3439544209 -3.3326838024 -3.3115011717 -3.3102204484 -3.3068195729 -3.3009622226 -3.2829544205 -3.2803082120 -3.2788308414 -3.2760552470 -3.2675014005 -3.2603676641 -3.2578152481 -3.2554728772 -3.2425136880 -3.2192145768 -3.2184642786 -3.1905465495 -3.1892365771 -3.1832742150 -3.1731557286 -3.1635143252 -3.1632546135 -3.1483394245 -3.1462282073 -3.1255892430 -3.1152487977 -3.0884915858 -3.0865681642 -3.0433339975 -3.0407339127 -3.0189368280 -3.0086191868
-4.1048735728 -4.0928108098 -4.0908685204 -4.0834132925 -4.0691809074 -4.0650062349 -4.0113338914 -4.0074320548 -3.9834691579 -3.9726437451 -3.9667584886 -3.9408843366 -3.9373666994 -3.9269968267 -3.9088320697 -3.9074500765 -3.8963725013 -3.8913899508 -3.8846259319 -3.8787829602 -3.8561230999 -3.8548811557 -3.8418832246 -3.8355998731 -3.7775448481 -3.7741386069 -3.7604607262 -3.7593079216 -3.7340582704 -3.7252998497 -3.7179457434 -3.7130713579 -3.7093141563 -3.6957918861 -3.6946808059 -3.6761982908 -3.6752535259 -3.6718105832 -3.6664133656 -3.6630889541 -3.6577035557 -3.6494287177 -3.6476861003 -3.6403868445 -3.6277694406 -3.6197738355 -3.6158046225 -3.6141357321 -3.6045105856 -3.6039099341 -3.5985451040 -3.5936939864 -3.5766252642 -3.5730690705 -3.5670330837 -3.5664787259 -3.5488401621 -3.5405186587 -3.5394257880 -3.5327006559 -3.5296605471 -3.5249783530 -3.5189757024 -3.5141523297 -3.5022538596 -3.4977310020 -3.4928088909 -3.4884033428 -3.4768936836 -3.4757799602 -3.4736502436 -3.4647237755 -3.4585460662 -3.4532732704 -3.4477597149 -3.4453726746 -3.4394658691 -3.4325170895 -3.4272533820 -3.4239055488 -3.4031192337 -3.3970893835 -3.3939033513 -3.3915434687 -3.3899364778 -3.3875669976 -3.3654072764 -3.3647884016 -3.3621155903 -3.3589488684 -3.3537616331 -3.3395467887 -3.3380679894 -3.3125187735 -3.3080458081 -3.3066833214 -3.3037682803 -3.2852295505 -3.2840373945 -3.2804587069 -3.2733615651 -3.2721631508 -3.2598241389 -3.2571259114 -3.2503561931 -3.2485341985 -3.2155747767 -3.2148018702 -3.1942149203 -3.1926989589 -3.1892580149 -3.1794199413 -3.1632696506 -3.1626314416 -3.1529110192 -3.1511739762 -3.1316199957 -3.1210625848 -3.0919242988 -3.0899685597 -3.0488193447 -3.0461968841 -3.0254083023 -3.0148541531
-4.1072180494 -4.0934622199 -4.0896068854 -4.0831372372 -4.0668299263 -4.0623772124 -4.0136095541 -4.0099057112 -3.9799807064 -3.9747857223 -3.9674859695 -3.9439649566 -3.9386326272 -3.9282984178 -3.9071547062 -3.9061785615 -3.8968185428 -3.8904215562 -3.8851787526 -3.8808520854 -3.8538465830 -3.8527066051 -3.8359335065 -3.8291999030 -3.7827504535 -3.7793294824 -3.7626653341 -3.7616063196 -3.7266721642 -3.7256257523 -3.7196422854 -3.7175652268 -3.7135284486 -3.6981347823 -3.6969802353 -3.6733817117 -3.6729405491 -3.6691279365 -3.6652444900 -3.6578869358 -3.6562909677 -3.6554230844 -3.6485807844 -3.6476938361 -3.6272510736 -3.6198417884 -3.6146186401 -3.6130048325 -3.6026782134 -3.5999787800 -3.5952435020 -3.5916543475 -3.5845629732 -3.5754526719 -3.5745481034 -3.5679880107 -3.5453897332 -3.5395701618 -3.5384157392 -3.5362415840 -3.5330740456 -3.5283592987 -3.5214382383 -3.5166947037 -3.5036413930 -3.4950999381 -3.4931868823 -3.4851468164 -3.4830538504 -3.4817269561 -3.4710827490 -3.4676896426 -3.4604193189 -3.4568281733 -3.4519227260 -3.4499956286 -3.4468793377 -3.4354336701 -3.4267207496 -3.4225794017 -3.4017868018 -3.3989858576 -3.3983121030 -3.3952184608 -3.3924297176 -3.3902323571 -3.3726828572 -3.3666435185 -3.3645247469 -3.3620149360 -3.3527863529 -3.3460183988 -3.3322393530 -3.3161304052 -3.3106027449 -3.3037620590 -3.3022744993 -3.2907919445 -3.2865843202 -3.2836220904 -3.2773543643 -3.2668345279 -3.2612662765 -3.2562498997 -3.2534184778 -3.2431855506 -3.2119969897 -3.2111394521 -3.1990921553 -3.1961127607 -3.1938669804 -3.1858678963 -3.1637027420 -3.1617735014 -3.1566499650 -3.1559572962 -3.1376767599 -3.1269120278 -3.0953110418 -3.0933146164 -3.0542851464 -3.0516294714 -3.0319254553 -3.0211435864
-4.1094396553 -4.0956382106 -4.0876329410 -4.0816125214 -4.0642253780 -4.0595839990 -4.0157374076 -4.0122589506 -3.9798991235 -3.9764885412 -3.9648583447 -3.9502376705 -3.9429070708 -3.9232186164 -3.9076010177 -3.9056743864 -3.8996144588 -3.8935843910 -3.8825926443 -3.8759567687 -3.8515541270 -3.8503500759 -3.8297073378 -3.8226604901 -3.7879394094 -3.7845603818 -3.7646725153 -3.7636855216 -3.7340858758 -3.7253004630 -3.7221262495 -3.7173789683 -3.7077465725 -3.7002343269 -3.6988979802 -3.6736863786 -3.6722248006 -3.6664658138 -3.6652661695 -3.6641429579 -3.6604473563 -3.6557995691 -3.6476049131 -3.6394304188 -3.6266233643 -3.6197514817 -3.6133302343 -3.6117367941 -3.6013260517 -3.5967307166 -3.5936050943 -3.5904824532 -3.5887671372 -3.5834012074 -3.5763467762 -3.5688707682 -3.5426182760 -3.5403229926 -3.5385192179 -3.5373142496 -3.5354460272 -3.5318446569 -3.5233762105 -3.5188939035 -3.5069098042 -3.4935723022 -3.4924308944 -3.4890154864 -3.4882472014 -3.4797174397 -3.4726110718 -3.4681579606 -3.4671760608 -3.4566086235 -3.4551980193 -3.4537802855 -3.4529290389 -3.4396570138 -3.4248643106 -3.4206564791 -3.4064619471 -3.4056095467 -3.4014177470 -3.3971588704 -3.3923504193 -3.3876769018 -3.3804997550 -3.3704872275 -3.3676570587 -3.3664030864 -3.3526662741 -3.3463827058 -3.3265666724 -3.3198618654 -3.3145888079 -3.3013753946 -3.2993243772 -3.2959853230 -3.2895077877 -3.2868104870 -3.2811115045 -3.2673262481 -3.2603186039 -3.2553358235 -3.2529531657 -3.2364544557 -3.2091977664 -3.2078153399 -3.2042558499 -3.1993058733 -3.1973675010 -3.1920597729 -3.1661186445 -3.1620430847 -3.1596207002 -3.1580676590 -3.1437478773 -3.1327898238 -3.0986531785 -3.0966066718 -3.0597303188 -3.0570281767 -3.0384835675 -3.0274857980
-4.1115150064 -4.0982380274 -4.0853734095 -4.0794946305 -4.0614094738 -4.0566431216 -4.0177005801 -4.0144718143 -3.9816514368 -3.9784558377 -3.9597749429 -3.9564237662 -3.9486339908 -3.9167121516 -3.9124067397 -3.9066519183 -3.8991661269 -3.8968336009 -3.8772551507 -3.8701994898 -3.8491615269 -3.8478522667 -3.8233367307 -3.8160341739 -3.7930355810 -3.7897508282 -3.7665250998 -3.7655879763 -3.7421806221 -3.7309024798 -3.7275338944 -3.7102251804 -3.7027398624 -3.7009573110 -3.6984873638 -3.6770518187 -3.6759336715 -3.6717426785 -3.6680691987 -3.6633662533 -3.6599010128 -3.6574427829 -3.6393761284 -3.6306562272 -3.6259527129 -3.6192803596 -3.6119711717 -3.6104163410 -3.6021220615 -3.5994046143 -3.5940911738 -3.5922974634 -3.5859083762 -3.5852006868 -3.5775633559 -3.5694433847 -3.5445432102 -3.5412590525 -3.5391553028 -3.5376376272 -3.5351364163 -3.5337524537 -3.5246330277 -3.5206023704 -3.5107723652 -3.4968434634 -3.4960120147 -3.4909536430 -3.4886653995 -3.4776812405 -3.4746121820 -3.4741691280 -3.4660573240 -3.4629912168 -3.4596342068 -3.4578519257 -3.4496231091 -3.4434991058 -3.4227258115 -3.4187765189 -3.4127721683 -3.4123237950 -3.4052857456 -3.4004806291 -3.3897091496 -3.3876443881 -3.3846634975 -3.3787449818 -3.3685623698 -3.3676239704 -3.3589707518 -3.3401680635 -3.3249988904 -3.3208670771 -3.3174382047 -3.3039159672 -3.2980684461 -3.2958087965 -3.2926374536 -3.2890374894 -3.2837400455 -3.2737052629 -3.2569155824 -3.2543459063 -3.2487633266 -3.2296312235 -3.2128721381 -3.2058542925 -3.2036775632 -3.2025872536 -3.1998222061 -3.1968682430 -3.1701902244 -3.1662203903 -3.1591874151 -3.1577663259 -3.1498022079 -3.1386811858 -3.1019525310 -3.0998452220 -3.0651541401 -3.0623890929 -3.0450769203 -3.0338789643
-4.1134321389 -4.1008985346 -4.0829143954 -4.0770534244 -4.0584061314 -4.0535754224 -4.0194824078 -4.0165302104 -3.9837222768 -3.9806415255 -3.9625120241 -3.9547384804 -3.9536202977 -3.9191530441 -3.9113586864 -3.9090946380 -3.8976211377 -3.8962248414 -3.8714507926 -3.8641969794 -3.8466363240 -3.8452166331 -3.8169830941 -3.8094441673 -3.7978711607 -3.7947972618 -3.7682695692 -3.7673421034 -3.7502544116 -3.7365530809 -3.7331814975 -3.7059115218 -3.7043175832 -3.6988465324 -3.6910365457 -3.6847001532 -3.6822212687 -3.6761466554 -3.6690199555 -3.6678653187 -3.6553472373 -3.6533916696 -3.6313157446 -3.6254054914 -3.6221339992 -3.6179363795 -3.6116830223 -3.6101607819 -3.6076195819 -3.6007782145 -3.5979281061 -3.5921016573 -3.5824736682 -3.5809003642 -3.5779357683 -3.5695746295 -3.5479654732 -3.5443534342 -3.5405949405 -3.5384120180 -3.5339907187 -3.5326049839 -3.5252650718 -3.5212063430 -3.5146753884 -3.5029819466 -3.5020307340 -3.4906400479 -3.4868481538 -3.4826583762 -3.4806381760 -3.4712155648 -3.4688753418 -3.4652921153 -3.4635258716 -3.4608800954 -3.4462535002 -3.4452294155 -3.4213692203 -3.4198118308 -3.4188056320 -3.4159289098 -3.4090850353 -3.4040696078 -3.3965940332 -3.3872719669 -3.3842956660 -3.3827993769 -3.3700743578 -3.3672718414 -3.3643477362 -3.3345754053 -3.3281192143 -3.3237577795 -3.3133308265 -3.3094918337 -3.3012171254 -3.2938930923 -3.2922961803 -3.2896427483 -3.2852813010 -3.2802609314 -3.2550359822 -3.2532067667 -3.2425261641 -3.2228414512 -3.2192588804 -3.2084919542 -3.2061047374 -3.2038649346 -3.1983809895 -3.1969494856 -3.1747685991 -3.1708966182 -3.1584350045 -3.1568491039 -3.1555373172 -3.1445441635 -3.1052114951 -3.1030309606 -3.0705564561 -3.0677077869 -3.0516983946 -3.0403211061
-4.1151838844 -4.1034953277 -4.0802793921 -4.0743878357 -4.0552343530 -4.0504108377 -4.0210613943 -4.0184190308 -3.9857999402 -3.9828550183 -3.9684178403 -3.9605038277 -3.9475319720 -3.9256844341 -3.9171317607 -3.9024309237 -3.8954635765 -3.8938166923 -3.8654423036 -3.8580694323 -3.8439618293 -3.8424361465 -3.8113150430 -3.8043511708 -3.8011216481 -3.7989115100 -3.7700177672 -3.7689660972 -3.7581469460 -3.7421363827 -3.7387931047 -3.7067915194 -3.7058732158 -3.6945548556 -3.6908740513 -3.6895481226 -3.6830188660 -3.6817988854 -3.6711829911 -3.6681066192 -3.6505849208 -3.6489380438 -3.6255934412 -3.6230815959 -3.6193649175 -3.6172477109 -3.6124049457 -3.6102742183 -3.6070631393 -3.6063031102 -3.5961774895 -3.5910140360 -3.5816854903 -3.5764578318 -3.5752402172 -3.5690798960 -3.5512914136 -3.5476742596 -3.5442499380 -3.5383906792 -3.5325281068 -3.5316038085 -3.5259595345 -3.5205564936 -3.5175401693 -3.5092373803 -3.5081479385 -3.4923327350 -3.4899422780 -3.4846817443 -3.4827488908 -3.4787190345 -3.4685258559 -3.4670062641 -3.4637295846 -3.4622323479 -3.4460416974 -3.4412060290 -3.4269343471 -3.4261177139 -3.4179999014 -3.4151478093 -3.4123702886 -3.4074510111 -3.4040851381 -3.3956353949 -3.3828345123 -3.3802019738 -3.3715570126 -3.3705492285 -3.3633721083 -3.3342230963 -3.3292177568 -3.3250200759 -3.3152926379 -3.3091552689 -3.3052132895 -3.2949058120 -3.2910701521 -3.2885409755 -3.2858846609 -3.2843941579 -3.2535665124 -3.2519603455 -3.2357360984 -3.2258738990 -3.2165070883 -3.2141336441 -3.2087184055 -3.2063834670 -3.1949269973 -3.1936967542 -3.1794699644 -3.1755016666 -3.1623501375 -3.1568013846 -3.1555663832 -3.1501647625 -3.1084331770 -3.1061648129 -3.0759380146 -3.0729791466 -3.0583388584 -3.0468100583
-4.1167654596 -4.1059764719 -4.0774787245 -4.0715407393 -4.0519144615 -4.0471968422 -4.0224063653 -4.0201152572 -3.9878429894 -3.9850320481 -3.9741072282 -3.9662968406 -3.9414689927 -3.9322613011 -3.9230150282 -3.8965919804 -3.8927898989 -3.8900315340 -3.8593094576 -3.8518887774 -3.8411217489 -3.8394963515 -3.8105915285 -3.8061634502 -3.8005219349 -3.7947316694 -3.7722987838 -3.7704462172 -3.7652953160 -3.7476246205 -3.7443183504 -3.7092779222 -3.7074971839 -3.7015097167 -3.6968655015 -3.6895734208 -3.6839190827 -3.6746602323 -3.6722358502 -3.6677548603 -3.6457914352 -3.6443252435 -3.6273912635 -3.6247238265 -3.6192868528 -3.6172559956 -3.6130148553 -3.6063781356 -3.6041542823 -3.6030124203 -3.5941262480 -3.5903031267 -3.5824193920 -3.5728955246 -3.5705029933 -3.5675348345 -3.5543439927 -3.5509499794 -3.5478661628 -3.5391218308 -3.5319095739 -3.5302659935 -3.5266311273 -3.5231947432 -3.5158063602 -3.5152405656 -3.5137466631 -3.4981255365 -3.4952148159 -3.4871880787 -3.4826395127 -3.4819899255 -3.4720741642 -3.4701102415 -3.4665866311 -3.4567288197 -3.4439613966 -3.4371389723 -3.4335745683 -3.4324461668 -3.4188884302 -3.4155675712 -3.4140811249 -3.4112798816 -3.4082229112 -3.4040276366 -3.3847157027 -3.3788898094 -3.3733601702 -3.3708412088 -3.3596624229 -3.3378716674 -3.3330361839 -3.3217951994 -3.3189837144 -3.3130279747 -3.3028144998 -3.2969843546 -3.2922087492 -3.2909914237 -3.2837260465 -3.2819807446 -3.2521776071 -3.2506344181 -3.2326715895 -3.2286919043 -3.2208915126 -3.2123100349 -3.2103609579 -3.2072540013 -3.1913857762 -3.1899015313 -3.1840872028 -3.1798082512 -3.1682907971 -3.1581377507 -3.1543184434 -3.1533454489 -3.1116215385 -3.1092479517 -3.0813010143 -3.0781971826 -3.0649862211 -3.0533434245
-4.1181734270 -4.1083164319 -4.0745188571 -4.0685352545 -4.0484737424 -4.0440145269 -4.0234741201 -4.0215711411 -3.9899145969 -3.9871792836 -3.9794608507 -3.9719185952 -3.9391137182 -3.9368648564 -3.9270158815 -3.8925681212 -3.8899255341 -3.8840680011 -3.8531012845 -3.8457594792 -3.8380891265 -3.8363618943 -3.8145334995 -3.8105714735 -3.7949162024 -3.7881525967 -3.7770051945 -3.7716893242 -3.7697370423 -3.7529945804 -3.7497214616 -3.7142627158 -3.7099912963 -3.7068873116 -3.7032306152 -3.6969914745 -3.6765415828 -3.6729887886 -3.6693934062 -3.6643448736 -3.6412640401 -3.6397436790 -3.6351889603 -3.6274881715 -3.6225051961 -3.6160301650 -3.6082024516 -3.6043353189 -3.5998937871 -3.5952096678 -3.5918625717 -3.5893545295 -3.5832283567 -3.5706950477 -3.5656107251 -3.5645521274 -3.5568428805 -3.5540481016 -3.5512056687 -3.5404588470 -3.5322108924 -3.5286637113 -3.5275192139 -3.5260862047 -3.5214854203 -3.5197482950 -3.5109693326 -3.5056431247 -3.4996809953 -3.4946916492 -3.4819988031 -3.4805048305 -3.4756320724 -3.4727180763 -3.4701265778 -3.4507596742 -3.4420000721 -3.4402113149 -3.4387121627 -3.4318260529 -3.4243039658 -3.4189671854 -3.4163726458 -3.4130360932 -3.4114875818 -3.4069744733 -3.3889984784 -3.3800869905 -3.3742985180 -3.3672635428 -3.3552151898 -3.3418269153 -3.3372939340 -3.3271090411 -3.3188741601 -3.3131308781 -3.3055206374 -3.2958574354 -3.2942257274 -3.2907335760 -3.2802536019 -3.2784346687 -3.2508196191 -3.2492720915 -3.2391324830 -3.2275230496 -3.2218496338 -3.2143062822 -3.2125352908 -3.2016872403 -3.1895636376 -3.1889389398 -3.1852846165 -3.1826051101 -3.1741594701 -3.1633668443 -3.1530489122 -3.1523422177 -3.1147815157 -3.1122817549 -3.0866500006 -3.0833547769 -3.0716239547 -3.0599185110
-4.1194051890 -4.1105009785 -4.0714050932 -4.0653874442 -4.0449556426 -4.0410074358 -4.0242370404 -4.0226524128 -3.9922377317 -3.9893624917 -3.9842060532 -3.9772774209 -3.9454116271 -3.9392927834 -3.9242865649 -3.8894002998 -3.8870113499 -3.8768769249 -3.8468713420 -3.8399341290 -3.8348252483 -3.8329131533 -3.8190277553 -3.8151148268 -3.7892083216 -3.7838825817 -3.7812022429 -3.7724454880 -3.7715847322 -3.7582085977 -3.7549391342 -3.7219362029 -3.7151578540 -3.7095757991 -3.7071474271 -3.7041027443 -3.6734954763 -3.6719568450 -3.6656357387 -3.6567998079 -3.6443391379 -3.6368172595 -3.6350133779 -3.6337566321 -3.6217047150 -3.6141422051 -3.6050229810 -3.6022767424 -3.5941818609 -3.5910698221 -3.5895440509 -3.5856628828 -3.5823144800 -3.5696047475 -3.5625962004 -3.5610234310 -3.5580407082 -3.5559995493 -3.5536206218 -3.5422521147 -3.5331219894 -3.5312610829 -3.5281372006 -3.5275686083 -3.5256861289 -3.5230789642 -3.5133044085 -3.5070602131 -3.5046280064 -3.5012070381 -3.4827829180 -3.4805099333 -3.4776306675 -3.4745744111 -3.4726280919 -3.4475801552 -3.4465573890 -3.4447040501 -3.4364579532 -3.4313431869 -3.4276747698 -3.4235487772 -3.4208504942 -3.4189972495 -3.4100613459 -3.4047231501 -3.3943526763 -3.3811778518 -3.3751627899 -3.3626887289 -3.3506633303 -3.3454826060 -3.3415037996 -3.3326569155 -3.3247210872 -3.3116716294 -3.3070114339 -3.2964016611 -3.2944459649 -3.2870309743 -3.2766143272 -3.2744983393 -3.2496050266 -3.2482310700 -3.2451820791 -3.2335852757 -3.2190593281 -3.2152768294 -3.2128852150 -3.1962882758 -3.1931411721 -3.1909643184 -3.1827131211 -3.1807922080 -3.1786678930 -3.1691967727 -3.1515278430 -3.1507166747 -3.1179189937 -3.1152676062 -3.0919932997 -3.0884433776 -3.0782287875 -3.0665322226
-4.1204587179 -4.1125213857 -4.0681427128 -4.0621119692 -4.0414396707 -4.0384145907 -4.0247997630 -4.0229765178 -3.9952741266 -3.9916873835 -3.9878784687 -3.9822002926 -3.9517614774 -3.9448289694 -3.9180995856 -3.8863722447 -3.8840088673 -3.8692785141 -3.8407115227 -3.8350315587 -3.8314609212 -3.8287987752 -3.8233182423 -3.8192349864 -3.7930045409 -3.7810467562 -3.7772628616 -3.7725955937 -3.7710464055 -3.7631576565 -3.7597233527 -3.7303603420 -3.7220497563 -3.7138805869 -3.7092246747 -3.7086718203 -3.6738900120 -3.6714634845 -3.6585647983 -3.6529882901 -3.6478836760 -3.6436568980 -3.6306131339 -3.6300921148 -3.6200620400 -3.6122678905 -3.6026188532 -3.6002304952 -3.5913246402 -3.5898996236 -3.5864915924 -3.5823482296 -3.5751370789 -3.5692824366 -3.5633339938 -3.5615735745 -3.5580922804 -3.5538253204 -3.5519456542 -3.5443968136 -3.5359882322 -3.5349288227 -3.5325136075 -3.5304556820 -3.5244522280 -3.5228528760 -3.5206009341 -3.5123516169 -3.5068427493 -3.5010573278 -3.4852045312 -3.4832250694 -3.4796502362 -3.4743448977 -3.4722847502 -3.4541767327 -3.4530585810 -3.4404232032 -3.4383958849 -3.4326748822 -3.4300136857 -3.4260709729 -3.4244364327 -3.4202588748 -3.4086392922 -3.4021487552 -3.3993580613 -3.3820954343 -3.3758685274 -3.3585928781 -3.3498998424 -3.3466240722 -3.3437052896 -3.3378204226 -3.3305975947 -3.3182664808 -3.3014962661 -3.2973382240 -3.2944807524 -3.2819440977 -3.2729277569 -3.2703191939 -3.2524796242 -3.2488048881 -3.2459343820 -3.2389521385 -3.2212392695 -3.2179351974 -3.2066715070 -3.1991000300 -3.1953351643 -3.1893975906 -3.1855660572 -3.1776289392 -3.1759857386 -3.1745548397 -3.1498520615 -3.1489220491 -3.1210403195 -3.1182062789 -3.0973451629 -3.0934526635 -3.0847672215 -3.0731808965
-4.1213324026 -4.1143718953 -4.0647377221 -4.0587258409 -4.0380885088 -4.0365290839 -4.0252051749 -4.0221200450 -3.9991867882 -3.9943433787 -3.9903678150 -3.9863489466 -3.9579936594 -3.9508224282 -3.9112491284 -3.8833035754 -3.8808933399 -3.8615326400 -3.8348884148 -3.8322307179 -3.8293080666 -3.8269022352 -3.8230661036 -3.8215217837 -3.8005796830 -3.7775585734 -3.7763588243 -3.7713714906 -3.7688507340 -3.7670552297 -3.7616612927 -3.7389292814 -3.7293573357 -3.7208612017 -3.7106178606 -3.7102946080 -3.6742251989 -3.6720323793 -3.6606596382 -3.6521305149 -3.6501745943 -3.6399785231 -3.6260240175 -3.6256949023 -3.6176586752 -3.6103845420 -3.6004037043 -3.5981978061 -3.5913880658 -3.5891993169 -3.5849971256 -3.5752793168 -3.5704946734 -3.5661893997 -3.5654178671 -3.5640509860 -3.5584835787 -3.5501520678 -3.5475370889 -3.5464063173 -3.5409213000 -3.5394445045 -3.5341785204 -3.5332993734 -3.5285629004 -3.5220676315 -3.5213433051 -3.5198433351 -3.5103452111 -3.4975458458 -3.4876320575 -3.4861932292 -3.4831738336 -3.4723438379 -3.4706651507 -3.4607728263 -3.4595199585 -3.4479324972 -3.4395737325 -3.4347361996 -3.4289899181 -3.4274659876 -3.4253798140 -3.4164970987 -3.4101763630 -3.4014324819 -3.3993959987 -3.3829118430 -3.3763699073 -3.3577142304 -3.3513538841 -3.3498783311 -3.3420326564 -3.3393260717 -3.3359954753 -3.3249116369 -3.2992871515 -3.2975030222 -3.2919000045 -3.2770393413 -3.2692761423 -3.2660168542 -3.2581776937 -3.2506014481 -3.2446473987 -3.2415395514 -3.2239758559 -3.2205820293 -3.2045331031 -3.1997124282 -3.1989325064 -3.1929978054 -3.1834443307 -3.1792122121 -3.1733205115 -3.1709010393 -3.1480686421 -3.1469909454 -3.1241504115 -3.1210961884 -3.1027284314 -3.0983702579 -3.0911907550 -3.0798600222
-4.1220249567 -4.1160484909 -4.0611976538 -4.0552525610 -4.0354870603 -4.0352286077 -4.0250869029 -4.0201528850 -4.0034094842 -3.9976717171 -3.9920736774 -3.9893647293 -3.9640800275 -3.9568425742 -3.9041724124 -3.8801464686 -3.8776542258 -3.8537903214 -3.8342602652 -3.8322649650 -3.8286267939 -3.8247169246 -3.8202460804 -3.8167126566 -3.8081558554 -3.7786047675 -3.7765637623 -3.7727953113 -3.7710612816 -3.7645560924 -3.7565038788 -3.7474468674 -3.7367216319 -3.7282600179 -3.7116384914 -3.7113360644 -3.6747640438 -3.6733572659 -3.6679293324 -3.6595361574 -3.6426189024 -3.6319234461 -3.6223105281 -3.6209894425 -3.6142877386 -3.6084907923 -3.5982452761 -3.5962441020 -3.5915733366 -3.5898758148 -3.5827433836 -3.5716792133 -3.5694265313 -3.5675338191 -3.5653010526 -3.5594784641 -3.5564978071 -3.5511506379 -3.5479885264 -3.5461539317 -3.5421455765 -3.5406801291 -3.5377082026 -3.5348490495 -3.5333541479 -3.5280411595 -3.5200518311 -3.5191750090 -3.5131805871 -3.4970933828 -3.4897688462 -3.4868939038 -3.4863366534 -3.4701959890 -3.4689930539 -3.4671294769 -3.4655033774 -3.4560055546 -3.4481015890 -3.4357670900 -3.4312664002 -3.4240434417 -3.4216855866 -3.4149944660 -3.4117776578 -3.4001092179 -3.3965458044 -3.3836460005 -3.3766275517 -3.3606780166 -3.3550884451 -3.3519258804 -3.3428523256 -3.3412986525 -3.3331984240 -3.3313680647 -3.2997775701 -3.2976940985 -3.2864326725 -3.2736916390 -3.2659891954 -3.2633625342 -3.2606485088 -3.2550149293 -3.2432031406 -3.2409180585 -3.2267817995 -3.2231667640 -3.2091751322 -3.2038003105 -3.1985571003 -3.1924239433 -3.1879469968 -3.1746198996 -3.1692662436 -3.1658075554 -3.1462128600 -3.1449270418 -3.1272464815 -3.1239283501 -3.1081760658 -3.1031816950 -3.0974309035 -3.0865637405
-4.1225353613 -4.1175482561 -4.0575327681 -4.0517287217 -4.0350901680 -4.0333702915 -4.0240795914 -4.0175925352 -4.0072032309 -4.0015108506 -3.9932931386 -3.9913687765 -3.9699917163 -3.9627772251 -3.8969858702 -3.8768871371 -3.8742850539 -3.8464682606 -3.8379753968 -3.8355258372 -3.8244734594 -3.8211799750 -3.8172365883 -3.8139505091 -3.8101461813 -3.7812988916 -3.7783898823 -3.7754682511 -3.7742280318 -3.7578352675 -3.7560859048 -3.7494128531 -3.7439446056 -3.7356138879 -3.7124629722 -3.7121291550 -3.6788367308 -3.6745191678 -3.6728321354 -3.6662057386 -3.6347930367 -3.6244342287 -3.6186699114 -3.6165265313 -3.6100476601 -3.6065447796 -3.5962328109 -3.5945956437 -3.5916418932 -3.5904473922 -3.5803361809 -3.5733561544 -3.5717445923 -3.5690510313 -3.5598509369 -3.5580116547 -3.5548455650 -3.5526698513 -3.5512906403 -3.5468810380 -3.5445908131 -3.5396382739 -3.5371665310 -3.5361058570 -3.5342198963 -3.5327821476 -3.5186607582 -3.5169741164 -3.5146724915 -3.4997534126 -3.4929879104 -3.4903446653 -3.4825060639 -3.4738466749 -3.4729338898 -3.4675365798 -3.4658544285 -3.4636999365 -3.4566832379 -3.4387199419 -3.4345749897 -3.4214439367 -3.4182737790 -3.4163817958 -3.4069343816 -3.3979093776 -3.3936292304 -3.3842956900 -3.3765952573 -3.3646034079 -3.3595344013 -3.3558400727 -3.3485529633 -3.3390655919 -3.3356679138 -3.3277596756 -3.3004636051 -3.2980729622 -3.2804793568 -3.2753750724 -3.2640420560 -3.2624067930 -3.2605382017 -3.2547243280 -3.2416993829 -3.2392990117 -3.2295304650 -3.2256343063 -3.2141530792 -3.2079818464 -3.2038145951 -3.1942959560 -3.1851939626 -3.1690357190 -3.1651756014 -3.1602927941 -3.1443565177 -3.1427329437 -3.1302963995 -3.1266706703 -3.1137264000 -3.1078710460 -3.1033980806 -3.0932838739
-4.1228628296 -4.1188690165 -4.0537582329 -4.0482164078 -4.0350914859 -4.0326096430 -4.0226866694 -4.0156396526 -4.0092894728 -4.0050203689 -3.9941783619 -3.9927559817 -3.9756815015 -3.9685709151 -3.8897528556 -3.8735254022 -3.8707792993 -3.8438605239 -3.8409164841 -3.8357710434 -3.8255944047 -3.8187278160 -3.8164303682 -3.8098110708 -3.8035559873 -3.7851530608 -3.7820402027 -3.7769950185 -3.7757112235 -3.7642629869 -3.7530825308 -3.7487101813 -3.7444528019 -3.7407013727 -3.7131478148 -3.7127307909 -3.6860644662 -3.6789566710 -3.6740836831 -3.6698888842 -3.6271686963 -3.6191495844 -3.6131725534 -3.6127113660 -3.6055364625 -3.6041891342 -3.5948906413 -3.5936308407 -3.5915144159 -3.5895256323 -3.5780918192 -3.5762274155 -3.5740561571 -3.5702949622 -3.5613094063 -3.5593707805 -3.5572358485 -3.5545748188 -3.5519722953 -3.5491278251 -3.5444180667 -3.5398055254 -3.5380056351 -3.5360668568 -3.5297519531 -3.5291228011 -3.5186508016 -3.5145158858 -3.5138000407 -3.5031833599 -3.4963752022 -3.4937425752 -3.4807352927 -3.4790441641 -3.4769806668 -3.4725056488 -3.4664460480 -3.4638907314 -3.4626076074 -3.4419414820 -3.4379061783 -3.4271747565 -3.4126161236 -3.4114307937 -3.4021362277 -3.3955621954 -3.3907173579 -3.3848329956 -3.3762332919 -3.3687349923 -3.3641437701 -3.3600092666 -3.3542399311 -3.3444467195 -3.3310512581 -3.3222967932 -3.3011234065 -3.2983929329 -3.2806271132 -3.2743606905 -3.2683817966 -3.2594117867 -3.2575513120 -3.2497502329 -3.2404752527 -3.2374628518 -3.2319606866 -3.2278309863 -3.2192665642 -3.2120738495 -3.2087790284 -3.2002997745 -3.1784685875 -3.1637087471 -3.1611363195 -3.1544001189 -3.1427149388 -3.1404428135 -3.1331521738 -3.1292126937 -3.1194031842 -3.1124226329 -3.1089908247 -3.1000078539
-4.1230067850 -4.1200091295 -4.0498986322 -4.0448270080 -4.0353139098 -4.0325988209 -4.0226813958 -4.0155672339 -4.0093118806 -4.0057036359 -3.9948077474 -3.9937762443 -3.9810463502 -3.9741719627 -3.8825409536 -3.8700749979 -3.8671302521 -3.8474867575 -3.8446370923 -3.8332008262 -3.8283219973 -3.8151294990 -3.8123870693 -3.8040963615 -3.7970393409 -3.7891847030 -3.7861999238 -3.7785370458 -3.7764611241 -3.7716058838 -3.7590283428 -3.7507652147 -3.7424953942 -3.7343284526 -3.7137237306 -3.7131576725 -3.6936447190 -3.6861342245 -3.6740863804 -3.6713696985 -3.6202019190 -3.6155507167 -3.6101659130 -3.6059843501 -3.6024417706 -3.5998655932 -3.5944918529 -3.5934368617 -3.5898137336 -3.5875012815 -3.5799104253 -3.5768178548 -3.5753485227 -3.5708392666 -3.5662039380 -3.5640886633 -3.5604291464 -3.5577034646 -3.5570654997 -3.5510069446 -3.5425132389 -3.5387358712 -3.5369482953 -3.5298022461 -3.5246321066 -3.5236465686 -3.5186701255 -3.5119262740 -3.5116477972 -3.5065203914 -3.4999278731 -3.4969886132 -3.4866041537 -3.4851328404 -3.4803902966 -3.4745633446 -3.4719520537 -3.4613642724 -3.4603622375 -3.4451660998 -3.4411750847 -3.4330975857 -3.4074829660 -3.4058159750 -3.3975937193 -3.3932685440 -3.3879761338 -3.3851365186 -3.3756365719 -3.3727879462 -3.3687035480 -3.3639997230 -3.3596295730 -3.3502060760 -3.3254048970 -3.3169926037 -3.3017622371 -3.2986445746 -3.2861206341 -3.2743820263 -3.2683776251 -3.2555212177 -3.2539067162 -3.2443454752 -3.2402496200 -3.2362382319 -3.2330282172 -3.2293148882 -3.2244389163 -3.2160528690 -3.2133155067 -3.2063558873 -3.1718805548 -3.1587457823 -3.1571801818 -3.1482770913 -3.1419492831 -3.1384259944 -3.1351007055 -3.1311668604 -3.1251693293 -3.1168223210 -3.1141149644 -3.1067136584
-4.1229668479 -4.1209673552 -4.0459987244 -4.0417593214 -4.0357016609 -4.0332979809 -4.0240348317 -4.0175441054 -4.0077655940 -4.0029520479 -3.9952285782 -3.9945794270 -3.9857853416 -3.9794972488 -3.8754644007 -3.8665897285 -3.8633517370 -3.8517222665 -3.8485637883 -3.8398913067 -3.8213754623 -3.8114057940 -3.8080259890 -3.7995288823 -3.7931676935 -3.7908342462 -3.7890215838 -3.7825798975 -3.7772002379 -3.7755032159 -3.7656700937 -3.7577761559 -3.7352276671 -3.7271909986 -3.7142269255 -3.7134054700 -3.7009464351 -3.6937222515 -3.6739307654 -3.6722152501 -3.6155310282 -3.6106212489 -3.6091523035 -3.6009318853 -3.5985230094 -3.5955481113 -3.5938683373 -3.5920608244 -3.5873810092 -3.5850489131 -3.5832878505 -3.5787666170 -3.5738764368 -3.5720346026 -3.5706543891 -3.5689203057 -3.5663285753 -3.5632909449 -3.5587098918 -3.5546845324 -3.5395928097 -3.5390704847 -3.5326146032 -3.5224044680 -3.5200616117 -3.5179541423 -3.5168554208 -3.5107653261 -3.5089717856 -3.5078838323 -3.5035967223 -3.5000090193 -3.4924745759 -3.4910002992 -3.4879062838 -3.4831486964 -3.4668742334 -3.4585839825 -3.4575293160 -3.4482221204 -3.4443341241 -3.4389136456 -3.4027256926 -3.4003542934 -3.3937187381 -3.3911988675 -3.3860360984 -3.3846083080 -3.3767167280 -3.3754619569 -3.3721348727 -3.3679147088 -3.3640755178 -3.3555539560 -3.3195944402 -3.3121653781 -3.3024385076 -3.2992802462 -3.2907561421 -3.2800665120 -3.2628761347 -3.2524982622 -3.2498309020 -3.2417540502 -3.2386511341 -3.2370457100 -3.2314621294 -3.2301267444 -3.2286528708 -3.2198641499 -3.2173564536 -3.2123566467 -3.1656155872 -3.1547272333 -3.1529499189 -3.1435728557 -3.1415313606 -3.1386991156 -3.1339496946 -3.1320175466 -3.1304229123 -3.1210450396 -3.1186976983 -3.1133550764
-4.1227428310 -4.1217427750 -4.0421566433 -4.0393289359 -4.0362956301 -4.0351339829 -4.0244898863 -4.0205427094 -4.0044633727 -4.0003986889 -3.9954970526 -3.9953459869 -3.9888115362 -3.9843470553 -3.8687736492 -3.8633585937 -3.8597286232 -3.8560664819 -3.8518679402 -3.8464009624 -3.8145835069 -3.8084459142 -3.8034561964 -3.7999933227 -3.7954736174 -3.7906126283 -3.7874662784 -3.7838413581 -3.7780447088 -3.7769209695 -3.7706257602 -3.7643944206 -3.7281138214 -3.7213216967 -3.7144765616 -3.7134484613 -3.7069401721 -3.7011572053 -3.6736664478 -3.6728262054 -3.6129212401 -3.6096987842 -3.6041655481 -3.5990660532 -3.5972256810 -3.5944122259 -3.5897291603 -3.5877903829 -3.5860451593 -3.5838079996 -3.5821037854 -3.5801257955 -3.5767606451 -3.5744764996 -3.5733336300 -3.5720212587 -3.5707713334 -3.5694278373 -3.5589389928 -3.5567606573 -3.5392843622 -3.5392263415 -3.5264037271 -3.5190702914 -3.5170861109 -3.5128954495 -3.5118489995 -3.5106971148 -3.5079077251 -3.5058622115 -3.5043312235 -3.5022706924 -3.4980142313 -3.4964549830 -3.4947887554 -3.4914823343 -3.4621575403 -3.4569025616 -3.4539823573 -3.4503979622 -3.4472965509 -3.4444715335 -3.3984808076 -3.3962158294 -3.3908215459 -3.3898858506 -3.3855487303 -3.3829961947 -3.3795561204 -3.3773987957 -3.3729815173 -3.3718730311 -3.3658298439 -3.3602729408 -3.3138223350 -3.3084882730 -3.3032647299 -3.3019046643 -3.2920987256 -3.2853661313 -3.2578399322 -3.2515408703 -3.2454471557 -3.2426878756 -3.2389671116 -3.2353290755 -3.2331668950 -3.2284851479 -3.2275458257 -3.2231737374 -3.2208467362 -3.2181779629 -3.1599191820 -3.1530956820 -3.1481201842 -3.1445876572 -3.1408262624 -3.1372160533 -3.1355393085 -3.1307667230 -3.1297470682 -3.1249056477 -3.1226679396 -3.1198077558
-4.1223347388 -4.1223347388 -4.0388052558 -4.0388052558 -4.0370184049 -4.0370184049 -4.0231477119 -4.0231477119 -4.0011473557 -4.0011473557 -3.9956611432 -3.9956611432 -3.9880705109 -3.9880705109 -3.8633114461 -3.8633114461 -3.8584454081 -3.8584454081 -3.8514520035 -3.8514520035 -3.8093342406 -3.8093342406 -3.8007157107 -3.8007157107 -3.7956930463 -3.7956930463 -3.7828580405 -3.7828580405 -3.7789492100 -3.7789492100 -3.7696687984 -3.7696687984 -3.7220936820 -3.7220936820 -3.7134291399 -3.7134291399 -3.7073298728 -3.7073298728 -3.6733004288 -3.6733004288 -3.6110043773 -3.6110043773 -3.5983288273 -3.5983288273 -3.5979088009 -3.5979088009 -3.5864049026 -3.5864049026 -3.5826376130 -3.5826376130 -3.5801939431 -3.5801939431 -3.5774277292 -3.5774277292 -3.5770151331 -3.5770151331 -3.5707277440 -3.5707277440 -3.5582131627 -3.5582131627 -3.5392696675 -3.5392696675 -3.5213463236 -3.5213463236 -3.5140305808 -3.5140305808 -3.5093218822 -3.5093218822 -3.5042627255 -3.5042627255 -3.5025321317 -3.5025321317 -3.5003845092 -3.5003845092 -3.4982095099 -3.4982095099 -3.4583691759 -3.4583691759 -3.4499650866 -3.4499650866 -3.4493929917 -3.4493929917 -3.3956410580 -3.3956410580 -3.3893860937 -3.3893860937 -3.3845579888 -3.3845579888 -3.3787059272 -3.3787059272 -3.3738514720 -3.3738514720 -3.3640151898 -3.3640151898 -3.3087157553 -3.3087157553 -3.3041413834 -3.3041413834 -3.2897245074 -3.2897245074 -3.2537126416 -3.2537126416 -3.2422598319 -3.2422598319 -3.2394715483 -3.2394715483 -3.2292208621 -3.2292208621 -3.2238273576 -3.2238273576 -3.2232309762 -3.2232309762 -3.1552863845 -3.1552863845 -3.1441136904 -3.1441136904 -3.1419290312 -3.1419290312 -3.1309049871 -3.1309049871 -3.1261397159 -3.1261397159 -3.1253279992 -3.1253279992
