# Fixed-geometry SCF on the relaxed structure used for the paper.
# DFT_DATA19 is a local symlink to the OpenMX PAO/VPS database.
System.CurrentDirectory ./
System.Name openmx
DATA.PATH ./DFT_DATA19
level.of.stdout                   1          # default=1 (1-3)
level.of.fileout                  0          # default=1 (0-2)
HS.fileout on

#
# SCF or Electronic System
#

scf.XcType                  GGA-PBE          # LDA|LSDA-CA|LSDA-PW|GGA-PBE
scf.SpinPolarization             NC          # On|Off|NC
scf.SpinOrbit.Coupling           on          # On|Off, default=off
scf.ElectronicTemperature      300.0         # default=300 (K)
scf.energycutoff               150.0         # default=150 (Ry)
scf.maxIter 200
scf.EigenvalueSolver           Band          # DC|GDC|Cluster|Band
scf.Kgrid                     1 1 1          # means 4x4x4
scf.Mixing.Type            rmm-diis          # Simple|Rmm-Diis|Gr-Pulay|Kerker|Rmm-Diisk
scf.Init.Mixing.Weight            0.10       # default=0.30
scf.Min.Mixing.Weight             0.001      # default=0.001
scf.Max.Mixing.Weight             0.050      # default=0.40
scf.Mixing.History               30          # default=5
scf.Mixing.StartPulay            30          # default=6
scf.criterion                     1.0e-7     # default=1.0e-6 (Hartree)
scf.lapack.dste              dstevx          # dstevx|dstedc|dstegr,default=dstevx
scf.eigen.lib                 elpa2          # elpa1|elpa2, default=elpa1
scf.restart off

Band.dispersion                 off
Band.Nkpath                       3
<Band.kpath
  27  0.000000 0.000000 0.000000   0.500000 0.000000 0.000000   G M
  16  0.500000 0.000000 0.000000   0.333333 0.333333 0.000000   M K
  31  0.333333 0.333333 0.000000   0.000000 0.000000 0.000000   K G
Band.kpath>

Atoms.UnitVectors.Unit  Ang
<Atoms.UnitVectors
      54.0532327003       0.0000000000       0.0000000000
     -27.0266163518      46.8114726752       0.0000000000
       0.0000000000       0.0000000000      22.9186134249
Atoms.UnitVectors>

Species.Number       2
<Definition.of.Atomic.Species
Zr   Zr7.0-s3p2d1   Zr_PBE19
S   S7.0-s2p2d1   S_PBE19
Definition.of.Atomic.Species>

Atoms.Number        1302
Atoms.SpeciesAndCoordinates.Unit   Ang # Ang|AU
<Atoms.SpeciesAndCoordinates
     1     Zr      0.0000030558      0.0000140696      8.2697147450   6.0000   6.0000
     2     Zr      3.2580540269      1.6899829084      8.2793145827   6.0000   6.0000
     3     Zr      0.1653111888      3.6664947666      8.2794197066   6.0000   6.0000
     4     Zr     -2.9303716537      5.6412555811      8.2971948857   6.0000   6.0000
     5     Zr      9.6061596349      1.4189232681      8.3284836687   6.0000   6.0000
     6     Zr      6.5132564927      3.3848280289      8.3054349529   6.0000   6.0000
     7     Zr      3.4206131535      5.3582044527      8.2973463063   6.0000   6.0000
     8     Zr      0.3251153299      7.3327586391      8.3062453287   6.0000   6.0000
     9     Zr     -2.7761510944      9.3040528593      8.3297713170   6.0000   6.0000
    10     Zr     -5.8869343970     11.2668224556      8.3615971582   6.0000   6.0000
    11     Zr     15.9523039901      1.1934718012      8.3952976140   6.0000   6.0000
    12     Zr     12.8569377095      3.1342623702      8.3664593066   6.0000   6.0000
    13     Zr      9.7633756757      5.0897286760      8.3420922167   6.0000   6.0000
    14     Zr      6.6701613850      7.0560615869      8.3288376527   6.0000   6.0000
    15     Zr      3.5748401678      9.0282510705      8.3298489559   6.0000   6.0000
    16     Zr      0.4742666874     10.9993964609      8.3451755436   6.0000   6.0000
    17     Zr     -2.6352798251     12.9646731972      8.3700961411   6.0000   6.0000
    18     Zr     -5.7568119906     14.9200405280      8.3978513165   6.0000   6.0000
    19     Zr     -8.8912916841     16.8644566783      8.4221670826   6.0000   6.0000
    20     Zr     22.2993067446      1.0246042022      8.4400442218   6.0000   6.0000
    21     Zr     19.1997137600      2.9381785234      8.4248615890   6.0000   6.0000
    22     Zr     16.1022504073      4.8653630410      8.4045299766   6.0000   6.0000
    23     Zr     13.0065400506      6.8081023572      8.3829925386   6.0000   6.0000
    24     Zr      9.9116393573      8.7650851004      8.3672278806   6.0000   6.0000
    25     Zr      6.8157660216     10.7314115739      8.3621756929   6.0000   6.0000
    26     Zr      3.7159566794     12.7007274512      8.3701982573   6.0000   6.0000
    27     Zr      0.6083803524     14.6664050215      8.3885608549   6.0000   6.0000
    28     Zr     -2.5103243849     16.6237002356      8.4109735038   6.0000   6.0000
    29     Zr     -5.6419699657     18.5703137056      8.4304977027   6.0000   6.0000
    30     Zr     -8.7857454038     20.5073894037      8.4433665757   6.0000   6.0000
    31     Zr    -11.9378816337     22.4379151089      8.4492846790   6.0000   6.0000
    32     Zr     28.6485966181      0.8874365718      8.4489292041   6.0000   6.0000
    33     Zr     25.5459694468      2.7897810901      8.4509013777   6.0000   6.0000
    34     Zr     22.4434881812      4.6956514110      8.4472605925   6.0000   6.0000
    35     Zr     19.3420609291      6.6111888417      8.4371299647   6.0000   6.0000
    36     Zr     16.2422053124      8.5414362864      8.4215318059   6.0000   6.0000
    37     Zr     13.1439642353     10.4870286168      8.4057068326   6.0000   6.0000
    38     Zr     10.0461661199     12.4457269980      8.3963788107   6.0000   6.0000
    39     Zr      6.9463789750     14.4111964046      8.3980277634   6.0000   6.0000
    40     Zr      3.8408346266     16.3761582081      8.4103169429   6.0000   6.0000
    41     Zr      0.7259201758     18.3343477969      8.4286294576   6.0000   6.0000
    42     Zr     -2.4009691945     20.2822087158      8.4454348061   6.0000   6.0000
    43     Zr     -5.5400495107     22.2193749965      8.4555612120   6.0000   6.0000
    44     Zr     -8.6885980734     24.1495946930      8.4579109948   6.0000   6.0000
    45     Zr    -11.8419004654     26.0764664861      8.4533517815   6.0000   6.0000
    46     Zr    -14.9937048754     28.0059478207      8.4418040036   6.0000   6.0000
    47     Zr     34.9998234293      0.7370396173      8.4226641734   6.0000   6.0000
    48     Zr     31.8971073279      2.6508204668      8.4418134595   6.0000   6.0000
    49     Zr     28.7917034116      4.5562569003      8.4547711782   6.0000   6.0000
    50     Zr     25.6845391032      6.4595393627      8.4616096091   6.0000   6.0000
    51     Zr     22.5772610129      8.3680315718      8.4609940859   6.0000   6.0000
    52     Zr     19.4712631721     10.2873554340      8.4525430173   6.0000   6.0000
    53     Zr     16.3677120066     12.2220963542      8.4392119009   6.0000   6.0000
    54     Zr     13.2661209140     14.1718393349      8.4270371765   6.0000   6.0000
    55     Zr     10.1650043487     16.1321726953      8.4226197553   6.0000   6.0000
    56     Zr      7.0607326403     18.0955575873      8.4289660555   6.0000   6.0000
    57     Zr      3.9497886846     20.0545385925      8.4436394652   6.0000   6.0000
    58     Zr      0.8286786442     22.0036280457      8.4596296169   6.0000   6.0000
    59     Zr     -2.3037463467     23.9412953325      8.4699734087   6.0000   6.0000
    60     Zr     -5.4458532759     25.8692284594      8.4720890245   6.0000   6.0000
    61     Zr     -8.5939464529     27.7929595615      8.4658488244   6.0000   6.0000
    62     Zr    -11.7424759874     29.7177779956      8.4518201900   6.0000   6.0000
    63     Zr    -14.8858025074     31.6489021060      8.4289044513   6.0000   6.0000
    64     Zr    -18.0193444947     33.5901053198      8.3979816346   6.0000   6.0000
    65     Zr     41.3515479050      0.5369775746      8.3620561001   6.0000   6.0000
    66     Zr     38.2517761820      2.4773882452      8.3964544668   6.0000   6.0000
    67     Zr     35.1470009273      4.4029244679      8.4270973792   6.0000   6.0000
    68     Zr     32.0375861014      6.3163583201      8.4510052797   6.0000   6.0000
    69     Zr     28.9243829719      8.2227065348      8.4673528900   6.0000   6.0000
    70     Zr     25.8097641767     10.1287096949      8.4749681201   6.0000   6.0000
    71     Zr     22.6958836229     12.0415615747      8.4737814687   6.0000   6.0000
    72     Zr     19.5852254768     13.9672747544      8.4641428974   6.0000   6.0000
    73     Zr     16.4779160328     15.9079682305      8.4510146995   6.0000   6.0000
    74     Zr     13.3738404360     17.8623689162      8.4417844714   6.0000   6.0000
    75     Zr     10.2695633400     19.8235769341      8.4417942679   6.0000   6.0000
    76     Zr      7.1615378136     21.7832713946      8.4518500991   6.0000   6.0000
    77     Zr      4.0463920590     23.7347723143      8.4668101791   6.0000   6.0000
    78     Zr      0.9215616894     25.6738759792      8.4791704655   6.0000   6.0000
    79     Zr     -2.2123278319     27.6012756869      8.4842560910   6.0000   6.0000
    80     Zr     -5.3526777314     29.5211984096      8.4802320046   6.0000   6.0000
    81     Zr     -8.4947339460     31.4399159614      8.4668021781   6.0000   6.0000
    82     Zr    -11.6338272893     33.3635882131      8.4436003975   6.0000   6.0000
    83     Zr    -14.7648272381     35.2971196630      8.4102682294   6.0000   6.0000
    84     Zr    -17.8854224717     37.2429403908      8.3701676474   6.0000   6.0000
    85     Zr    -20.9952980752     39.2012757521      8.3298611081   6.0000   6.0000
    86     Zr     47.7024057112      0.2831697169      8.2972726126   6.0000   6.0000
    87     Zr     44.6072295811      2.2484697530      8.3288387141   6.0000   6.0000
    88     Zr     41.5065720913      4.2012215133      8.3672201483   6.0000   6.0000
    89     Zr     38.3992145835      6.1394870639      8.4057755967   6.0000   6.0000
    90     Zr     35.2848583536      8.0638254014      8.4392586999   6.0000   6.0000
    91     Zr     32.1648947691      9.9775998411      8.4640847669   6.0000   6.0000
    92     Zr     29.0420780747     11.8866325685      8.4789363040   6.0000   6.0000
    93     Zr     25.9192216170     13.7974090887      8.4839993787   6.0000   6.0000
    94     Zr     22.7996632452     15.7171943384      8.4790786602   6.0000   6.0000
    95     Zr     19.6854740339     17.6509937990      8.4673046445   6.0000   6.0000
    96     Zr     16.5768817828     19.5992134744      8.4547867748   6.0000   6.0000
    97     Zr     13.4709040544     21.5573235375      8.4489471645   6.0000   6.0000
    98     Zr     10.3646959366     23.5178901101      8.4533490498   6.0000   6.0000
    99     Zr      7.2541987010     25.4724677362      8.4658613054   6.0000   6.0000
   100     Zr      4.1369212876     27.4153968944      8.4802113750   6.0000   6.0000
   101     Zr      1.0120918326     29.3446602314      8.4888091315   6.0000   6.0000
   102     Zr     -2.1193804274     31.2628242173      8.4890273547   6.0000   6.0000
   103     Zr     -5.2531482217     33.1765270287      8.4793678414   6.0000   6.0000
   104     Zr     -8.3852864575     35.0920441521      8.4595464697   6.0000   6.0000
   105     Zr    -11.5114232483     37.0157166810      8.4285796215   6.0000   6.0000
   106     Zr    -14.6293085192     38.9513742003      8.3885430920   6.0000   6.0000
   107     Zr    -17.7379169207     40.9009592893      8.3451824972   6.0000   6.0000
   108     Zr    -20.8387119105     42.8633229990      8.3063810019   6.0000   6.0000
   109     Zr    -23.9339877572     44.8349233419      8.2795290198   6.0000   6.0000
   110     Zr     50.9605155922      1.9765033190      8.2792845472   6.0000   6.0000
   111     Zr     47.8650332506      3.9481830109      8.3053603481   6.0000   6.0000
   112     Zr     44.7636153207      5.9104955811      8.3420714088   6.0000   6.0000
   113     Zr     41.6539725255      7.8599567810      8.3830236454   6.0000   6.0000
   114     Zr     38.5350777300      9.7954840341      8.4215975703   6.0000   6.0000
   115     Zr     35.4086142285     11.7191194362      8.4526485020   6.0000   6.0000
   116     Zr     32.2771005384     13.6345283965      8.4735861739   6.0000   6.0000
   117     Zr     29.1447943540     15.5481900372      8.4835662121   6.0000   6.0000
   118     Zr     26.0156942643     17.4661000773      8.4838768874   6.0000   6.0000
   119     Zr     22.8934189501     19.3953624431      8.4750127681   6.0000   6.0000
   120     Zr     19.7785332936     21.3384126639      8.4615982345   6.0000   6.0000
   121     Zr     16.6696551804     23.2932328300      8.4508590365   6.0000   6.0000
   122     Zr     13.5637820230     25.2539793568      8.4492519814   6.0000   6.0000
   123     Zr     10.4568307344     27.2122013190      8.4578924828   6.0000   6.0000
   124     Zr      7.3462846314     29.1606650024      8.4721355483   6.0000   6.0000
   125     Zr      4.2295420848     31.0949701205      8.4842129778   6.0000   6.0000
   126     Zr      1.1074838290     33.0153951327      8.4892858213   6.0000   6.0000
   127     Zr     -2.0172801813     34.9267639896      8.4844259387   6.0000   6.0000
   128     Zr     -5.1412612389     36.8361484525      8.4701243812   6.0000   6.0000
   129     Zr     -8.2612973534     38.7497842990      8.4453956691   6.0000   6.0000
   130     Zr    -11.3749447504     40.6736946876      8.4109682606   6.0000   6.0000
   131     Zr    -14.4812474171     42.6114000882      8.3701056597   6.0000   6.0000
   132     Zr    -17.5811718719     44.5635496938      8.3298508647   6.0000   6.0000
   133     Zr    -20.6759701888     46.5285495121      8.2972938275   6.0000   6.0000
   134     Zr     48.0213339951      7.6096463585      8.3284310896   6.0000   6.0000
   135     Zr     44.9104684003      9.5672748394      8.3664426386   6.0000   6.0000
   136     Zr     41.7886434296     11.5122100807      8.4045916903   6.0000   6.0000
   137     Zr     38.6569050791     13.4451755201      8.4370373165   6.0000   6.0000
   138     Zr     35.5178523491     15.3686412781      8.4608643582   6.0000   6.0000
   139     Zr     32.3768234342     17.2874493092      8.4747012904   6.0000   6.0000
   140     Zr     29.2382706065     19.2076686314      8.4791272513   6.0000   6.0000
   141     Zr     26.1067463764     21.1355059077      8.4737138947   6.0000   6.0000
   142     Zr     22.9844626654     23.0750886526      8.4609643512   6.0000   6.0000
   143     Zr     19.8713230227     25.0272776313      8.4472585077   6.0000   6.0000
   144     Zr     16.7642306782     26.9874985892      8.4400502227   6.0000   6.0000
   145     Zr     13.6596655101     28.9490708095      8.4433112005   6.0000   6.0000
   146     Zr     10.5541579073     30.9040474048      8.4555200181   6.0000   6.0000
   147     Zr      7.4448717318     32.8456220214      8.4701030670   6.0000   6.0000
   148     Zr      4.3317105056     34.7724365111      8.4793819168   6.0000   6.0000
   149     Zr      1.2156192442     36.6863683804      8.4804708322   6.0000   6.0000
   150     Zr     -1.9004961605     38.5931461306      8.4722256228   6.0000   6.0000
   151     Zr     -5.0142142863     40.4995745621      8.4555423039   6.0000   6.0000
   152     Zr     -8.1232546316     42.4125886584      8.4304860630   6.0000   6.0000
   153     Zr    -11.2270628768     44.3370654825      8.3978477771   6.0000   6.0000
   154     Zr    -14.3258198991     46.2762720800      8.3616413731   6.0000   6.0000
   155     Zr     45.0435965892     13.2183544626      8.3952261720   6.0000   6.0000
   156     Zr     41.9089646306     15.1582954489      8.4249909832   6.0000   6.0000
   157     Zr     38.7651987983     17.0887063058      8.4472482846   6.0000   6.0000
   158     Zr     35.6169860202     19.0134955704      8.4616507632   6.0000   6.0000
   159     Zr     32.4701227474     20.9377751255      8.4672535107   6.0000   6.0000
   160     Zr     29.3299662542     22.8665567661      8.4641192539   6.0000   6.0000
   161     Zr     26.1998775895     24.8051559878      8.4526956512   6.0000   6.0000
   162     Zr     23.0809421118     26.7552486825      8.4370279179   6.0000   6.0000
   163     Zr     19.9713472518     28.7150718138      8.4249486191   6.0000   6.0000
   164     Zr     16.8672294021     30.6790915045      8.4222280563   6.0000   6.0000
   165     Zr     13.7654025172     32.6401396453      8.4304702284   6.0000   6.0000
   166     Zr     10.6623019435     34.5909643308      8.4453512161   6.0000   6.0000
   167     Zr      7.5566983739     36.5271363994      8.4595645525   6.0000   6.0000
   168     Zr      4.4485380836     38.4479239476      8.4668573336   6.0000   6.0000
   169     Zr      1.3395480600     40.3575293770      8.4659070099   6.0000   6.0000
   170     Zr     -1.7685560750     42.2613709466      8.4579438541   6.0000   6.0000
   171     Zr     -4.8739597705     44.1666134519      8.4433128100   6.0000   6.0000
   172     Zr     -7.9758417266     46.0793977714      8.4222749266   6.0000   6.0000
   173     Zr     42.0164119764     18.7994395373      8.4400390194   6.0000   6.0000
   174     Zr     38.8643783899     20.7284887318      8.4508658184   6.0000   6.0000
   175     Zr     35.7116533257     22.6557737858      8.4548125645   6.0000   6.0000
   176     Zr     32.5644380909     24.5870158625      8.4510696232   6.0000   6.0000
   177     Zr     29.4272419020     26.5255379429      8.4392985746   6.0000   6.0000
   178     Zr     26.3024100400     28.4746734946      8.4215884255   6.0000   6.0000
   179     Zr     23.1890001428     30.4339531340      8.4045681704   6.0000   6.0000
   180     Zr     20.0840353355     32.3997726571      8.3952277297   6.0000   6.0000
   181     Zr     16.9839645764     34.3659374268      8.3978378419   6.0000   6.0000
   182     Zr     13.8852863767     36.3255975471      8.4109516924   6.0000   6.0000
   183     Zr     10.7856091982     38.2727488556      8.4285876902   6.0000   6.0000
   184     Zr      7.6839772844     40.2046814504      8.4435671299   6.0000   6.0000
   185     Zr      4.5807626485     42.1217139890      8.4518057479   6.0000   6.0000
   186     Zr      1.4770990848     44.0285326385      8.4533107221   6.0000   6.0000
   187     Zr     -1.6258397743     45.9310909185      8.4493006329   6.0000   6.0000
   188     Zr     38.9603502093     24.3666525878      8.4489444483   6.0000   6.0000
   189     Zr     35.8089789944     26.2980963635      8.4417329391   6.0000   6.0000
   190     Zr     32.6665986277     28.2366913158      8.4269919973   6.0000   6.0000
   191     Zr     29.5366223064     30.1848736689      8.4057212525   6.0000   6.0000
   192     Zr     26.4193652652     32.1434559687      8.3830112217   6.0000   6.0000
   193     Zr     23.3125244446     34.1100130596      8.3664752818   6.0000   6.0000
   194     Zr     20.2127887833     36.0799684644      8.3616767645   6.0000   6.0000
   195     Zr     17.1165652123     38.0469499790      8.3700890306   6.0000   6.0000
   196     Zr     14.0208874775     40.0051436415      8.3885506117   6.0000   6.0000
   197     Zr     10.9239087813     41.9495770489      8.4103431876   6.0000   6.0000
   198     Zr      7.8249294000     43.8784692653      8.4291303058   6.0000   6.0000
   199     Zr      4.7240359710     45.7933319554      8.4418236391   6.0000   6.0000
   200     Zr     35.9149065826     29.9421937262      8.4227114276   6.0000   6.0000
   201     Zr     32.7818321217     31.8883015482      8.3963738048   6.0000   6.0000
   202     Zr     29.6615897126     33.8451111331      8.3670455416   6.0000   6.0000
   203     Zr     26.5528220583     35.8112522542      8.3422289844   6.0000   6.0000
   204     Zr     23.4524698393     37.7829977532      8.3285863574   6.0000   6.0000
   205     Zr     20.3571547941     39.7555566917      8.3297199474   6.0000   6.0000
   206     Zr     17.2635851319     41.7225066386      8.3451519187   6.0000   6.0000
   207     Zr     14.1693669380     43.6792207740      8.3701946829   6.0000   6.0000
   208     Zr     11.0728952990     45.6215809805      8.3980182596   6.0000   6.0000
   209     Zr     32.9124440927     35.5430021196      8.3619889149   6.0000   6.0000
   210     Zr     29.8025846357     37.5066714948      8.3288411213   6.0000   6.0000
   211     Zr     26.7015810997     39.4783308753      8.3053905957   6.0000   6.0000
   212     Zr     23.6061814084     41.4532833032      8.2973164704   6.0000   6.0000
   213     Zr     20.5134545505     43.4268611531      8.3062800332   6.0000   6.0000
   214     Zr     17.4202344364     45.3933449144      8.3298283288   6.0000   6.0000
   215     Zr     29.9568417138     41.1699529877      8.2972531283   6.0000   6.0000
   216     Zr     26.8612766802     43.1450077613      8.2792598128   6.0000   6.0000
   217     Zr     23.7686859458     45.1215977011      8.2795038362   6.0000   6.0000
   218     Zr      0.0000078548     -0.0000003876     14.6489013406   6.0000   6.0000
   219     Zr      6.3506497693      0.2828802844     14.6214201404   6.0000   6.0000
   220     Zr      3.0925870823      1.9764034563     14.6391832976   6.0000   6.0000
   221     Zr     -0.1654583684      3.6665265651     14.6393018239   6.0000   6.0000
   222     Zr     12.7008188964      0.5351749536     14.5570171507   6.0000   6.0000
   223     Zr      9.4456179251      2.2478126239     14.5888407666   6.0000   6.0000
   224     Zr      6.1877767871      3.9479307700     14.6123793117   6.0000   6.0000
   225     Zr      2.9300065129      5.6414444552     14.6212569465   6.0000   6.0000
   226     Zr     -0.3252834253      7.3330515987     14.6131800213   6.0000   6.0000
   227     Zr     -3.5742668775      9.0286507444     14.5901228899   6.0000   6.0000
   228     Zr     19.0506931771      0.7321393023     14.4964561680   6.0000   6.0000
   229     Zr     15.7995306473      2.4744700124     14.5207634958   6.0000   6.0000
   230     Zr     12.5453737128      4.2001144243     14.5485105788   6.0000   6.0000
   231     Zr      9.2886169521      5.9104227294     14.5734327813   6.0000   6.0000
   232     Zr      6.0312773366      7.6100165184     14.5887639772   6.0000   6.0000
   233     Zr      2.7756524351      9.3045708024     14.5897808412   6.0000   6.0000
   234     Zr     -0.4738547615     11.0002164306     14.5765160294   6.0000   6.0000
   235     Zr     -3.7141235605     12.7015709925     14.5521434489   6.0000   6.0000
   236     Zr     -6.9425779437     14.4118459528     14.5233108767   6.0000   6.0000
   237     Zr     25.4007464881      0.8804522173     14.4693580822   6.0000   6.0000
   238     Zr     22.1527826650      2.6450108717     14.4752668474   6.0000   6.0000
   239     Zr     18.9033416099      4.3990589022     14.4881163333   6.0000   6.0000
   240     Zr     15.6516967578      6.1378392266     14.5076321987   6.0000   6.0000
   241     Zr     12.3972856648      7.8600733107     14.5300403096   6.0000   6.0000
   242     Zr      9.1411692828      9.5684769739     14.5484069684   6.0000   6.0000
   243     Zr      5.8858000811     11.2683403270     14.5564285013   6.0000   6.0000
   244     Zr      2.6349735553     12.9662779611     14.5513813199   6.0000   6.0000
   245     Zr     -0.6072815626     14.6680655636     14.5356087095   6.0000   6.0000
   246     Zr     -3.8375965028     16.3776437885     14.5140708568   6.0000   6.0000
   247     Zr     -7.0553204304     18.0965304677     14.4937512501   6.0000   6.0000
   248     Zr    -10.2623180886     19.8240740727     14.4785798437   6.0000   6.0000
   249     Zr     31.7507108063      1.0180560657     14.4768379911   6.0000   6.0000
   250     Zr     28.5038264827      2.7828665174     14.4652956471   6.0000   6.0000
   251     Zr     25.2584566551      4.5502473699     14.4607301288   6.0000   6.0000
   252     Zr     22.0125441911      6.3118488182     14.4630491127   6.0000   6.0000
   253     Zr     18.7653816417      8.0617935952     14.4731707231   6.0000   6.0000
   254     Zr     15.5150404905      9.7958294666     14.4899698895   6.0000   6.0000
   255     Zr     12.2617487608     11.5143359138     14.5082843031   6.0000   6.0000
   256     Zr      9.0072712624     13.2213372917     14.5205746754   6.0000   6.0000
   257     Zr      5.7552330155     14.9230976970     14.5222230505   6.0000   6.0000
   258     Zr      2.5100531710     16.6265197784     14.5128956148   6.0000   6.0000
   259     Zr     -0.7239998655     18.3368857886     14.4970720604   6.0000   6.0000
   260     Zr     -3.9455652700     20.0563144247     14.4814772632   6.0000   6.0000
   261     Zr     -7.1551892185     21.7844641452     14.4713545510   6.0000   6.0000
   262     Zr    -10.3569593096     23.5183530909     14.4677284421   6.0000   6.0000
   263     Zr    -13.5557503568     25.2541368463     14.4697081108   6.0000   6.0000
   264     Zr     38.0995479160      1.1898528739     14.5206340007   6.0000   6.0000
   265     Zr     34.8516530623      2.9329714346     14.4897190971   6.0000   6.0000
   266     Zr     31.6075751366      4.6896207337     14.4668001585   6.0000   6.0000
   267     Zr     28.3663674967      6.4539357239     14.4528538881   6.0000   6.0000
   268     Zr     25.1263155843      8.2183249345     14.4464595784   6.0000   6.0000
   269     Zr     21.8856283380      9.9755296689     14.4486202017   6.0000   6.0000
   270     Zr     18.6413489918     11.7194571686     14.4589767567   6.0000   6.0000
   271     Zr     15.3928440444     13.4478842254     14.4749693379   6.0000   6.0000
   272     Zr     12.1408490108     15.1625514673     14.4896400343   6.0000   6.0000
   273     Zr      8.8883712921     16.8692369225     14.4959832121   6.0000   6.0000
   274     Zr      5.6401173412     18.5747172677     14.4915687625   6.0000   6.0000
   275     Zr      2.4007939175     20.2859028260     14.4793992326   6.0000   6.0000
   276     Zr     -0.8265150866     22.0062876848     14.4660542376   6.0000   6.0000
   277     Zr     -4.0416987937     23.7365006354     14.4576099844   6.0000   6.0000
   278     Zr     -7.2481416592     25.4732334331     14.4569959080   6.0000   6.0000
   279     Zr    -10.4500137059     27.2124791159     14.4638480083   6.0000   6.0000
   280     Zr    -13.6528721654     28.9491221957     14.4768093519   6.0000   6.0000
   281     Zr    -16.8616187861     30.6792626210     14.4959543552   6.0000   6.0000
   282     Zr     44.4469447953      1.4181788650     14.5887555821   6.0000   6.0000
   283     Zr     41.1960375177      3.1322462650     14.5484472461   6.0000   6.0000
   284     Zr     37.9506122833      4.8618441716     14.5083436634   6.0000   6.0000
   285     Zr     34.7106223143      6.6066091543     14.4749982631   6.0000   6.0000
   286     Zr     31.4751356936      8.3633133881     14.4517665949   6.0000   6.0000
   287     Zr     28.2424358638     10.1250493355     14.4381923602   6.0000   6.0000
   288     Zr     25.0095637590     11.8846692970     14.4343418480   6.0000   6.0000
   289     Zr     21.7734349764     13.6350054556     14.4394093093   6.0000   6.0000
   290     Zr     18.5317219581     15.3716549611     14.4518144390   6.0000   6.0000
   291     Zr     15.2841028458     17.0937014709     14.4667708354   6.0000   6.0000
   292     Zr     12.0329453200     18.8054896517     14.4768197303   6.0000   6.0000
   293     Zr      8.7823508958     20.5132677300     14.4768307053   6.0000   6.0000
   294     Zr      5.5377537692     22.2242750816     14.4676077094   6.0000   6.0000
   295     Zr      2.3034073888     23.9449355931     14.4544854499   6.0000   6.0000
   296     Zr     -0.9196378401     25.6759937475     14.4448334549   6.0000   6.0000
   297     Zr     -4.1331581769     27.4162683320     14.4436177994   6.0000   6.0000
   298     Zr     -7.3411143950     29.1606092983     14.4512343548   6.0000   6.0000
   299     Zr    -10.5486607166     30.9035477156     14.4675957386   6.0000   6.0000
   300     Zr    -13.7604501902     32.6396611609     14.4915150725   6.0000   6.0000
   301     Zr    -16.9804091637     34.3657145146     14.5221579484   6.0000   6.0000
   302     Zr    -20.2107418194     36.0799898835     14.5565581283   6.0000   6.0000
   303     Zr     50.7952013204      1.6900157165     14.6390984014   6.0000   6.0000
   304     Zr     47.5400975681      3.3848020031     14.6122246039   6.0000   6.0000
   305     Zr     44.2902249620      5.0889962043     14.5734330873   6.0000   6.0000
   306     Zr     41.0475336501      6.8063373527     14.5300720113   6.0000   6.0000
   307     Zr     37.8122622861      8.5386795416     14.4900214521   6.0000   6.0000
   308     Zr     34.5832504726     10.2841535167     14.4590298230   6.0000   6.0000
   309     Zr     31.3582987195     12.0389010154     14.4391681710   6.0000   6.0000
   310     Zr     28.1340674186     13.7959679524     14.4294097779   6.0000   6.0000
   311     Zr     24.9071835801     15.5487614569     14.4298212047   6.0000   6.0000
   312     Zr     21.6739844925     17.2903533301     14.4384622155   6.0000   6.0000
   313     Zr     18.4327207487     19.0185385477     14.4527811195   6.0000   6.0000
   314     Zr     15.1847532052     20.7350288188     14.4652786059   6.0000   6.0000
   315     Zr     11.9337486479     22.4448027969     14.4696746342   6.0000   6.0000
   316     Zr      8.6849835418     24.1556063090     14.4638434343   6.0000   6.0000
   317     Zr      5.4434833449     25.8736137108     14.4513362991   6.0000   6.0000
   318     Zr      2.2116607569     27.6036879087     14.4395463644   6.0000   6.0000
   319     Zr     -1.0106968278     29.3454047610     14.4346160902   6.0000   6.0000
   320     Zr     -4.2269107663     31.0944922882     14.4396342109   6.0000   6.0000
   321     Zr     -7.4415897970     32.8444134012     14.4544917784   6.0000   6.0000
   322     Zr    -10.6589498624     34.5894986667     14.4793360346   6.0000   6.0000
   323     Zr    -13.8826559646     36.3244410788     14.5128340078   6.0000   6.0000
   324     Zr    -17.1149221900     38.0463597383     14.5513958982   6.0000   6.0000
   325     Zr    -20.3563872590     39.7552231573     14.5897763827   6.0000   6.0000
   326     Zr    -23.6059506636     41.4530890234     14.6213567117   6.0000   6.0000
   327     Zr     50.6329124716      5.3583671171     14.6213336937   6.0000   6.0000
   328     Zr     47.3837460971      7.0560255553     14.5887668994   6.0000   6.0000
   329     Zr     44.1431761884      8.7645775511     14.5485106210   6.0000   6.0000
   330     Zr     40.9119220391     10.4858583775     14.5076434358   6.0000   6.0000
   331     Zr     37.6889500650     12.2204004025     14.4732033217   6.0000   6.0000
   332     Zr     34.4716717748     13.9656109969     14.4484560854   6.0000   6.0000
   333     Zr     31.2561043003     15.7163487478     14.4341770765   6.0000   6.0000
   334     Zr     28.0384511859     17.4667966158     14.4294955848   6.0000   6.0000
   335     Zr     24.8142749885     19.2103426541     14.4344298093   6.0000   6.0000
   336     Zr     21.5807514263     20.9423858433     14.4465230105   6.0000   6.0000
   337     Zr     18.3380578302     22.6619749607     14.4607395803   6.0000   6.0000
   338     Zr     15.0887101177     24.3735622537     14.4693710135   6.0000   6.0000
   339     Zr     11.8377114086     26.0829562403     14.4677666392   6.0000   6.0000
   340     Zr      8.5903477930     27.7979113140     14.4570419386   6.0000   6.0000
   341     Zr      5.3501722898     29.5239579273     14.4436415281   6.0000   6.0000
   342     Zr      2.1182434213     31.2632877958     14.4347647160   6.0000   6.0000
   343     Zr     -1.1072731426     33.0142303542     14.4350213086   6.0000   6.0000
   344     Zr     -4.3306944614     34.7700496349     14.4449931995   6.0000   6.0000
   345     Zr     -7.5552520232     36.5243244352     14.4659287889   6.0000   6.0000
   346     Zr    -10.7843975773     38.2700973653     14.4970036655   6.0000   6.0000
   347     Zr    -14.0200650491     40.0033810859     14.5355896010   6.0000   6.0000
   348     Zr    -17.2631726918     41.7216815465     14.5765452065   6.0000   6.0000
   349     Zr    -20.5132721093     43.4264276532     14.6132452848   6.0000   6.0000
   350     Zr    -23.7685318354     45.1213526561     14.6393436758   6.0000   6.0000
   351     Zr     47.2393241614     10.7316191892     14.5569729927   6.0000   6.0000
   352     Zr     44.0105580690     12.4456154427     14.5207642701   6.0000   6.0000
   353     Zr     40.7920036303     14.1713552318     14.4881291340   6.0000   6.0000
   354     Zr     37.5807689481     15.9073571833     14.4630672144   6.0000   6.0000
   355     Zr     34.3728922229     17.6507014410     14.4463960631   6.0000   6.0000
   356     Zr     31.1635096492     19.3959377411     14.4382033381   6.0000   6.0000
   357     Zr     27.9479636224     21.1375967823     14.4394186365   6.0000   6.0000
   358     Zr     24.7227339802     22.8702130314     14.4485848956   6.0000   6.0000
   359     Zr     21.4866320061     24.5921806986     14.4631085828   6.0000   6.0000
   360     Zr     18.2408135055     26.3041414106     14.4753072826   6.0000   6.0000
   361     Zr     14.9897541363     28.0119950692     14.4785616260   6.0000   6.0000
   362     Zr     11.7386046889     29.7227057656     14.4713635250   6.0000   6.0000
   363     Zr      8.4913866515     31.4426727541     14.4576739664   6.0000   6.0000
   364     Zr      5.2505175225     33.1768553427     14.4449382697   6.0000   6.0000
   365     Zr      2.0151934152     34.9249206298     14.4395193622   6.0000   6.0000
   366     Zr     -1.2170396525     36.6828677868     14.4438982752   6.0000   6.0000
   367     Zr     -4.4492968994     38.4436836161     14.4577238826   6.0000   6.0000
   368     Zr     -7.6845879196     40.2004411708     14.4815608407   6.0000   6.0000
   369     Zr    -10.9244600424     41.9461334269     14.5140192305   6.0000   6.0000
   370     Zr    -14.1697322498     43.6772458374     14.5521731047   6.0000   6.0000
   371     Zr    -17.4205249066     45.3925163899     14.5901861437   6.0000   6.0000
   372     Zr     43.8938514321     16.1324191380     14.4963450509   6.0000   6.0000
   373     Zr     40.6863853322     17.8623393992     14.4753125941   6.0000   6.0000
   374     Zr     37.4836957738     19.5990741644     14.4606817460   6.0000   6.0000
   375     Zr     34.2808658856     21.3388511505     14.4527306021   6.0000   6.0000
   376     Zr     31.0726048480     23.0765257006     14.4517864694   6.0000   6.0000
   377     Zr     27.8550948816     24.8079005962     14.4589571398   6.0000   6.0000
   378     Zr     24.6255140051     26.5293059446     14.4732423390   6.0000   6.0000
   379     Zr     21.3844991980     28.2412535246     14.4881315672   6.0000   6.0000
   380     Zr     18.1352586567     29.9469939387     14.4963736420   6.0000   6.0000
   381     Zr     14.8823161865     31.6532271272     14.4936547963   6.0000   6.0000
   382     Zr     11.6302576430     33.3663095409     14.4815831037   6.0000   6.0000
   383     Zr      8.3819585014     35.0923385872     14.4659216988   6.0000   6.0000
   384     Zr      5.1380361309     36.8337736620     14.4545154286   6.0000   6.0000
   385     Zr      1.8975846288     38.5888403829     14.4513782835   6.0000   6.0000
   386     Zr     -1.3423218539     40.3519697633     14.4569775592   6.0000   6.0000
   387     Zr     -4.5833488453     42.1160007139     14.4713636760   6.0000   6.0000
   388     Zr     -7.8270164766     43.8733741656     14.4936218557   6.0000   6.0000
   389     Zr    -11.0743749066     45.6180722085     14.5233905730   6.0000   6.0000
   390     Zr     40.5904110199     21.5575298356     14.4693339587   6.0000   6.0000
   391     Zr     37.3912748175     23.2934782552     14.4653268850   6.0000   6.0000
   392     Zr     34.1881019600     25.0279215549     14.4668195748   6.0000   6.0000
   393     Zr     30.9762959769     26.7568741455     14.4750319882   6.0000   6.0000
   394     Zr     27.7523730870     28.4770077586     14.4899916461   6.0000   6.0000
   395     Zr     24.5162519195     30.1878088309     14.5076386944   6.0000   6.0000
   396     Zr     21.2697949813     31.8915178919     14.5207617387   6.0000   6.0000
   397     Zr     18.0170113822     33.5931675987     14.5233731876   6.0000   6.0000
   398     Zr     14.7620784372     35.2992369440     14.5140273598   6.0000   6.0000
   399     Zr     11.5085836768     37.0158895558     14.4970078263   6.0000   6.0000
   400     Zr      8.2581681435     38.7475088537     14.4793128863   6.0000   6.0000
   401     Zr      5.0107586573     40.4951452903     14.4675564521   6.0000   6.0000
   402     Zr      1.7646435108     42.2550888845     14.4638204585   6.0000   6.0000
   403     Zr     -1.4807915761     44.0217921429     14.4677657345   6.0000   6.0000
   404     Zr     -4.7274202659     45.7870048262     14.4785922790   6.0000   6.0000
   405     Zr     37.2961650241     26.9878076787     14.4768040207   6.0000   6.0000
   406     Zr     34.0874177506     28.7158333230     14.4894740444   6.0000   6.0000
   407     Zr     30.8674460654     30.4351818614     14.5082444395   6.0000   6.0000
   408     Zr     27.6350325085     32.1450435423     14.5300386441   6.0000   6.0000
   409     Zr     24.3913456786     33.8468682910     14.5485154875   6.0000   6.0000
   410     Zr     21.1397839410     35.5447774657     14.5569263719   6.0000   6.0000
   411     Zr     17.8838696916     37.2442490165     14.5521274097   6.0000   6.0000
   412     Zr     14.6273703906     38.9515709980     14.5355877950   6.0000   6.0000
   413     Zr     11.3725549315     40.6719072424     14.5128796425   6.0000   6.0000
   414     Zr      8.1203877375     42.4084507949     14.4916225765   6.0000   6.0000
   415     Zr      4.8703266562     44.1605408251     14.4768989947   6.0000   6.0000
   416     Zr      1.6219557220     45.9239903732     14.4697037760   6.0000   6.0000
   417     Zr     33.9730073799     32.4002094038     14.5205853811   6.0000   6.0000
   418     Zr     30.7426284352     34.1106566202     14.5484038953   6.0000   6.0000
   419     Zr     27.5009575036     35.8119870390     14.5734528061   6.0000   6.0000
   420     Zr     24.2507540803     37.5076011757     14.5888992419   6.0000   6.0000
   421     Zr     20.9947968464     39.2019283912     14.5900275925   6.0000   6.0000
   422     Zr     17.7370432047     40.9010457220     14.5763808407   6.0000   6.0000
   423     Zr     14.4799248003     42.6102501978     14.5515601748   6.0000   6.0000
   424     Zr     11.2251619964     44.3340481242     14.5222368769   6.0000   6.0000
   425     Zr      7.9732392053     46.0743261543     14.4959092742   6.0000   6.0000
   426     Zr     30.6016621428     37.7830541259     14.5887777389   6.0000   6.0000
   427     Zr     27.3520368598     39.4785934644     14.6123358844   6.0000   6.0000
   428     Zr     24.0964768541     41.1702070077     14.6212874875   6.0000   6.0000
   429     Zr     20.8384237743     42.8634015503     14.6132349511   6.0000   6.0000
   430     Zr     17.5804347720     44.5631362385     14.5897689422   6.0000   6.0000
   431     Zr     14.3249144289     46.2745137262     14.5566227183   6.0000   6.0000
   432     Zr     27.1920994407     43.1450660572     14.6391109436   6.0000   6.0000
   433     Zr     23.9340031856     44.8350405683     14.6393440015   6.0000   6.0000
   434     Zr     20.6757974601     46.5283941573     14.6213611100   6.0000   6.0000
   435      S     -0.9769289992      1.8852087132      6.8156315899   3.0000   3.0000
   436      S     51.9406534364      0.0970903534      9.7334866948   3.0000   3.0000
   437      S      2.2874069510      3.5772833787      6.8249703104   3.0000   3.0000
   438      S      1.1402261163      1.7810924609      9.7335998080   3.0000   3.0000
   439      S     -0.8130271212      5.5572194934      6.8339508159   3.0000   3.0000
   440      S     -1.9458732329      3.7561988579      9.7428116378   3.0000   3.0000
   441      S     -3.9179682950      7.5322390031      6.8582264784   3.0000   3.0000
   442      S     49.0162983600      5.7277766483      9.7683675737   3.0000   3.0000
   443      S      8.6441080254      3.3008700859      6.8651033096   3.0000   3.0000
   444      S      7.4790038662      1.4981927520      9.7684819439   3.0000   3.0000
   445      S      5.5472799858      5.2729405554      6.8502246680   3.0000   3.0000
   446      S      4.3917159743      3.4678718786      9.7516949427   3.0000   3.0000
   447      S      2.4473545411      7.2505236283      6.8509473676   3.0000   3.0000
   448      S      1.3051356879      5.4419205801      9.7520038583   3.0000   3.0000
   449      S     -0.6576089926      9.2262868128      6.8670024661   3.0000   3.0000
   450      S     -1.7853814945      7.4157368583      9.7691382939   3.0000   3.0000
   451      S     -3.7701336931     11.1942211872      6.8939054345   3.0000   3.0000
   452      S     -4.8842531128      9.3850643894      9.7986939167   3.0000   3.0000
   453      S     -6.8928793091     13.1498125643      6.9251214253   3.0000   3.0000
   454      S     46.0578418943     11.3458334241      9.8338697584   3.0000   3.0000
   455      S     14.9893371811      3.0682522995      6.9287447645   3.0000   3.0000
   456      S     13.8235230931      1.2513327483      9.8338958632   3.0000   3.0000
   457      S     11.8950338854      5.0150018425      6.9036628421   3.0000   3.0000
   458      S     10.7297940359      3.2006973682      9.8044505517   3.0000   3.0000
   459      S      8.7989066754      6.9767711071      6.8858514780   3.0000   3.0000
   460      S      7.6402126708      5.1626615221      9.7837089188   3.0000   3.0000
   461      S      5.6997887245      8.9480103008      6.8802321503   3.0000   3.0000
   462      S      4.5520977431      7.1329243794      9.7767855537   3.0000   3.0000
   463      S      2.5957645358     10.9222310017      6.8885353822   3.0000   3.0000
   464      S      1.4615695041      9.1057483169      9.7854343372   3.0000   3.0000
   465      S     -0.5155710967     12.8916443423      6.9083293962   3.0000   3.0000
   466      S     -1.6362478825     11.0768151145      9.8072797306   3.0000   3.0000
   467      S     -3.6369614853     14.8506111207      6.9335655160   3.0000   3.0000
   468      S     -4.7460006297     13.0414794849      9.8361326352   3.0000   3.0000
   469      S     -6.7701222630     16.7964546569      6.9575326254   3.0000   3.0000
   470      S     -7.8704763560     14.9967817405      9.8651732312   3.0000   3.0000
   471      S     -9.9144266766     18.7306284279      6.9758938125   3.0000   3.0000
   472      S     43.0439208681     16.9416725083      9.8892603114   3.0000   3.0000
   473      S     21.3263871661      2.8946984540      6.9776157822   3.0000   3.0000
   474      S     20.1766609785      1.0636284602      9.8892825504   3.0000   3.0000
   475      S     18.2313241438      4.8117643303      6.9621038762   3.0000   3.0000
   476      S     17.0748540601      2.9832689894      9.8681940514   3.0000   3.0000
   477      S     15.1363385551      6.7435385926      6.9428430314   3.0000   3.0000
   478      S     13.9770003209      4.9190513114      9.8441489447   3.0000   3.0000
   479      S     12.0398408453      8.6917059652      6.9251515021   3.0000   3.0000
   480      S     10.8834831611      6.8704910980      9.8230872460   3.0000   3.0000
   481      S      8.9408912702     10.6539981516      6.9152710739   3.0000   3.0000
   482      S      7.7926772549      8.8339074338      9.8114398917   3.0000   3.0000
   483      S      5.8378275367     12.6237663999      6.9171123186   3.0000   3.0000
   484      S      4.7013249299     10.8036302065      9.8129298845   3.0000   3.0000
   485      S      2.7284025867     14.5929122052      6.9303558029   3.0000   3.0000
   486      S      1.6045011847     12.7738841219      9.8272427096   3.0000   3.0000
   487      S     -0.3899753654     16.5540974017      6.9503543864   3.0000   3.0000
   488      S     -1.5029590856     14.7396575539      9.8497801331   3.0000   3.0000
   489      S     -3.5195116508     18.5029531457      6.9701416219   3.0000   3.0000
   490      S     -4.6247519650     16.6971152328      9.8735606422   3.0000   3.0000
   491      S     -6.6607744353     20.4395439038      6.9843301470   3.0000   3.0000
   492      S     -7.7614354597     18.6447156813      9.8925731049   3.0000   3.0000
   493      S     -9.8113916489     22.3676338347      6.9913315715   3.0000   3.0000
   494      S    -10.9102108664     20.5835168979      9.9046230119   3.0000   3.0000
   495      S    -12.9663979180     24.2916189564      6.9914280431   3.0000   3.0000
   496      S     39.9870591575     22.5172134760      9.9098744096   3.0000   3.0000
   497      S     27.6652593012      2.7567531121      6.9918743418   3.0000   3.0000
   498      S     26.5334808368      0.9231283774      9.9098876013   3.0000   3.0000
   499      S     24.5657770816      4.6597996726      6.9932736782   3.0000   3.0000
   500      S     23.4280859067      2.8233170841      9.9062589578   3.0000   3.0000
   501      S     21.4667099657      6.5673438179      6.9882713837   3.0000   3.0000
   502      S     20.3229428308      4.7321363849      9.8966497682   3.0000   3.0000
   503      S     18.3682482046      8.4857087408      6.9767385050   3.0000   3.0000
   504      S     17.2196951555      6.6551463145      9.8811340072   3.0000   3.0000
   505      S     15.2695608263     10.4202518554      6.9618847172   3.0000   3.0000
   506      S     14.1203270541      8.5944826667      9.8631313299   3.0000   3.0000
   507      S     12.1694072689     12.3710745639      6.9496848228   3.0000   3.0000
   508      S     11.0251018102     10.5490506904      9.8491603055   3.0000   3.0000
   509      S      9.0664757534     14.3340275236      6.9460335746   3.0000   3.0000
   510      S      7.9315533899     12.5134199521      9.8448873091   3.0000   3.0000
   511      S      5.9587468713     16.3010726169      6.9532336054   3.0000   3.0000
   512      S      4.8352546168     14.4813602120      9.8525380489   3.0000   3.0000
   513      S      2.8438523998     18.2637367828      6.9687959090   3.0000   3.0000
   514      S      1.7306729819     16.4465606054      9.8694627699   3.0000   3.0000
   515      S     -0.2805013928     20.2153511253      6.9861206733   3.0000   3.0000
   516      S     -1.3869359356     18.4042806978      9.8892716978   3.0000   3.0000
   517      S     -3.4157804032     22.1541075559      6.9986914636   3.0000   3.0000
   518      S     -4.5192450794     20.3519361430      9.9050101505   3.0000   3.0000
   519      S     -6.5610256050     24.0824692655      7.0034927675   3.0000   3.0000
   520      S     -7.6644124137     22.2904564630      9.9132260028   3.0000   3.0000
   521      S     -9.7125457187     26.0057057958      7.0004686132   3.0000   3.0000
   522      S    -10.8180760400     24.2229962708      9.9141191498   3.0000   3.0000
   523      S    -12.8642714728     27.9285423925      6.9901624462   3.0000   3.0000
   524      S    -13.9747959030     26.1552884794      9.9083068477   3.0000   3.0000
   525      S    -16.0103798225     29.8560390388      6.9719000521   3.0000   3.0000
   526      S     36.9247619447     28.0915345652      9.8954369409   3.0000   3.0000
   527      S     34.0081941763      2.6096915942      6.9707137977   3.0000   3.0000
   528      S     32.8922169014      0.7878138174      9.8954827268   3.0000   3.0000
   529      S     30.9069499046      4.5215892753      6.9892774716   3.0000   3.0000
   530      S     29.7860871839      2.6908475656      9.9085894508   3.0000   3.0000
   531      S     27.8027658136      6.4257029805      7.0010636324   3.0000   3.0000
   532      S     26.6776723027      4.5902385922      9.9159858913   3.0000   3.0000
   533      S     24.6975685961      8.3286091791      7.0054541297   3.0000   3.0000
   534      S     23.5676420078      6.4933303656      9.9169967046   3.0000   3.0000
   535      S     21.5930429348     10.2382361423      7.0018772585   3.0000   3.0000
   536      S     20.4578481508      8.4065021306      9.9106872711   3.0000   3.0000
   537      S     18.4896459608     12.1606743619      6.9915290389   3.0000   3.0000
   538      S     17.3509640892     10.3347973242      9.8981167772   3.0000   3.0000
   539      S     15.3865822513     14.0998345936      6.9788546133   3.0000   3.0000
   540      S     14.2489992979     12.2792152626      9.8839472433   3.0000   3.0000
   541      S     12.2825783464     16.0546778177      6.9706937002   3.0000   3.0000
   542      S     11.1513825689     14.2367917936      9.8751471173   3.0000   3.0000
   543      S      9.1756187736     18.0181080702      6.9719016272   3.0000   3.0000
   544      S      8.0544476683     16.2012105711      9.8764991085   3.0000   3.0000
   545      S      6.0635302788     19.9812438400      6.9827169112   3.0000   3.0000
   546      S      4.9525138885     18.1652080282      9.8882026090   3.0000   3.0000
   547      S      2.9445341785     21.9358612534      6.9984348731   3.0000   3.0000
   548      S      1.8401063508     20.1226877953      9.9052337439   3.0000   3.0000
   549      S     -0.1835729637     23.8772626810      7.0115998963   3.0000   3.0000
   550      S     -1.2859996645     22.0699019974      9.9200748728   3.0000   3.0000
   551      S     -3.3208849209     25.8067192886      7.0174418485   3.0000   3.0000
   552      S     -4.4250589909     24.0062476795      9.9276327777   3.0000   3.0000
   553      S     -6.4651394916     27.7279523258      7.0146692915   3.0000   3.0000
   554      S     -7.5735820817     25.9358181496      9.9267237421   3.0000   3.0000
   555      S     -9.6113819261     29.6471001006      7.0031132014   3.0000   3.0000
   556      S    -10.7266430984     27.8635182437      9.9179367478   3.0000   3.0000
   557      S    -12.7541667828     31.5696453909      6.9826596083   3.0000   3.0000
   558      S    -13.8785734551     29.7954138735      9.9012996870   3.0000   3.0000
   559      S    -15.8888639623     33.5004866087      6.9531817458   3.0000   3.0000
   560      S    -17.0231988162     31.7354990218      9.8764934110   3.0000   3.0000
   561      S    -19.0130072770     35.4438462136      6.9170367080   3.0000   3.0000
   562      S     33.8977658133     33.6857936208      9.8448135226   3.0000   3.0000
   563      S     40.3560325464      2.4161133698      6.9152614060   3.0000   3.0000
   564      S     39.2504575583      0.6121991111      9.8448670889   3.0000   3.0000
   565      S     37.2548369926      4.3535030810      6.9497381022   3.0000   3.0000
   566      S     36.1480639719      2.5389879637      9.8752035183   3.0000   3.0000
   567      S     34.1491479142      6.2752945727      6.9788965091   3.0000   3.0000
   568      S     33.0396665309      4.4521793085      9.9000878168   3.0000   3.0000
   569      S     31.0389585779      8.1850027929      7.0003878025   3.0000   3.0000
   570      S     29.9266487909      6.3568440014      9.9180395072   3.0000   3.0000
   571      S     27.9263631479     10.0889355804      7.0131732265   3.0000   3.0000
   572      S     26.8101385608      8.2595869378      9.9285203626   3.0000   3.0000
   573      S     24.8137465952     11.9944447698      7.0168382706   3.0000   3.0000
   574      S     23.6926038666     10.1678176669      9.9306248090   3.0000   3.0000
   575      S     21.7035087696     13.9089691241      7.0115515429   3.0000   3.0000
   576      S     20.5767571876     12.0873996680      9.9241423534   3.0000   3.0000
   577      S     18.5954450830     15.8384571492      7.0003866062   3.0000   3.0000
   578      S     17.4664105324     14.0223556986      9.9118633838   3.0000   3.0000
   579      S     15.4890110371     17.7845632437      6.9892988914   3.0000   3.0000
   580      S     14.3624359244     15.9721920719      9.9000593721   3.0000   3.0000
   581      S     12.3818245242     19.7433302916      6.9847534141   3.0000   3.0000
   582      S     11.2627915377     17.9320306997      9.8954356767   3.0000   3.0000
   583      S      9.2719018307     21.7064383202      6.9901507093   3.0000   3.0000
   584      S      8.1623082352     19.8945956519      9.9013202308   3.0000   3.0000
   585      S      6.1572089970     23.6642371221      7.0031014375   3.0000   3.0000
   586      S      5.0548712440     21.8525489207      9.9153773284   3.0000   3.0000
   587      S      3.0359974805     25.6098961060      7.0174476360   3.0000   3.0000
   588      S      1.9363231175     23.8002983733      9.9304900706   3.0000   3.0000
   589      S     -0.0926702379     27.5416233282      7.0262942365   3.0000   3.0000
   590      S     -1.1946946458     25.7357284831      9.9401141756   3.0000   3.0000
   591      S     -3.2277705231     29.4620996508      7.0265761949   3.0000   3.0000
   592      S     -4.3356321324     27.6614041815      9.9410451116   3.0000   3.0000
   593      S     -6.3657482538     31.3773676845      7.0175072996   3.0000   3.0000
   594      S     -7.4823575167     29.5830513664      9.9328077053   3.0000   3.0000
   595      S     -9.5019698900     33.2934627724      6.9983943789   3.0000   3.0000
   596      S    -10.6292064478     31.5075701862      9.9153367009   3.0000   3.0000
   597      S    -12.6316858928     35.2167774458      6.9687554681   3.0000   3.0000
   598      S    -13.7714024857     33.4398331872      9.8881436631   3.0000   3.0000
   599      S    -15.7530145376     37.1521396326      6.9303141909   3.0000   3.0000
   600      S    -16.9030248163     35.3832970052      9.8524806101   3.0000   3.0000
   601      S    -18.8655956217     39.1023384364      6.8885451642   3.0000   3.0000
   602      S    -20.0210984743     37.3380814136      9.8128876799   3.0000   3.0000
   603      S    -21.9711900764     41.0667626749      6.8508891776   3.0000   3.0000
   604      S     30.9276914470     39.3027425040      9.7767972145   3.0000   3.0000
   605      S     46.7129241808      2.1676066672      6.8501424184   3.0000   3.0000
   606      S     45.5998028943      0.3759028727      9.7767855316   3.0000   3.0000
   607      S     43.6116310519      4.1317335036      6.8858543888   3.0000   3.0000
   608      S     42.5063965612      2.3317171052      9.8114559117   3.0000   3.0000
   609      S     40.5060395850      6.0809905692      6.9251744125   3.0000   3.0000
   610      S     39.4049082989      4.2734968390      9.8492042130   3.0000   3.0000
   611      S     37.3942943808      8.0137195753      6.9619239790   3.0000   3.0000
   612      S     36.2946252941      6.2004044189      9.8840011088   3.0000   3.0000
   613      S     34.2771177433      9.9322119031      6.9915392869   3.0000   3.0000
   614      S     33.1763677863      8.1152033328      9.9118994743   3.0000   3.0000
   615      S     31.1560989039     11.8412962190      7.0114722864   3.0000   3.0000
   616      S     30.0524121644     10.0232747163      9.9308345394   3.0000   3.0000
   617      S     28.0342439278     13.7477005943      7.0212961050   3.0000   3.0000
   618      S     26.9261969509     11.9312623228      9.9401629060   3.0000   3.0000
   619      S     24.9152605409     15.6592275643      7.0213818291   3.0000   3.0000
   620      S     23.8009066561     13.8463085702      9.9398159517   3.0000   3.0000
   621      S     21.8006729650     17.5821187819      7.0132067500   3.0000   3.0000
   622      S     20.6807733768     15.7738423250      9.9309371858   3.0000   3.0000
   623      S     18.6901191403     19.5208356063      7.0010183654   3.0000   3.0000
   624      S     17.5683989539     17.7158253434      9.9180402952   3.0000   3.0000
   625      S     15.5812952537     21.4742515144      6.9918742532   3.0000   3.0000
   626      S     14.4639729308     19.6705529970      9.9085687091   3.0000   3.0000
   627      S     12.4726435185     23.4364110212      6.9914199640   3.0000   3.0000
   628      S     11.3628479611     21.6313123323      9.9083078028   3.0000   3.0000
   629      S      9.3612729674     25.3973281267      7.0004821046   3.0000   3.0000
   630      S      8.2594170304     23.5902073509      9.9179469807   3.0000   3.0000
   631      S      6.2460524073     27.3486021762      7.0146823536   3.0000   3.0000
   632      S      5.1480424420     25.5401283969      9.9328052660   3.0000   3.0000
   633      S      3.1257242229     29.2851311683      7.0264886752   3.0000   3.0000
   634      S      2.0257295904     27.4771307290      9.9452142067   3.0000   3.0000
   635      S      0.0000877504     31.2078568687      7.0312760130   3.0000   3.0000
   636      S     -1.1057547258     29.4016607169      9.9499675855   3.0000   3.0000
   637      S     -3.1286524861     33.1209946764      7.0263892095   3.0000   3.0000
   638      S     -4.2436188846     31.3185778527      9.9453482573   3.0000   3.0000
   639      S     -6.2563976959     35.0317940602      7.0116846415   3.0000   3.0000
   640      S     -7.3832009035     33.2344988467      9.9305556986   3.0000   3.0000
   641      S     -9.3793407602     36.9467668607      6.9860636893   3.0000   3.0000
   642      S    -10.5200354215     35.1565007788      9.9051634250   3.0000   3.0000
   643      S    -12.4954497498     38.8721390336      6.9503418875   3.0000   3.0000
   644      S    -13.6487990080     37.0893624378      9.8694172620   3.0000   3.0000
   645      S    -15.6042312048     40.8122176135      6.9083413233   3.0000   3.0000
   646      S    -16.7663776022     39.0349387587      9.8272370326   3.0000   3.0000
   647      S    -18.7076466571     42.7677780338      6.8670284555   3.0000   3.0000
   648      S    -19.8715795501     40.9927281884      9.7854633672   3.0000   3.0000
   649      S    -21.8073512140     44.7369015017      6.8340036636   3.0000   3.0000
   650      S    -22.9663234690     42.9601163911      9.7520734300   3.0000   3.0000
   651      S    -24.9054382587     46.7148946446      6.8156523493   3.0000   3.0000
   652      S     27.9988918217     44.9334035136      9.7335114952   3.0000   3.0000
   653      S     49.9761561401      3.8644976197      6.8334439088   3.0000   3.0000
   654      S     48.8539840631      2.0694069713      9.7515409841   3.0000   3.0000
   655      S     46.8724615900      5.8355924316      6.8650113332   3.0000   3.0000
   656      S     45.7620555542      4.0353247735      9.7836964606   3.0000   3.0000
   657      S     43.7625730788      7.7939136549      6.9036582221   3.0000   3.0000
   658      S     42.6614588161      5.9901240856      9.8231142354   3.0000   3.0000
   659      S     40.6450242787      9.7366765871      6.9428887899   3.0000   3.0000
   660      S     39.5500550465      7.9313160241      9.8631956164   3.0000   3.0000
   661      S     37.5203392976     11.6644876426      6.9767818055   3.0000   3.0000
   662      S     36.4275904432      9.8590237778      9.8981690844   3.0000   3.0000
   663      S     34.3902841725     13.5809918747      7.0018045333   3.0000   3.0000
   664      S     33.2968109671     11.7764402658      9.9240903193   3.0000   3.0000
   665      S     31.2589125002     15.4920504430      7.0165193904   3.0000   3.0000
   666      S     30.1615667024     13.6892388863      9.9395623020   3.0000   3.0000
   667      S     28.1300848504     17.4047023320      7.0213005132   3.0000   3.0000
   668      S     27.0267698027     15.6039874041      9.9448114917   3.0000   3.0000
   669      S     25.0072133223     19.3249540716      7.0167615105   3.0000   3.0000
   670      S     23.8963054746     17.5271675436      9.9402180384   3.0000   3.0000
   671      S     21.8906502719     21.2584695920      7.0053472395   3.0000   3.0000
   672      S     20.7745866042     19.4634472443      9.9285265215   3.0000   3.0000
   673      S     18.7792478437     23.2070861788      6.9933080016   3.0000   3.0000
   674      S     17.6631194351     21.4129240153      9.9160028097   3.0000   3.0000
   675      S     15.6703276445     25.1671934213      6.9872840009   3.0000   3.0000
   676      S     14.5592260954     23.3711722031      9.9098735635   3.0000   3.0000
   677      S     12.5614129476     27.1306965673      6.9913051945   3.0000   3.0000
   678      S     11.4579554494     25.3312420123      9.9141076326   3.0000   3.0000
   679      S      9.4511553999     29.0882122581      7.0034870035   3.0000   3.0000
   680      S      8.3523858800     27.2846422989      9.9267422491   3.0000   3.0000
   681      S      6.3378971350     31.0320582332      7.0174660928   3.0000   3.0000
   682      S      5.2390395223     29.2260022244      9.9410332969   3.0000   3.0000
   683      S      3.2212162268     32.9604526868      7.0264497186   3.0000   3.0000
   684      S      2.1170909465     31.1527309530      9.9501135066   3.0000   3.0000
   685      S      0.1021417614     34.8757206224      7.0268966189   3.0000   3.0000
   686      S     -1.0111335918     33.0683403677      9.9501938298   3.0000   3.0000
   687      S     -3.0169536082     36.7841213953      7.0176149177   3.0000   3.0000
   688      S     -4.1416057699     34.9782930860      9.9402999807   3.0000   3.0000
   689      S     -6.1327680497     38.6926131505      6.9986290728   3.0000   3.0000
   690      S     -7.2706892877     36.8902888549      9.9201007644   3.0000   3.0000
   691      S     -9.2428481753     40.6080774468      6.9701227302   3.0000   3.0000
   692      S    -10.3945830190     38.8105025214      9.8892611155   3.0000   3.0000
   693      S    -12.3470889815     42.5359196423      6.9335648384   3.0000   3.0000
   694      S    -13.5103185367     40.7431680931      9.8497804780   3.0000   3.0000
   695      S    -15.4470899059     44.4794083922      6.8939770226   3.0000   3.0000
   696      S    -16.6155801280     42.6900901785      9.8073126239   3.0000   3.0000
   697      S    -18.5444391506     46.4384230497      6.8583205423   3.0000   3.0000
   698      S    -19.7117437423     44.6497005157      9.7692199587   3.0000   3.0000
   699      S      5.3852207000      1.5984975883      6.8335635847   3.0000   3.0000
   700      S    -22.8007323896     46.6184896572      9.7428921912   3.0000   3.0000
   701      S     47.0229484060      9.4966160385      6.8920394499   3.0000   3.0000
   702      S     45.9164962186      7.6918901167      9.8044179818   3.0000   3.0000
   703      S     43.9014221885     11.4469788090      6.9287293596   3.0000   3.0000
   704      S     42.8047770400      9.6448776740      9.8441892280   3.0000   3.0000
   705      S     40.7706174360     13.3828715169      6.9621047346   3.0000   3.0000
   706      S     39.6799317431     11.5851422820      9.8811381951   3.0000   3.0000
   707      S     37.6325029539     15.3069509010      6.9881843368   3.0000   3.0000
   708      S     36.5441855972     13.5138863148      9.9106187241   3.0000   3.0000
   709      S     34.4918778066     17.2244321102      7.0052180418   3.0000   3.0000
   710      S     33.4014781113     15.4344453747      9.9304829756   3.0000   3.0000
   711      S     31.3527606849     19.1404772980      7.0130814755   3.0000   3.0000
   712      S     30.2575471163     17.3529794961      9.9400173846   3.0000   3.0000
   713      S     28.2203392054     21.0612197011      7.0116209333   3.0000   3.0000
   714      S     27.1173018234     19.2760949866      9.9397021501   3.0000   3.0000
   715      S     25.0965548258     22.9923001973      7.0019099014   3.0000   3.0000
   716      S     23.9858392153     21.2093379180      9.9306337562   3.0000   3.0000
   717      S     21.9807770677     24.9371836003      6.9881853911   3.0000   3.0000
   718      S     20.8661086536     23.1547529970      9.9170257302   3.0000   3.0000
   719      S     18.8703060380     26.8950934602      6.9775869858   3.0000   3.0000
   720      S     17.7576189900     25.1105777545      9.9062612212   3.0000   3.0000
   721      S     15.7627171465     28.8599719899      6.9758709616   3.0000   3.0000
   722      S     14.6559064402     27.0711584131      9.9045786564   3.0000   3.0000
   723      S     12.6558976863     30.8231881603      6.9842661665   3.0000   3.0000
   724      S     11.5548132915     29.0286653022      9.9131592304   3.0000   3.0000
   725      S      9.5485249322     32.7762401370      6.9986163808   3.0000   3.0000
   726      S      8.4492773224     30.9759928888      9.9277003604   3.0000   3.0000
   727      S      6.4399740732     34.7136881909      7.0116601104   3.0000   3.0000
   728      S      5.3362419842     32.9088658711      9.9402662988   3.0000   3.0000
   729      S      3.3296379097     36.6356137501      7.0176141494   3.0000   3.0000
   730      S      2.2178656685     34.8272760407      9.9454438903   3.0000   3.0000
   731      S      0.2189490206     38.5462652171      7.0148037671   3.0000   3.0000
   732      S     -0.9034556328     36.7355543171      9.9412141256   3.0000   3.0000
   733      S     -2.8900253075     40.4521772154      7.0035320607   3.0000   3.0000
   734      S     -4.0240080280     38.6406443090      9.9277664972   3.0000   3.0000
   735      S     -5.9949709054     42.3601675510      6.9843144698   3.0000   3.0000
   736      S     -7.1417135325     40.5492996534      9.9049978555   3.0000   3.0000
   737      S     -9.0953542047     44.2764575055      6.9575564773   3.0000   3.0000
   738      S    -10.2540942496     42.4681015874      9.8735544202   3.0000   3.0000
   739      S    -12.1920687014     46.2060374151      6.9251742782   3.0000   3.0000
   740      S    -13.3593074637     44.4009068531      9.8361579707   3.0000   3.0000
   741      S     11.7394971242      1.3401046005      6.8920649731   3.0000   3.0000
   742      S    -16.4567693528     46.3487807319      9.7987246643   3.0000   3.0000
   743      S     44.0264712113     15.0916303016      6.9544235480   3.0000   3.0000
   744      S     42.9323737432     13.2955593940      9.8682361880   3.0000   3.0000
   745      S     40.8833396023     17.0217717453      6.9776138954   3.0000   3.0000
   746      S     39.7937038166     15.2339168267      9.8967313154   3.0000   3.0000
   747      S     37.7349556976     18.9446205405      6.9933111056   3.0000   3.0000
   748      S     36.6461467383     17.1634389228      9.9169889620   3.0000   3.0000
   749      S     34.5871303789     20.8648979210      7.0010023801   3.0000   3.0000
   750      S     33.4951254954     19.0883124943      9.9284240758   3.0000   3.0000
   751      S     31.4452819328     22.7881186899      7.0004347272   3.0000   3.0000
   752      S     30.3467094603     21.0144573827      9.9308690665   3.0000   3.0000
   753      S     28.3131267573     24.7186156179      6.9916200693   3.0000   3.0000
   754      S     27.2061574764     22.9476234455      9.9241845503   3.0000   3.0000
   755      S     25.1914157812     26.6612032281      6.9768012979   3.0000   3.0000
   756      S     24.0778294804     24.8911960304      9.9106726173   3.0000   3.0000
   757      S     22.0780651879     28.6169158010      6.9621090538   3.0000   3.0000
   758      S     20.9634535641     26.8453768860      9.8967188981   3.0000   3.0000
   759      S     18.9702839514     30.5822206355      6.9544394520   3.0000   3.0000
   760      S     17.8594172885     28.8062345863      9.8892743464   3.0000   3.0000
   761      S     15.8656105236     32.5500968757      6.9575301452   3.0000   3.0000
   762      S     14.7605584148     30.7673194240      9.8926041798   3.0000   3.0000
   763      S     12.7624298835     34.5119601589      6.9701205912   3.0000   3.0000
   764      S     11.6609885917     32.7217034402      9.9049879634   3.0000   3.0000
   765      S      9.6598668697     36.4607692392      6.9860483947   3.0000   3.0000
   766      S      8.5566248060     34.6627835933      9.9200797015   3.0000   3.0000
   767      S      6.5572713324     38.3935488879      6.9984193046   3.0000   3.0000
   768      S      5.4469193646     36.5881297490      9.9306294035   3.0000   3.0000
   769      S      3.4541068622     40.3114828363      7.0032477091   3.0000   3.0000
   770      S      2.3341620494     38.4997898988      9.9328841948   3.0000   3.0000
   771      S      0.3511070859     42.2198642357      7.0005181041   3.0000   3.0000
   772      S     -0.7789116373     40.4025343506      9.9267655612   3.0000   3.0000
   773      S     -2.7500010795     44.1246501373      6.9912977502   3.0000   3.0000
   774      S     -3.8904453348     42.3039063250      9.9132237643   3.0000   3.0000
   775      S     -5.8481823254     46.0324347698      6.9758854585   3.0000   3.0000
   776      S     -6.9989373059     44.2108327950      9.8926234583   3.0000   3.0000
   777      S     18.0831714034      1.1376410459      6.9544314678   3.0000   3.0000
   778      S    -10.1037298455     46.1291485769      9.8652165038   3.0000   3.0000
   779      S     40.9869360929     20.6569804457      6.9872907941   3.0000   3.0000
   780      S     39.8942493379     18.8776230428      9.9062597575   3.0000   3.0000
   781      S     37.8332360018     22.5805112181      6.9918758082   3.0000   3.0000
   782      S     36.7392421542     20.8082661220      9.9160272508   3.0000   3.0000
   783      S     34.6839448672     24.5052260444      6.9892966229   3.0000   3.0000
   784      S     33.5847884505     22.7387732718      9.9180443766   3.0000   3.0000
   785      S     31.5440770065     26.4363075007      6.9789261898   3.0000   3.0000
   786      S     30.4370879623     24.6738694691      9.9118974405   3.0000   3.0000
   787      S     28.4159566226     28.3774758468      6.9619385338   3.0000   3.0000
   788      S     27.3012369539     26.6177019240      9.8981716202   3.0000   3.0000
   789      S     25.2985098865     30.3312909175      6.9428523095   3.0000   3.0000
   790      S     24.1802192120     28.5712482100      9.8811457644   3.0000   3.0000
   791      S     22.1891687859     32.2962841618      6.9287385273   3.0000   3.0000
   792      S     21.0727738970     30.5327320934      9.8682256562   3.0000   3.0000
   793      S     19.0850305750     34.2672012087      6.9251612822   3.0000   3.0000
   794      S     17.9742783697     32.4970411456      9.8651956264   3.0000   3.0000
   795      S     15.9841099794     36.2364438920      6.9335597673   3.0000   3.0000
   796      S     14.8788969116     34.4577408134      9.8735450772   3.0000   3.0000
   797      S     12.8853316656     38.1967665600      6.9503343968   3.0000   3.0000
   798      S     11.7815323082     36.4081399273      9.8892349645   3.0000   3.0000
   799      S      9.7878029867     40.1424005470      6.9687581470   3.0000   3.0000
   800      S      8.6797766144     38.3437414183      9.9051663342   3.0000   3.0000
   801      S      6.6903859370     42.0721144504      6.9827796471   3.0000   3.0000
   802      S      5.5741930978     40.2628511840      9.9153034361   3.0000   3.0000
   803      S      3.5922928681     43.9879149705      6.9901562644   3.0000   3.0000
   804      S      2.4671083776     42.1691921522      9.9179614550   3.0000   3.0000
   805      S      0.4938663951     45.8948198906      6.9914133512   3.0000   3.0000
   806      S     -0.6397609053     44.0686258177      9.9141157521   3.0000   3.0000
   807      S     24.4227113860      0.9872902030      6.9873054575   3.0000   3.0000
   808      S     -3.7456195767     45.9682847373      9.9045954371   3.0000   3.0000
   809      S     37.9339090083     26.2168025713      6.9847508603   3.0000   3.0000
   810      S     36.8298178014     24.4499973207      9.9085558981   3.0000   3.0000
   811      S     34.7889367933     28.1471381015      6.9707440196   3.0000   3.0000
   812      S     33.6776241724     26.3871487816      9.9000445946   3.0000   3.0000
   813      S     31.6555297235     30.0868531281      6.9496577177   3.0000   3.0000
   814      S     30.5361862720     28.3318349588      9.8839848907   3.0000   3.0000
   815      S     28.5340017642     32.0386690670      6.9250858247   3.0000   3.0000
   816      S     27.4095709426     30.2856182773      9.8631584205   3.0000   3.0000
   817      S     25.4222691264     34.0025812667      6.9037272800   3.0000   3.0000
   818      S     24.2981894496     32.2475623744      9.8441762523   3.0000   3.0000
   819      S     22.3175003842     35.9748114148      6.8921221691   3.0000   3.0000
   820      S     21.1985501170     34.2143514519      9.8338730890   3.0000   3.0000
   821      S     19.2172436464     37.9494008694      6.8939354882   3.0000   3.0000
   822      S     18.1053566179     36.1805845360      9.8361332627   3.0000   3.0000
   823      S     16.1198817235     39.9190560342      6.9083206701   3.0000   3.0000
   824      S     15.0131618927     38.1401773493      9.8497583101   3.0000   3.0000
   825      S     13.0244942831     41.8779028688      6.9303497784   3.0000   3.0000
   826      S     11.9180717544     40.0869371135      9.8694227757   3.0000   3.0000
   827      S      9.9299401107     43.8213247398      6.9532947719   3.0000   3.0000
   828      S      8.8187420629     42.0178061647      9.8882164002   3.0000   3.0000
   829      S      6.8346232987     45.7487198198      6.9719731910   3.0000   3.0000
   830      S      5.7160852238     43.9328363455      9.9013771938   3.0000   3.0000
   831      S     30.7640836158      0.8513005427      6.9848025712   3.0000   3.0000
   832      S      2.6118510285     45.8363193124      9.9083008495   3.0000   3.0000
   833      S     34.9069984307     31.7925965992      6.9460161040   3.0000   3.0000
   834      S     33.7802608640     30.0356243609      9.8751453810   3.0000   3.0000
   835      S     31.7828217007     33.7413206233      6.9151631241   3.0000   3.0000
   836      S     30.6497958419     31.9889222734      9.8491009245   3.0000   3.0000
   837      S     28.6691055683     35.7030342950      6.8858520290   3.0000   3.0000
   838      S     27.5349960999     33.9507892100      9.8230794223   3.0000   3.0000
   839      S     25.5632622907     37.6749996513      6.8651415491   3.0000   3.0000
   840      S     24.4336181132     35.9188864362      9.8045143499   3.0000   3.0000
   841      S     22.4625980506     39.6522014319      6.8582944578   3.0000   3.0000
   842      S     21.3409929133     37.8891904621      9.7986842589   3.0000   3.0000
   843      S     19.3651870825     41.6289648192      6.8669562221   3.0000   3.0000
   844      S     18.2519127689     39.8560084517      9.8072343079   3.0000   3.0000
   845      S     16.2697030236     43.5983997593      6.8885291170   3.0000   3.0000
   846      S     15.1618064025     41.8141033916      9.8272187024   3.0000   3.0000
   847      S     13.1751041188     45.5553047981      6.9170958704   3.0000   3.0000
   848      S     12.0676693635     43.7582250307      9.8525373479   3.0000   3.0000
   849      S     37.1062999363      0.6847977818      6.9460513989   3.0000   3.0000
   850      S      8.9686820260     45.6862266691      9.8765584811   3.0000   3.0000
   851      S     31.9258580965     37.4011959699      6.8801353208   3.0000   3.0000
   852      S     30.7807288555     35.6457099743      9.8113980114   3.0000   3.0000
   853      S     28.8195822007     39.3708108556      6.8502073274   3.0000   3.0000
   854      S     27.6775974243     37.6135011825      9.7837482716   3.0000   3.0000
   855      S     25.7183652783     41.3484838578      6.8335700696   3.0000   3.0000
   856      S     24.5846876348     39.5854480295      9.7684532834   3.0000   3.0000
   857      S     22.6203741844     43.3288289750      6.8340337638   3.0000   3.0000
   858      S     21.4969988576     41.5575813253      9.7692089096   3.0000   3.0000
   859      S     19.5236701771     45.3057186128      6.8508767651   3.0000   3.0000
   860      S     18.4098813326     43.5244295112      9.7854406236   3.0000   3.0000
   861      S     43.4540329402      0.4623205673      6.8801646515   3.0000   3.0000
   862      S     15.3195981198     45.4811918145      9.8129174209   3.0000   3.0000
   863      S     28.9809456929     43.0418088875      6.8249216999   3.0000   3.0000
   864      S     27.8341106451     41.2742033046      9.7516236729   3.0000   3.0000
   865      S     25.8824775299     45.0227768068      6.8156918562   3.0000   3.0000
   866      S     24.7466826302     43.2482516569      9.7428691513   3.0000   3.0000
   867      S     49.8114000113      0.1923747723      6.8249079068   3.0000   3.0000
   868      S     21.6610874899     45.2208876280      9.7520726732   3.0000   3.0000
   869      S      0.9723395613      1.8779574513     13.1850471190   3.0000   3.0000
   870      S     52.9090214470      1.7886497657     16.1029334305   3.0000   3.0000
   871      S      7.3149042248      2.1616808145     13.1494738005   3.0000   3.0000
   872      S      5.2191986670      2.0745086716     16.0846468497   3.0000   3.0000
   873      S      4.0602719148      3.8512466586     13.1666115825   3.0000   3.0000
   874      S      1.9543154758      3.7695964921     16.0936447367   3.0000   3.0000
   875      S      0.8073958909      5.5372988852     13.1669445139   3.0000   3.0000
   876      S     -1.3082664401      5.4630159210     16.0850280052   3.0000   3.0000
   877      S     13.6672491914      2.4105803339     13.0824778475   3.0000   3.0000
   878      S     11.5795400319      2.3320799800     16.0247075105   3.0000   3.0000
   879      S     10.4109195238      4.1213724966     13.1113295297   3.0000   3.0000
   880      S      8.3190070624      4.0436394784     16.0516098006   3.0000   3.0000
   881      S      7.1550210140      5.8186332626     13.1331753809   3.0000   3.0000
   882      S      5.0554571460      5.7447376320     16.0676606457   3.0000   3.0000
   883      S      3.9012454598      7.5087056428     13.1418248748   3.0000   3.0000
   884      S      1.7928596111      7.4405767524     16.0683934760   3.0000   3.0000
   885      S      0.6508945428      9.1979816026     13.1348944769   3.0000   3.0000
   886      S     -1.4634284291      9.1364892440     16.0535167375   3.0000   3.0000
   887      S     -2.5930139153     10.8926264765     13.1141576582   3.0000   3.0000
   888      S     -4.7091836657     10.8367595786     16.0265450806   3.0000   3.0000
   889      S     20.0275142437      2.6007498588     13.0260492308   3.0000   3.0000
   890      S     17.9312078583      2.5351267504     15.9610855465   3.0000   3.0000
   891      S     16.7724975179      4.3433958536     13.0450482874   3.0000   3.0000
   892      S     14.6794802583      4.2756028323     15.9850420654   3.0000   3.0000
   893      S     13.5163905285      6.0682228246     13.0688240458   3.0000   3.0000
   894      S     11.4222730660      5.9993242097     16.0102783362   3.0000   3.0000
   895      S     10.2602507271      7.7764778874     13.0913602323   3.0000   3.0000
   896      S      8.1610466757      7.7091155997     16.0300738303   3.0000   3.0000
   897      S      7.0055522134      9.4732800145     13.1056803736   3.0000   3.0000
   898      S      4.8993103235      9.4101693864     16.0383877871   3.0000   3.0000
   899      S      3.7540467141     11.1656070283     13.1071662101   3.0000   3.0000
   900      S      1.6426066332     11.1084694852     16.0327567664   3.0000   3.0000
   901      S      0.5082787282     12.8606219546     13.0955081907   3.0000   3.0000
   902      S     -1.6044001662     12.8089112673     16.0149499918   3.0000   3.0000
   903      S     -2.7284771065     14.5639642120     13.0744550444   3.0000   3.0000
   904      S     -4.8374809134     14.5152758743     15.9898605762   3.0000   3.0000
   905      S     -5.9538437976     16.2788964409     13.0504152288   3.0000   3.0000
   906      S     -8.0563563623     16.2293102703     15.9641759199   3.0000   3.0000
   907      S     26.3867646291      2.7427753959     13.0045269829   3.0000   3.0000
   908      S     24.2766229033      2.6869071105     15.9273106124   3.0000   3.0000
   909      S     23.1363067801      4.5076393097     13.0053982920   3.0000   3.0000
   910      S     21.0315385296      4.4513709472     15.9342900758   3.0000   3.0000
   911      S     19.8849050908      6.2621724734     13.0135985428   3.0000   3.0000
   912      S     17.7837704861      6.2034843370     15.9484679640   3.0000   3.0000
   913      S     16.6320337070      8.0010111265     13.0293284922   3.0000   3.0000
   914      S     14.5312496728      7.9393162399     15.9682462739   3.0000   3.0000
   915      S     13.3777960511      9.7220822080     13.0491389897   3.0000   3.0000
   916      S     11.2736279074      9.6593189424     15.9882478595   3.0000   3.0000
   917      S     10.1235961419     11.4281304152     13.0660646673   3.0000   3.0000
   918      S      8.0135866901     11.3675893648     16.0014917389   3.0000   3.0000
   919      S      6.8711617595     13.1256339158     13.0737170077   3.0000   3.0000
   920      S      4.7561875723     13.0700401655     16.0033323614   3.0000   3.0000
   921      S      3.6231935479     14.8225423343     13.0694431805   3.0000   3.0000
   922      S      1.5073179176     14.7726622656     15.9934473547   3.0000   3.0000
   923      S      0.3828787526     16.5258040350     13.0554701924   3.0000   3.0000
   924      S     -1.7280900759     16.4802228596     15.9757593017   3.0000   3.0000
   925      S     -2.8463206376     18.2402722831     13.0374695882   3.0000   3.0000
   926      S     -4.9485461481     18.1946761390     15.9565039209   3.0000   3.0000
   927      S     -6.0633223694     19.9662598048     13.0219597070   3.0000   3.0000
   928      S     -8.1563033472     19.9165460870     15.9410022650   3.0000   3.0000
   929      S     -9.2689802125     21.7009819383     13.0123625670   3.0000   3.0000
   930      S    -11.3563340863     21.6443366284     15.9313235174   3.0000   3.0000
   931      S     32.7428567129      2.8785139597     13.0173301857   3.0000   3.0000
   932      S     30.6189608946      2.8235049740     15.9284775495   3.0000   3.0000
   933      S     29.4938036181      4.6422485029     13.0007254144   3.0000   3.0000
   934      S     27.3778580380      4.5915712746     15.9181859541   3.0000   3.0000
   935      S     26.2478838587      6.4089756519     12.9919026350   3.0000   3.0000
   936      S     24.1365364608      6.3592397396     15.9151156826   3.0000   3.0000
   937      S     23.0025193932      8.1708860168     12.9909498695   3.0000   3.0000
   938      S     20.8938990875      8.1188935192     15.9199110962   3.0000   3.0000
   939      S     19.7560737721      9.9212288074     12.9985224695   3.0000   3.0000
   940      S     17.6472478840      9.8647443122     15.9324826314   3.0000   3.0000
   941      S     16.5066960226     11.6549174315     13.0133694055   3.0000   3.0000
   942      S     14.3949279343     11.5947080821     15.9498098377   3.0000   3.0000
   943      S     13.2552739619     13.3716050413     13.0304018866   3.0000   3.0000
   944      S     11.1377689765     13.3109596864     15.9653704357   3.0000   3.0000
   945      S     10.0034416832     15.0759605701     13.0421034817   3.0000   3.0000
   946      S      7.8803948522     15.0188117979     15.9725682276   3.0000   3.0000
   947      S      6.7537353709     16.7757772533     13.0434567258   3.0000   3.0000
   948      S      4.6289612956     16.7245512531     15.9689170387   3.0000   3.0000
   949      S      3.5096163591     18.4796066975     13.0346576927   3.0000   3.0000
   950      S      1.3894233005     18.4339523094     15.9567200888   3.0000   3.0000
   951      S      0.2747219579     20.1937769432     13.0204871445   3.0000   3.0000
   952      S     -1.8352806670     20.1502259236     15.9418641211   3.0000   3.0000
   953      S     -2.9486763281     21.9202717101     13.0079163389   3.0000   3.0000
   954      S     -5.0458622560     21.8743933369     15.9303368030   3.0000   3.0000
   955      S     -6.1604306887     23.6568421671     13.0016101011   3.0000   3.0000
   956      S     -8.2473730009     23.6044946447     15.9253398481   3.0000   3.0000
   957      S     -9.3635772522     25.3986623237     13.0026312111   3.0000   3.0000
   958      S    -11.4452039519     25.3372025425     15.9267544131   3.0000   3.0000
   959      S    -12.5627029584     27.1409312085     13.0100403656   3.0000   3.0000
   960      S    -14.6447918351     27.0681379624     15.9338293339   3.0000   3.0000
   961      S     39.0943425771      3.0532030729     13.0661362382   3.0000   3.0000
   962      S     36.9567001090      2.9900890962     15.9654344037   3.0000   3.0000
   963      S     35.8454457164      4.7935319854     13.0304677291   3.0000   3.0000
   964      S     33.7171973717      4.7394076380     15.9359581690   3.0000   3.0000
   965      S     32.6009578512      6.5486117560     13.0032635265   3.0000   3.0000
   966      S     30.4808422869      6.4998923846     15.9155118009   3.0000   3.0000
   967      S     29.3608584649      8.3115596506     12.9857476233   3.0000   3.0000
   968      S     27.2456613292      8.2651980207     15.9038939407   3.0000   3.0000
   969      S     26.1232442527     10.0759217318     12.9774762317   3.0000   3.0000
   970      S     24.0097016713     10.0273637336     15.9011343735   3.0000   3.0000
   971      S     22.8851214935     11.8332054025     12.9784706867   3.0000   3.0000
   972      S     20.7700925846     11.7796326575     15.9069961532   3.0000   3.0000
   973      S     19.6434829672     13.5770472048     12.9881109065   3.0000   3.0000
   974      S     17.5247396141     13.5179555867     15.9201767223   3.0000   3.0000
   975      S     16.3974342857     15.3039199895     13.0032417982   3.0000   3.0000
   976      S     14.2724963494     15.2417829508     15.9358937302   3.0000   3.0000
   977      S     13.1480810375     17.0160646043     13.0172957069   3.0000   3.0000
   978      S     11.0163313214     16.9553672437     15.9467052252   3.0000   3.0000
   979      S      9.8982052896     18.7198804015     13.0231764009   3.0000   3.0000
   980      S      7.7624732833     18.6643579718     15.9479149046   3.0000   3.0000
   981      S      6.6511119324     20.4243349836     13.0185568065   3.0000   3.0000
   982      S      4.5175270991     20.3750818543     15.9397587178   3.0000   3.0000
   983      S      3.4105195574     22.1375391059     13.0067555037   3.0000   3.0000
   984      S      1.2866287607     22.0928350811     15.9270807812   3.0000   3.0000
   985      S      0.1796293908     23.8637032232     12.9944708618   3.0000   3.0000
   986      S     -1.9299471152     23.8192377775     15.9167282928   3.0000   3.0000
   987      S     -3.0407020397     25.6023051150     12.9879738898   3.0000   3.0000
   988      S     -5.1359904772     25.5530363554     15.9131428802   3.0000   3.0000
   989      S     -6.2520543036     27.3480496283     12.9900689156   3.0000   3.0000
   990      S     -8.3365489413     27.2907631902     15.9175390834   3.0000   3.0000
   991      S     -9.4581396111     29.0956569444     13.0005625560   3.0000   3.0000
   992      S    -11.5376546002     29.0270072950     15.9293389776   3.0000   3.0000
   993      S    -12.6641353919     30.8392804192     13.0185269935   3.0000   3.0000
   994      S    -14.7440339426     30.7568172368     15.9479058059   3.0000   3.0000
   995      S    -15.8752010862     32.5746422885     13.0434088813   3.0000   3.0000
   996      S    -17.9600953062     32.4774033427     15.9725596268   3.0000   3.0000
   997      S     45.4365233065      3.2870775844     13.1331523610   3.0000   3.0000
   998      S     43.2964127835      3.2130888771     16.0300716902   3.0000   3.0000
   999      S     42.1884369183      4.9973625049     13.0913811585   3.0000   3.0000
  1000      S     40.0511999357      4.9335641242     15.9883014305   3.0000   3.0000
  1001      S     38.9447325437      6.7244750802     13.0491912717   3.0000   3.0000
  1002      S     36.8144607993      6.6690368644     15.9498515073   3.0000   3.0000
  1003      S     35.7064455992      8.4676270826     13.0134280211   3.0000   3.0000
  1004      S     33.5839618194      8.4178002287     15.9201858936   3.0000   3.0000
  1005      S     32.4735348345     10.2231988399     12.9879941981   3.0000   3.0000
  1006      S     30.3564475417     10.1758029591     15.9010036238   3.0000   3.0000
  1007      S     29.2445311138     11.9842146413     12.9731168553   3.0000   3.0000
  1008      S     27.1288488231     11.9356924063     15.8919026122   3.0000   3.0000
  1009      S     26.0154162920     13.7431952657     12.9685776683   3.0000   3.0000
  1010      S     23.8980433900     13.6904924489     15.8923041989   3.0000   3.0000
  1011      S     22.7830297903     15.4928935301     12.9734135127   3.0000   3.0000
  1012      S     20.6608221833     15.4341569583     15.9011794335   3.0000   3.0000
  1013      S     19.5444030981     17.2283931615     12.9858455630   3.0000   3.0000
  1014      S     17.4152291210     17.1644051543     15.9155313922   3.0000   3.0000
  1015      S     16.3000303821     18.9479633965     13.0006871300   3.0000   3.0000
  1016      S     14.1623795452     18.8829146819     15.9284726458   3.0000   3.0000
  1017      S     13.0518561673     20.6561693195     13.0103167793   3.0000   3.0000
  1018      S     10.9073209816     20.5946331613     15.9338656206   3.0000   3.0000
  1019      S      9.8032198004     22.3614449355     13.0100564109   3.0000   3.0000
  1020      S      7.6573852334     22.3061492346     15.9293263948   3.0000   3.0000
  1021      S      6.5581639932     24.0725943857     13.0005935749   3.0000   3.0000
  1022      S      4.4187864895     24.0233475378     15.9182434150   3.0000   3.0000
  1023      S      3.3201759308     25.7969941853     12.9876925661   3.0000   3.0000
  1024      S      1.1937654428     25.7502709416     15.9070717182   3.0000   3.0000
  1025      S      0.0908127994     27.5353423642     12.9788024343   3.0000   3.0000
  1026      S     -2.0193862223     27.4865588485     15.9017651148   3.0000   3.0000
  1027      S     -3.1303065224     29.2843989930     12.9784220571   3.0000   3.0000
  1028      S     -5.2259017328     29.2294111268     15.9054063394   3.0000   3.0000
  1029      S     -6.3457945217     31.0377878862     12.9877392463   3.0000   3.0000
  1030      S     -8.4310469762     30.9730340866     15.9181980357   3.0000   3.0000
  1031      S     -9.5602162328     32.7891770960     13.0066896640   3.0000   3.0000
  1032      S    -11.6400017380     32.7116823119     15.9397069590   3.0000   3.0000
  1033      S    -12.7776101054     34.5322730377     13.0346040153   3.0000   3.0000
  1034      S    -14.8571696208     34.4403928642     15.9688739399   3.0000   3.0000
  1035      S    -16.0014968601     36.2624052636     13.0694113439   3.0000   3.0000
  1036      S    -18.0855991333     36.1574099453     16.0033508436   3.0000   3.0000
  1037      S    -19.2338717843     37.9774917197     13.1071546441   3.0000   3.0000
  1038      S    -21.3266373959     37.8634617859     16.0384419632   3.0000   3.0000
  1039      S     51.7731565657      3.5632286300     13.1757224723   3.0000   3.0000
  1040      S     49.6469643175      3.4827339462     16.0846123734   3.0000   3.0000
  1041      S     48.5236405943      5.2539841496     13.1494020990   3.0000   3.0000
  1042      S     46.3917986242      5.1825976635     16.0515874232   3.0000   3.0000
  1043      S     45.2784902263      6.9555327896     13.1113049423   3.0000   3.0000
  1044      S     43.1465269732      6.8924524813     16.0102754140   3.0000   3.0000
  1045      S     42.0397761943      8.6713075316     13.0688352900   3.0000   3.0000
  1046      S     39.9119813484      8.6147009478     15.9682672991   3.0000   3.0000
  1047      S     38.8081775954     10.4032800996     13.0293462882   3.0000   3.0000
  1048      S     36.6865016365     10.3506414218     15.9325291310   3.0000   3.0000
  1049      S     35.5832836374     12.1485505608     12.9984838199   3.0000   3.0000
  1050      S     33.4666101436     12.0976973179     15.9068776363   3.0000   3.0000
  1051      S     32.3629094260     13.9024364432     12.9782681284   3.0000   3.0000
  1052      S     30.2479082873     13.8509677527     15.8921256960   3.0000   3.0000
  1053      S     29.1435859305     15.6585642262     12.9684124158   3.0000   3.0000
  1054      S     27.0267694680     15.6037319121     15.8873381949   3.0000   3.0000
  1055      S     25.9205479625     17.4097940222     12.9685775510   3.0000   3.0000
  1056      S     23.7988503232     17.3494626774     15.8921676033   3.0000   3.0000
  1057      S     22.6909607170     19.1501172292     12.9776311066   3.0000   3.0000
  1058      S     20.5615714544     19.0835220895     15.9039723240   3.0000   3.0000
  1059      S     19.4530254474     20.8756840328     12.9919059775   3.0000   3.0000
  1060      S     17.3141040755     20.8057551574     15.9181546939   3.0000   3.0000
  1061      S     16.2085402420     22.5884908916     13.0045230664   3.0000   3.0000
  1062      S     14.0602140299     22.5198274554     15.9272061374   3.0000   3.0000
  1063      S     12.9604249874     24.2942421608     13.0087525684   3.0000   3.0000
  1064      S     10.8066123698     24.2309170485     15.9267548481   3.0000   3.0000
  1065      S      9.7125822073     26.0031714380     13.0026355377   3.0000   3.0000
  1066      S      7.5604895291     25.9465278471     15.9176203649   3.0000   3.0000
  1067      S      6.4685537799     27.7230430423     12.9901250233   3.0000   3.0000
  1068      S      4.3262226771     27.6709885684     15.9054368062   3.0000   3.0000
  1069      S      3.2308378332     29.4583901932     12.9784286512   3.0000   3.0000
  1070      S      1.1036523341     29.4068568298     15.8972418484   3.0000   3.0000
  1071      S      0.0000810695     31.2078500995     12.9737999680   3.0000   3.0000
  1072      S     -2.1112711828     31.1522203274     15.8972953574   3.0000   3.0000
  1073      S     -3.2255472289     32.9653030741     12.9790127734   3.0000   3.0000
  1074      S     -5.3231833715     32.9026188674     15.9071008237   3.0000   3.0000
  1075      S     -6.4497079849     34.7241074958     12.9944823268   3.0000   3.0000
  1076      S     -8.5370009448     34.6509581087     15.9270446068   3.0000   3.0000
  1077      S     -9.6756362789     36.4767365402     13.0204223018   3.0000   3.0000
  1078      S    -11.7570570578     36.3912707598     15.9566773581   3.0000   3.0000
  1079      S    -12.9063100562     38.2170144128     13.0554119118   3.0000   3.0000
  1080      S    -14.9867250941     38.1197556572     15.9934388192   3.0000   3.0000
  1081      S    -16.1431323493     39.9409761792     13.0954999614   3.0000   3.0000
  1082      S    -18.2276299953     39.8346528870     16.0327600528   3.0000   3.0000
  1083      S    -19.3863375983     41.6487718369     13.1349183183   3.0000   3.0000
  1084      S    -21.4792632508     41.5383867420     16.0684787179   3.0000   3.0000
  1085      S    -22.6348382278     43.3435005269     13.1670727968   3.0000   3.0000
  1086      S    -24.7391072231     43.2341256734     16.0937083201   3.0000   3.0000
  1087      S     -2.4420334620      7.2261225438     13.1501257240   3.0000   3.0000
  1088      S     49.4890699182      7.1592701329     16.0602945763   3.0000   3.0000
  1089      S     48.3676014612      8.9224135629     13.1198801419   3.0000   3.0000
  1090      S     46.2438418261      8.8621358964     16.0246360074   3.0000   3.0000
  1091      S     45.1319686983     10.6309579265     13.0824590164   3.0000   3.0000
  1092      S     43.0107269111     10.5750697985     15.9850518119   3.0000   3.0000
  1093      S     41.9055048972     12.3537506156     13.0450578187   3.0000   3.0000
  1094      S     39.7890433667     12.2995001546     15.9484852999   3.0000   3.0000
  1095      S     38.6875850972     14.0897536562     13.0136096977   3.0000   3.0000
  1096      S     36.5751603835     14.0351718459     15.9199684629   3.0000   3.0000
  1097      S     35.4757843175     15.8354468243     12.9908360933   3.0000   3.0000
  1098      S     33.3644621769     15.7792840342     15.9009882745   3.0000   3.0000
  1099      S     32.2656352758     17.5853887515     12.9774239052   3.0000   3.0000
  1100      S     30.1522388483     17.5262843023     15.8917983735   3.0000   3.0000
  1101      S     29.0523285730     19.3343784664     12.9733050363   3.0000   3.0000
  1102      S     26.9339552256     19.2698517125     15.8922993655   3.0000   3.0000
  1103      S     25.8318384497     21.0757427446     12.9784470192   3.0000   3.0000
  1104      S     23.7056240748     21.0047904532     15.9012008011   3.0000   3.0000
  1105      S     22.6013882282     22.8052579462     12.9909575666   3.0000   3.0000
  1106      S     20.4655663797     22.7290435201     15.9151539625   3.0000   3.0000
  1107      S     19.3621678957     24.5210784138     13.0054693027   3.0000   3.0000
  1108      S     17.2151784489     24.4438490116     15.9273190741   3.0000   3.0000
  1109      S     16.1163649379     26.2279583573     13.0140381661   3.0000   3.0000
  1110      S     13.9602782188     26.1544968586     15.9313376132   3.0000   3.0000
  1111      S     12.8675931787     27.9338316339     13.0123642082   3.0000   3.0000
  1112      S     10.7083183831     27.8668455562     15.9253248631   3.0000   3.0000
  1113      S      9.6195516180     29.6479523772     13.0016114695   3.0000   3.0000
  1114      S      7.4650641579     29.5870917534     15.9133022035   3.0000   3.0000
  1115      S      6.3749072775     31.3770053983     12.9880185054   3.0000   3.0000
  1116      S      4.2322933515     31.3193552582     15.9018891174   3.0000   3.0000
  1117      S      3.1349431117     33.1223182360     12.9789442618   3.0000   3.0000
  1118      S      1.0078546322     33.0637183854     15.8973261503   3.0000   3.0000
  1119      S     -0.1006351429     34.8802959270     12.9785956178   3.0000   3.0000
  1120      S     -2.2129545217     34.8170339837     15.9020626168   3.0000   3.0000
  1121      S     -3.3341118900     36.6437575196     12.9881040297   3.0000   3.0000
  1122      S     -5.4336587770     36.5733508319     15.9167773477   3.0000   3.0000
  1123      S     -6.5687243480     38.4051418221     13.0079725256   3.0000   3.0000
  1124      S     -8.6584241349     38.3258010835     15.9418069863   3.0000   3.0000
  1125      S     -9.8069426135     40.1564032356     13.0374622191   3.0000   3.0000
  1126      S    -11.8903013285     40.0679590098     15.9757208489   3.0000   3.0000
  1127      S    -13.0496854560     41.8924672233     13.0744264452   3.0000   3.0000
  1128      S    -15.1315608702     41.7964548186     16.0149570351   3.0000   3.0000
  1129      S    -16.2968779593     43.6107987742     13.1141967566   3.0000   3.0000
  1130      S    -18.3824684335     43.5105425642     16.0536014349   3.0000   3.0000
  1131      S    -19.5477543052     45.3132481114     13.1502482706   3.0000   3.0000
  1132      S    -21.6413259527     45.2128759999     16.0851891009   3.0000   3.0000
  1133      S      4.2258979834      0.1929147338     13.1758035149   3.0000   3.0000
  1134      S      2.1210997325      0.0965281088     16.1029815020   3.0000   3.0000
  1135      S     -5.8280772652     12.5971902126     13.0847113700   3.0000   3.0000
  1136      S     46.1116359984     12.5443824436     15.9934382536   3.0000   3.0000
  1137      S     45.0008746746     14.3144951964     13.0533996927   3.0000   3.0000
  1138      S     42.8922151159     14.2614266713     15.9610595196   3.0000   3.0000
  1139      S     41.7871714112     16.0441679594     13.0259950397   3.0000   3.0000
  1140      S     39.6824633300     15.9882876496     15.9343005654   3.0000   3.0000
  1141      S     38.5814785633     17.7827390491     13.0053980865   3.0000   3.0000
  1142      S     36.4776258406     17.7232507942     15.9150880357   3.0000   3.0000
  1143      S     35.3790699282     19.5267228189     12.9918648112   3.0000   3.0000
  1144      S     33.2725793798     19.4627440855     15.9038412797   3.0000   3.0000
  1145      S     32.1746989262     21.2713304901     12.9857735082   3.0000   3.0000
  1146      S     30.0625827231     21.2013776920     15.9010904343   3.0000   3.0000
  1147      S     28.9627838639     23.0111789034     12.9880340402   3.0000   3.0000
  1148      S     26.8429643738     22.9342279985     15.9070051192   3.0000   3.0000
  1149      S     25.7405199471     24.7416263903     12.9985230473   3.0000   3.0000
  1150      S     23.6107997643     24.6574083995     15.9200115851   3.0000   3.0000
  1151      S     22.5073339752     26.4595498337     13.0136196592   3.0000   3.0000
  1152      S     20.3657269903     26.3719271564     15.9343440116   3.0000   3.0000
  1153      S     19.2650056831     28.1666677957     13.0260012984   3.0000   3.0000
  1154      S     17.1121245187     28.0808998336     15.9427364408   3.0000   3.0000
  1155      S     16.0172245438     29.8698181927     13.0293324720   3.0000   3.0000
  1156      S     13.8566961017     29.7897093374     15.9410271024   3.0000   3.0000
  1157      S     12.7670488903     31.5775635511     13.0218926253   3.0000   3.0000
  1158      S     10.6058616940     31.5045040566     15.9304391408   3.0000   3.0000
  1159      S      9.5174888422     33.2976027992     13.0079502040   3.0000   3.0000
  1160      S      7.3636507429     33.2304083425     15.9167259903   3.0000   3.0000
  1161      S      6.2701410655     35.0350324614     12.9944513111   3.0000   3.0000
  1162      S      4.1293830681     34.9701416958     15.9070207810   3.0000   3.0000
  1163      S      3.0256992214     36.7882464724     12.9877711833   3.0000   3.0000
  1164      S      0.8997445442     36.7225270793     15.9055388288   3.0000   3.0000
  1165      S     -0.2165938830     38.5518017132     12.9901928407   3.0000   3.0000
  1166      S     -2.3291525918     38.4830522115     15.9133869616   3.0000   3.0000
  1167      S     -3.4590941731     40.3182217957     13.0016193184   3.0000   3.0000
  1168      S     -5.5600442948     40.2441733163     15.9304144156   3.0000   3.0000
  1169      S     -6.7038917806     42.0793264961     13.0218765835   3.0000   3.0000
  1170      S     -8.7954032738     41.9998185327     15.9565041285   3.0000   3.0000
  1171      S     -9.9518951102     43.8283064829     13.0503783658   3.0000   3.0000
  1172      S    -12.0373381275     43.7432330296     15.9898835135   3.0000   3.0000
  1173      S    -13.2031424726     45.5601754392     13.0847466971   3.0000   3.0000
  1174      S    -15.2871678632     45.4713775244     16.0265761420   3.0000   3.0000
  1175      S     10.5698253181      0.4626453731     13.1199171868   3.0000   3.0000
  1176      S      8.4820895995      0.3730594711     16.0603890936   3.0000   3.0000
  1177      S     -9.1672040136     18.0053234677     13.0293366776   3.0000   3.0000
  1178      S     42.7893493141     17.9515455972     15.9427386918   3.0000   3.0000
  1179      S     41.6825112335     19.7403486098     13.0140335502   3.0000   3.0000
  1180      S     39.5880699968     19.6807575615     15.9273289819   3.0000   3.0000
  1181      S     38.4844307309     21.4802707288     13.0045181826   3.0000   3.0000
  1182      S     36.3879224491     21.4140033789     15.9181149817   3.0000   3.0000
  1183      S     35.2860356115     23.2211743575     13.0006754573   3.0000   3.0000
  1184      S     33.1837200514     23.1470997457     15.9153913067   3.0000   3.0000
  1185      S     32.0815582199     24.9588133370     13.0033157419   3.0000   3.0000
  1186      S     29.9711438838     24.8755791688     15.9201729150   3.0000   3.0000
  1187      S     28.8667936833     26.6888181667     13.0133946772   3.0000   3.0000
  1188      S     26.7460394894     26.5961048323     15.9325216590   3.0000   3.0000
  1189      S     25.6396081112     28.4071833406     13.0293497130   3.0000   3.0000
  1190      S     23.5070302359     28.3085761425     15.9484702020   3.0000   3.0000
  1191      S     22.4018291255     30.1143727807     13.0450510449   3.0000   3.0000
  1192      S     20.2564166674     30.0150711896     15.9610695186   3.0000   3.0000
  1193      S     19.1561252884     31.8146995824     13.0534034831   3.0000   3.0000
  1194      S     16.9998459084     31.7198568440     15.9641596034   3.0000   3.0000
  1195      S     15.9057361860     33.5159212299     13.0503762572   3.0000   3.0000
  1196      S     13.7439507857     33.4286219611     15.9564949408   3.0000   3.0000
  1197      S     12.6533167843     35.2263073186     13.0374572033   3.0000   3.0000
  1198      S     10.4935810733     35.1470125259     15.9418063226   3.0000   3.0000
  1199      S      9.4009809076     36.9524143001     13.0204380263   3.0000   3.0000
  1200      S      7.2503925078     36.8791959195     15.9270013790   3.0000   3.0000
  1201      S      6.1496456372     38.6962253891     13.0067276533   3.0000   3.0000
  1202      S      4.0124470437     38.6264755345     15.9181960920   3.0000   3.0000
  1203      S      2.8999582524     40.4546758343     13.0005871289   3.0000   3.0000
  1204      S      0.7759638482     40.3857825763     15.9176241966   3.0000   3.0000
  1205      S     -0.3491333084     42.2212566151     13.0026051005   3.0000   3.0000
  1206      S     -2.4609646733     42.1517414159     15.9253117095   3.0000   3.0000
  1207      S     -3.5986228612     43.9882504306     13.0123628075   3.0000   3.0000
  1208      S     -5.7003905155     43.9168931983     15.9410039508   3.0000   3.0000
  1209      S     -6.8500413859     45.7479660096     13.0293623029   3.0000   3.0000
  1210      S     -8.9435056596     45.6738497488     15.9641962518   3.0000   3.0000
  1211      S     16.9228301845      0.6823527147     13.0534420209   3.0000   3.0000
  1212      S     14.8345055361      0.6054969299     15.9934923814   3.0000   3.0000
  1213      S    -12.4672917301     23.4402365328     13.0087486231   3.0000   3.0000
  1214      S     39.4991445858     23.3751176329     15.9272225450   3.0000   3.0000
  1215      S     38.3894884180     25.1800891244     13.0103327595   3.0000   3.0000
  1216      S     36.2985019016     25.1049812250     15.9284741964   3.0000   3.0000
  1217      S     35.1889215195     26.9166970566     13.0172463261   3.0000   3.0000
  1218      S     33.0903275739     26.8301204921     15.9358340209   3.0000   3.0000
  1219      S     31.9791310674     28.6461689977     13.0303773727   3.0000   3.0000
  1220      S     29.8704374226     28.5477065234     15.9498274785   3.0000   3.0000
  1221      S     28.7572795871     30.3648447638     13.0491613414   3.0000   3.0000
  1222      S     26.6367134573     30.2574191947     15.9682506988   3.0000   3.0000
  1223      S     25.5237823236     32.0718799798     13.0688313622   3.0000   3.0000
  1224      S     23.3896289527     31.9608663810     15.9850379504   3.0000   3.0000
  1225      S     22.2806259688     33.7699973534     13.0824678074   3.0000   3.0000
  1226      S     20.1337508412     33.6617195207     15.9934376117   3.0000   3.0000
  1227      S     19.0312256189     35.4656602033     13.0847269295   3.0000   3.0000
  1228      S     16.8748173858     35.3645251231     15.9898612195   3.0000   3.0000
  1229      S     15.7781158018     37.1666354333     13.0744234121   3.0000   3.0000
  1230      S     13.6184143080     37.0747978109     15.9757444521   3.0000   3.0000
  1231      S     12.5233270381     38.8801966043     13.0554387518   3.0000   3.0000
  1232      S     10.3676407970     38.7976769926     15.9566635200   3.0000   3.0000
  1233      S      9.2679870019     40.6110342959     13.0346232542   3.0000   3.0000
  1234      S      7.1224809189     40.5361288913     15.9396927206   3.0000   3.0000
  1235      S      6.0131198691     42.3592575921     13.0185832274   3.0000   3.0000
  1236      S      3.8801760157     42.2897941381     15.9293332136   3.0000   3.0000
  1237      S      2.7594039658     44.1205688400     13.0100799469   3.0000   3.0000
  1238      S      0.6386702154     44.0548056795     15.9267615449   3.0000   3.0000
  1239      S     -0.4930513182     45.8884267224     13.0087676563   3.0000   3.0000
  1240      S     -2.6040036071     45.8242177329     15.9313463211   3.0000   3.0000
  1241      S     23.2809553239      0.8432403342     13.0140114363   3.0000   3.0000
  1242      S     21.1784056337      0.7791666715     15.9427335225   3.0000   3.0000
  1243      S    -15.7638368053     28.8794053330     13.0231417946   3.0000   3.0000
  1244      S     36.2022407179     28.7933287281     15.9466436388   3.0000   3.0000
  1245      S     35.0811018224     30.6102295048     13.0420532363   3.0000   3.0000
  1246      S     32.9854075584     30.5102540393     15.9653096410   3.0000   3.0000
  1247      S     31.8619123929     32.3300370674     13.0660592144   3.0000   3.0000
  1248      S     29.7550802139     32.2185044917     15.9882462463   3.0000   3.0000
  1249      S     28.6311741968     34.0375832940     13.0913851063   3.0000   3.0000
  1250      S     26.5109808442     33.9197589122     16.0102707926   3.0000   3.0000
  1251      S     25.3903591732     35.7346395864     13.1113729697   3.0000   3.0000
  1252      S     23.2565218075     35.6173199979     16.0246664469   3.0000   3.0000
  1253      S     22.1425060433     37.4264429356     13.1199302022   3.0000   3.0000
  1254      S     19.9963495678     37.3149300870     16.0264897435   3.0000   3.0000
  1255      S     18.8898613894     39.1195858770     13.1140933294   3.0000   3.0000
  1256      S     16.7359617080     39.0176210432     16.0148726016   3.0000   3.0000
  1257      S     15.6347463551     40.8214052618     13.0955234895   3.0000   3.0000
  1258      S     13.4792994832     40.7305059138     15.9935141100   3.0000   3.0000
  1259      S     12.3783166479     42.5379709166     13.0695048026   3.0000   3.0000
  1260      S     10.2282146094     42.4579212888     15.9689487670   3.0000   3.0000
  1261      S      9.1214725993     44.2723825851     13.0434700469   3.0000   3.0000
  1262      S      6.9816687726     44.2016742252     15.9478785149   3.0000   3.0000
  1263      S      5.8655896290     46.0235596466     13.0231964385   3.0000   3.0000
  1264      S      3.7374595346     45.9601374878     15.9338892504   3.0000   3.0000
  1265      S     29.6385306206      0.9751341368     13.0103404435   3.0000   3.0000
  1266      S     27.5203518551      0.9165894306     15.9272161093   3.0000   3.0000
  1267      S    -19.0950412483     34.2980034531     13.0737433863   3.0000   3.0000
  1268      S     32.8644959125     34.1876335311     16.0015099488   3.0000   3.0000
  1269      S     31.7280725796     36.0077671762     13.1056890177   3.0000   3.0000
  1270      S     29.6224684125     35.8891838475     16.0300750172   3.0000   3.0000
  1271      S     28.4883081894     37.7056845433     13.1331752181   3.0000   3.0000
  1272      S     26.3691533158     37.5852643436     16.0516453191   3.0000   3.0000
  1273      S     25.2414221714     39.3957604292     13.1494070449   3.0000   3.0000
  1274      S     23.1085154127     39.2792898718     16.0603203424   3.0000   3.0000
  1275      S     21.9896552166     41.0836957114     13.1501558994   3.0000   3.0000
  1276      S     19.8458722931     40.9759402488     16.0534679946   3.0000   3.0000
  1277      S     18.7354542345     42.7762581697     13.1348672432   3.0000   3.0000
  1278      S     16.5851759544     42.6796876749     16.0327564566   3.0000   3.0000
  1279      S     15.4797220720     44.4797532062     13.1072136955   3.0000   3.0000
  1280      S     13.3294263919     44.3953893109     16.0034456781   3.0000   3.0000
  1281      S     12.2238623900     46.1992300053     13.0737976651   3.0000   3.0000
  1282      S     10.0796944122     46.1266513498     15.9726019439   3.0000   3.0000
  1283      S     35.9953380258      1.1252322966     13.0421284807   3.0000   3.0000
  1284      S     33.8612769719      1.0626308285     15.9467242904   3.0000   3.0000
  1285      S    -22.4743674350     39.6785618937     13.1418305758   3.0000   3.0000
  1286      S     29.4740650127     39.5608775749     16.0677319999   3.0000   3.0000
  1287      S     28.3318996896     41.3695271150     13.1665153715   3.0000   3.0000
  1288      S     26.2136665329     41.2542586167     16.0846087935   3.0000   3.0000
  1289      S     25.0807424584     43.0553819041     13.1757500596   3.0000   3.0000
  1290      S     22.9496509810     42.9470042560     16.0850438961   3.0000   3.0000
  1291      S     21.8274405840     44.7421527355     13.1669707108   3.0000   3.0000
  1292      S     19.6863263967     44.6438970531     16.0684037192   3.0000   3.0000
  1293      S     18.5733261774     46.4355386835     13.1418158836   3.0000   3.0000
  1294      S     16.4274551989     46.3492054856     16.0384804498   3.0000   3.0000
  1295      S     42.3462719291      1.3302650453     13.1057249662   3.0000   3.0000
  1296      S     40.2017680514      1.2561790224     16.0015805909   3.0000   3.0000
  1297      S    -25.8862295696     45.0304207979     13.1850996498   3.0000   3.0000
  1298      S     26.0496091867     44.9262137174     16.1029570011   3.0000   3.0000
  1299      S     24.9140201609     46.7144221655     13.1850978111   3.0000   3.0000
  1300      S     22.7848233016     46.6191281009     16.0936940243   3.0000   3.0000
  1301      S     48.6877159966      1.5906416070     13.1665600218   3.0000   3.0000
  1302      S     46.5504478972      1.5057736934     16.0677275173   3.0000   3.0000
Atoms.SpeciesAndCoordinates>
MD.Type Nomd
