-6.4022221507 -6.4022221507 -6.4008286787 -6.4008286786 -6.3994619798 -6.3994619798 -6.3825222336 -6.3825222336 -6.3821195551 -6.3821195551 -6.3817660314 -6.3817660314 -6.3729311624 -6.3729311624 -6.3723241862 -6.3723241862 -6.3717713703 -6.3717713703 -6.3689891628 -6.3689891628 -6.3688085391 -6.3688085391 -6.3685427640 -6.3685427640 -6.2269214090 -6.2269214090 -6.2261717291 -6.2261717291 -6.2257967534 -6.2257967534 -6.2160907302 -6.2160907302 -6.2143618333 -6.2143618332 -6.2105928647 -6.2105928647 -6.1820608453 -6.1820608453 -6.1815314699 -6.1815314699 -6.1808819106 -6.1808819106 -6.1766411160 -6.1766411160 -6.1727850346 -6.1727850346 -6.1725005052 -6.1725005052 -6.0974485941 -6.0974485941 -6.0973935683 -6.0973935683 -6.0972218238 -6.0972218238 -6.0919624151 -6.0919624151 -6.0902629039 -6.0902629039 -6.0901983078 -6.0901983078 -6.0861216750 -6.0861216750 -6.0859089409 -6.0859089409 -6.0836930882 -6.0836930882 -6.0799116824 -6.0799116824 -6.0772575031 -6.0772575031 -6.0756716537 -6.0756716537 -6.0504842438 -6.0504842438 -6.0470471796 -6.0470471796 -6.0459339418 -6.0459339418 -6.0397512066 -6.0397512066 -6.0383391945 -6.0383391945 -6.0366874489 -6.0366874489 -6.0180560783 -6.0180560783 -6.0149751051 -6.0149751051 -6.0122014003 -6.0122014003 -6.0062114832 -6.0062114832 -6.0041746362 -6.0041746362 -5.9886697956 -5.9886697956 -5.9796567148 -5.9796567148 -5.9765605919 -5.9765605919 -5.9753603258 -5.9753603258 -5.9745746045 -5.9745746045 -5.9668631152 -5.9668631152 -5.9654871406 -5.9654871406 -5.9613089243 -5.9613089243 -5.9607438946 -5.9607438946 -5.9601522829 -5.9601522829 -5.9585223036 -5.9585223035 -5.9539494025 -5.9539494025 -5.9510230801 -5.9510230801 -5.9509251419 -5.9509251419 -5.9454906723 -5.9454906723 -5.9431971675 -5.9431971675 -5.9430658338 -5.9430658338 -5.9400675278 -5.9400675278 -5.9387041009 -5.9387041009 -5.9381344534 -5.9381344534 -5.9212520571 -5.9212520571 -5.9185887385 -5.9185887385 -5.9172699818 -5.9172699818 -5.9150592589 -5.9150592589 -5.9140434602 -5.9140434602 -5.9119019529 -5.9119019529 -5.8828329154 -5.8828329154 -5.8811751389 -5.8811751389 -5.8789014185 -5.8789014185 -5.8720506106 -5.8720506106 -5.8679859088 -5.8679859088 -5.8646851610 -5.8646851610 -5.8533535378 -5.8533535378 -5.8530562535 -5.8530562535 -5.8440347971 -5.8440347971 -5.8414986838 -5.8414986838 -5.8365613693 -5.8365613693 -5.8328686116 -5.8328686116 -5.8286387695 -5.8286387695 -5.8232625569 -5.8232625569 -5.8202593786 -5.8202593786 -5.8115215594 -5.8115215594 -5.8046774322 -5.8046774322 -5.7962040952 -5.7962040952 -5.7535266450 -5.7535266450 -5.7307014968 -5.7307014968
-6.4065281094 -6.4049726998 -6.4009099417 -6.4008964844 -6.3966199176 -6.3950740897 -6.3869333439 -6.3865042056 -6.3822297394 -6.3822166370 -6.3777107026 -6.3772966322 -6.3772392264 -6.3765915876 -6.3734625549 -6.3731813051 -6.3723536752 -6.3723480830 -6.3688940224 -6.3688736130 -6.3679468785 -6.3673144345 -6.3643659342 -6.3640646707 -6.2315247866 -6.2302837347 -6.2271015294 -6.2269614924 -6.2221319345 -6.2219260906 -6.2193028325 -6.2169332934 -6.2135961073 -6.2130044014 -6.2103374893 -6.2070315876 -6.1867274890 -6.1865667175 -6.1826525665 -6.1815218042 -6.1799607374 -6.1784861990 -6.1766020231 -6.1764180133 -6.1742495174 -6.1732276323 -6.1690001637 -6.1672432223 -6.1000096804 -6.0996091846 -6.0980653642 -6.0979778614 -6.0952553829 -6.0951485335 -6.0934668676 -6.0926900736 -6.0911611320 -6.0906250650 -6.0891097426 -6.0883180736 -6.0881846107 -6.0866697857 -6.0855939149 -6.0842835331 -6.0834287574 -6.0832061149 -6.0801163183 -6.0798504987 -6.0781320331 -6.0768607436 -6.0754050335 -6.0734491523 -6.0525206864 -6.0513000706 -6.0478000400 -6.0468763160 -6.0452101282 -6.0451805690 -6.0411904751 -6.0407060047 -6.0384088408 -6.0379178850 -6.0353493913 -6.0341818759 -6.0204091565 -6.0175188413 -6.0165001229 -6.0138687703 -6.0116326404 -6.0115596777 -6.0064451651 -6.0062403612 -6.0044394797 -6.0031031554 -5.9894837122 -5.9878383869 -5.9807095864 -5.9800391312 -5.9772867090 -5.9770525808 -5.9758294459 -5.9747984342 -5.9736514479 -5.9733075711 -5.9678518662 -5.9666872465 -5.9654696121 -5.9651358118 -5.9624144498 -5.9619292382 -5.9608579432 -5.9607396634 -5.9598716045 -5.9596916735 -5.9582349271 -5.9576838134 -5.9543997251 -5.9542557301 -5.9524908982 -5.9515823505 -5.9500661734 -5.9492813086 -5.9465315868 -5.9459518145 -5.9440686263 -5.9436181317 -5.9417879440 -5.9414809631 -5.9412079335 -5.9406662137 -5.9389421003 -5.9387031608 -5.9367621097 -5.9367023792 -5.9230150697 -5.9207467545 -5.9189502815 -5.9187240043 -5.9180186659 -5.9168285619 -5.9154441019 -5.9146216574 -5.9137470219 -5.9136555292 -5.9119547491 -5.9103794745 -5.8836948561 -5.8835151499 -5.8817534785 -5.8802798168 -5.8796190014 -5.8777461788 -5.8729731840 -5.8711580747 -5.8680367510 -5.8680286691 -5.8652402891 -5.8640387311 -5.8551872465 -5.8543524034 -5.8523182285 -5.8514059859 -5.8450341997 -5.8434743138 -5.8416770566 -5.8414800181 -5.8368657512 -5.8364394013 -5.8337115263 -5.8315566418 -5.8288346828 -5.8284396567 -5.8243449632 -5.8218997508 -5.8208805104 -5.8195326227 -5.8114424658 -5.8113913133 -5.8053955535 -5.8040418131 -5.7968931283 -5.7951914360 -5.7535812035 -5.7535772863 -5.7307625241 -5.7307270542
-6.4112506847 -6.4096528474 -6.4009731455 -6.4009561417 -6.3918354991 -6.3914986689 -6.3910887020 -6.3902630460 -6.3823980149 -6.3823395860 -6.3817788039 -6.3811173831 -6.3779187427 -6.3776486061 -6.3731426264 -6.3727174394 -6.3723612331 -6.3723019909 -6.3689182647 -6.3689012263 -6.3633288936 -6.3627076813 -6.3597981635 -6.3594915399 -6.2367228247 -6.2348413236 -6.2289414626 -6.2287346852 -6.2227441102 -6.2202698079 -6.2182566873 -6.2180334061 -6.2120069806 -6.2114945428 -6.2062303483 -6.2026811195 -6.1919091921 -6.1917336353 -6.1869548233 -6.1845012149 -6.1807098303 -6.1806187439 -6.1750606768 -6.1746336159 -6.1702914617 -6.1700826394 -6.1640154289 -6.1617011060 -6.1029138973 -6.1021968461 -6.0996576551 -6.0995303346 -6.0953471477 -6.0952408046 -6.0934465033 -6.0932489135 -6.0918749550 -6.0914319228 -6.0902169248 -6.0881285414 -6.0872894418 -6.0859995265 -6.0849771111 -6.0845758457 -6.0823524098 -6.0811964768 -6.0809385020 -6.0803130409 -6.0773297004 -6.0754342680 -6.0737915071 -6.0707244876 -6.0555562391 -6.0539088251 -6.0490177078 -6.0478268452 -6.0456157522 -6.0448109231 -6.0413487766 -6.0412834669 -6.0372762181 -6.0371364030 -6.0321457034 -6.0312202012 -6.0232715553 -6.0200407687 -6.0167916218 -6.0139963591 -6.0109071391 -6.0098554815 -6.0064408321 -6.0062527080 -6.0039838327 -6.0017360339 -5.9902583324 -5.9870348940 -5.9826121844 -5.9815936774 -5.9784292448 -5.9779558221 -5.9756039277 -5.9739734919 -5.9722911248 -5.9716011547 -5.9688402917 -5.9673554875 -5.9656066732 -5.9645898295 -5.9637994720 -5.9633938733 -5.9609369250 -5.9606825749 -5.9596787865 -5.9594059672 -5.9570807040 -5.9565196459 -5.9553060156 -5.9552829110 -5.9534593804 -5.9519034884 -5.9491204795 -5.9480401803 -5.9478761274 -5.9471115828 -5.9443706408 -5.9437124153 -5.9424858575 -5.9422205988 -5.9401161238 -5.9395633608 -5.9382017296 -5.9381229318 -5.9348098495 -5.9346782070 -5.9251646776 -5.9215158814 -5.9206227889 -5.9200931416 -5.9170367101 -5.9167833599 -5.9156999127 -5.9151185918 -5.9124222152 -5.9121020195 -5.9106446491 -5.9084431412 -5.8854420033 -5.8850341152 -5.8821906996 -5.8810424643 -5.8786828225 -5.8766417022 -5.8738064587 -5.8704016593 -5.8681556552 -5.8681347841 -5.8656947166 -5.8633472769 -5.8571958486 -5.8554968229 -5.8519202298 -5.8502087251 -5.8458321543 -5.8438298148 -5.8422537106 -5.8412621086 -5.8370464346 -5.8369259087 -5.8330373897 -5.8310232304 -5.8296676824 -5.8273054897 -5.8244209838 -5.8226253470 -5.8193223553 -5.8190792039 -5.8112553324 -5.8109842529 -5.8061185559 -5.8035252521 -5.7971459408 -5.7939477279 -5.7537406441 -5.7537328883 -5.7309200104 -5.7308644899
-6.4159742365 -6.4143606267 -6.4010783220 -6.4010535950 -6.3960361535 -6.3956540058 -6.3869754287 -6.3864519167 -6.3857128260 -6.3854132830 -6.3826677956 -6.3825212109 -6.3821329368 -6.3819828530 -6.3725221705 -6.3725163694 -6.3691073199 -6.3690794452 -6.3682920513 -6.3678236249 -6.3586506214 -6.3580638697 -6.3552006902 -6.3548918139 -6.2421509744 -6.2396401714 -6.2313360352 -6.2311077866 -6.2260759610 -6.2238406580 -6.2147840732 -6.2144353581 -6.2100474426 -6.2096186866 -6.2013835531 -6.1980708693 -6.1971044578 -6.1967979354 -6.1920997344 -6.1898775293 -6.1806249689 -6.1805574894 -6.1747851627 -6.1744194245 -6.1653151333 -6.1648636524 -6.1587845181 -6.1561490465 -6.1060128209 -6.1050280032 -6.1017095089 -6.1015665426 -6.0982419590 -6.0971390205 -6.0935100475 -6.0930061699 -6.0921209374 -6.0918271549 -6.0915782447 -6.0898211127 -6.0857545409 -6.0851572026 -6.0837472166 -6.0833857356 -6.0823219269 -6.0821345446 -6.0799738546 -6.0780903700 -6.0751136256 -6.0737878488 -6.0718816891 -6.0678125313 -6.0589774154 -6.0570392958 -6.0505896110 -6.0493261828 -6.0475774631 -6.0466676752 -6.0397256872 -6.0395578272 -6.0361868043 -6.0354991889 -6.0287999122 -6.0282615356 -6.0262772779 -6.0229013018 -6.0176989266 -6.0147077423 -6.0112823811 -6.0079694955 -6.0063900129 -6.0053161629 -6.0030596427 -6.0004298119 -5.9909109099 -5.9865002843 -5.9848214715 -5.9834887646 -5.9795628592 -5.9790250217 -5.9753543570 -5.9731557320 -5.9714336335 -5.9708000353 -5.9689448487 -5.9680347542 -5.9659602660 -5.9657831372 -5.9650210415 -5.9634527117 -5.9611448159 -5.9610709538 -5.9596539300 -5.9590986600 -5.9572152485 -5.9566775086 -5.9552071989 -5.9550655222 -5.9538547007 -5.9520453094 -5.9497532347 -5.9489886898 -5.9479866227 -5.9460757981 -5.9451518673 -5.9447132771 -5.9425406060 -5.9423341105 -5.9388466456 -5.9386292832 -5.9367907512 -5.9364216707 -5.9327897711 -5.9324846703 -5.9274804005 -5.9227953824 -5.9225479551 -5.9214307951 -5.9178232404 -5.9171531930 -5.9150214946 -5.9140798505 -5.9109572428 -5.9105199655 -5.9087402437 -5.9063564715 -5.8874729974 -5.8869760527 -5.8829005315 -5.8821559503 -5.8779458764 -5.8758358628 -5.8743819312 -5.8699742492 -5.8682800459 -5.8681383730 -5.8661108412 -5.8626830791 -5.8589735843 -5.8565669640 -5.8523425329 -5.8499835045 -5.8461559757 -5.8445883261 -5.8429318603 -5.8413165829 -5.8372321632 -5.8369734836 -5.8323915407 -5.8309443138 -5.8301395361 -5.8256852288 -5.8238152911 -5.8236891964 -5.8188876613 -5.8172599452 -5.8110916575 -5.8102725670 -5.8067750209 -5.8030478356 -5.7969195573 -5.7925288541 -5.7540049645 -5.7539918953 -5.7312072513 -5.7311455678
-6.4206752515 -6.4190489436 -6.4013416251 -6.4012661988 -6.4004332269 -6.4001272490 -6.3909725327 -6.3902238207 -6.3868477830 -6.3865955902 -6.3827893312 -6.3826644929 -6.3818531328 -6.3804065685 -6.3726205924 -6.3726160980 -6.3691800991 -6.3691521294 -6.3636835968 -6.3631690832 -6.3539491809 -6.3534028801 -6.3505748701 -6.3502670738 -6.2477265493 -6.2446241031 -6.2340124580 -6.2337866592 -6.2293879050 -6.2274241432 -6.2115826911 -6.2111807350 -6.2080349019 -6.2076633294 -6.2022942490 -6.2018715925 -6.1973649771 -6.1961424763 -6.1953785731 -6.1931213106 -6.1803333834 -6.1803306326 -6.1746233722 -6.1743173326 -6.1601453719 -6.1595329799 -6.1535039802 -6.1506087601 -6.1092384289 -6.1080506254 -6.1040247301 -6.1038733744 -6.1013208851 -6.0992131818 -6.0954031148 -6.0949458927 -6.0940304152 -6.0921682112 -6.0903299296 -6.0901232760 -6.0855394596 -6.0850221969 -6.0829613925 -6.0827874949 -6.0814273739 -6.0811204318 -6.0778988449 -6.0754580039 -6.0727420020 -6.0721393529 -6.0696907280 -6.0648105473 -6.0626385443 -6.0604436764 -6.0523062349 -6.0512080752 -6.0495419231 -6.0489455088 -6.0378909147 -6.0374045562 -6.0350147645 -6.0337534156 -6.0297732250 -6.0263469433 -6.0250028611 -6.0249411962 -6.0189266304 -6.0156993707 -6.0124862340 -6.0074265438 -6.0052329141 -6.0041373399 -6.0016327256 -5.9993627410 -5.9913345989 -5.9872720626 -5.9870515710 -5.9844515576 -5.9807368916 -5.9803119772 -5.9753058774 -5.9728013418 -5.9713938838 -5.9713006379 -5.9685519975 -5.9683145919 -5.9673394331 -5.9667671988 -5.9653632840 -5.9633238624 -5.9618036808 -5.9610345658 -5.9598927095 -5.9598700116 -5.9584537678 -5.9571980442 -5.9545266370 -5.9538320173 -5.9532285186 -5.9521133723 -5.9511161304 -5.9500741203 -5.9472004640 -5.9471337991 -5.9460569608 -5.9440439593 -5.9418102166 -5.9417349607 -5.9379324931 -5.9378622954 -5.9348716480 -5.9342748593 -5.9307293051 -5.9302666509 -5.9298248597 -5.9250595540 -5.9236541860 -5.9227436004 -5.9187040728 -5.9182289677 -5.9135674207 -5.9128452562 -5.9094376573 -5.9090032393 -5.9065242569 -5.9042023707 -5.8896947295 -5.8891626456 -5.8838668783 -5.8834915367 -5.8779025585 -5.8755220492 -5.8745142990 -5.8700978772 -5.8683818239 -5.8678890263 -5.8665100464 -5.8621764068 -5.8602489148 -5.8574185272 -5.8534389139 -5.8508890353 -5.8464787450 -5.8455148685 -5.8431901538 -5.8414658926 -5.8372009117 -5.8369044816 -5.8333271042 -5.8307634268 -5.8287240110 -5.8256943118 -5.8231305419 -5.8229354886 -5.8187846759 -5.8152360194 -5.8109860669 -5.8093414444 -5.8073010077 -5.8024156716 -5.7962894552 -5.7909723870 -5.7543748110 -5.7543511375 -5.7316507370 -5.7315843211
-6.4253489865 -6.4237101313 -6.4051392917 -6.4048041196 -6.4013294977 -6.4012926990 -6.3954670321 -6.3947102282 -6.3912462617 -6.3910068479 -6.3829234707 -6.3828650748 -6.3770677222 -6.3755258739 -6.3727448490 -6.3727283109 -6.3693487840 -6.3693135894 -6.3589776413 -6.3584486980 -6.3492295770 -6.3487286837 -6.3459215825 -6.3456181201 -6.2533982290 -6.2497458661 -6.2368685464 -6.2366576188 -6.2327015507 -6.2310066086 -6.2090197872 -6.2086552726 -6.2074050704 -6.2073083162 -6.2056092360 -6.2051720083 -6.2022761074 -6.2008025980 -6.1908298338 -6.1881935547 -6.1800035855 -6.1798905984 -6.1744793467 -6.1741989028 -6.1549389470 -6.1541776836 -6.1482277776 -6.1450918426 -6.1125499109 -6.1112176799 -6.1065246302 -6.1063659451 -6.1045222181 -6.1015269661 -6.0975089488 -6.0971295918 -6.0958694102 -6.0944763402 -6.0889474242 -6.0887563534 -6.0866260944 -6.0862127362 -6.0816550018 -6.0815668771 -6.0798525059 -6.0794592995 -6.0754027782 -6.0729123392 -6.0705413366 -6.0703795360 -6.0671884239 -6.0664654307 -6.0640694949 -6.0617245409 -6.0540834991 -6.0532987224 -6.0513748854 -6.0512067729 -6.0362267915 -6.0353407142 -6.0339722545 -6.0330587481 -6.0320077259 -6.0290436122 -6.0222189708 -6.0219286674 -6.0202032070 -6.0166943105 -6.0141238519 -6.0079461592 -6.0035120745 -6.0031024779 -5.9998415882 -5.9985839899 -5.9917298115 -5.9894069150 -5.9888734703 -5.9845445607 -5.9818221541 -5.9817439050 -5.9755606275 -5.9732855762 -5.9721338494 -5.9715863785 -5.9698859208 -5.9690270605 -5.9680538538 -5.9674767358 -5.9643459913 -5.9639140818 -5.9625822991 -5.9614196442 -5.9607252738 -5.9603832443 -5.9592867810 -5.9576467341 -5.9538199139 -5.9531442652 -5.9525883727 -5.9519738275 -5.9514707023 -5.9504938080 -5.9485411389 -5.9479622967 -5.9458493768 -5.9427290506 -5.9409820911 -5.9405991905 -5.9371095374 -5.9370389771 -5.9327480064 -5.9324621964 -5.9319265643 -5.9286662291 -5.9278803914 -5.9274019129 -5.9247112149 -5.9239793328 -5.9195754178 -5.9192431804 -5.9121148540 -5.9115336008 -5.9078916266 -5.9074807266 -5.9041736044 -5.9020230869 -5.8920827225 -5.8915134970 -5.8850591098 -5.8849997552 -5.8785380748 -5.8758082187 -5.8743568916 -5.8706204454 -5.8684027896 -5.8682399004 -5.8662873888 -5.8620403087 -5.8608771861 -5.8578433800 -5.8548049915 -5.8525462483 -5.8473091479 -5.8466622472 -5.8428554309 -5.8416128854 -5.8375584298 -5.8367038441 -5.8341399913 -5.8304248779 -5.8269701853 -5.8268798094 -5.8220169168 -5.8213986895 -5.8185330836 -5.8135150264 -5.8107831754 -5.8083831071 -5.8075500549 -5.8014403308 -5.7953772783 -5.7893073333 -5.7548504846 -5.7548070448 -5.7322605870 -5.7321792789
-6.4299945584 -6.4283426067 -6.4096240219 -6.4093160716 -6.4015995537 -6.4015403127 -6.3998909355 -6.3991503739 -6.3956189135 -6.3953909520 -6.3832363979 -6.3831673431 -6.3730089819 -6.3729668123 -6.3720120634 -6.3705300583 -6.3695374620 -6.3694838773 -6.3542454696 -6.3537039266 -6.3444947992 -6.3440433866 -6.3412421135 -6.3409458490 -6.2591337588 -6.2549679622 -6.2398913741 -6.2396903756 -6.2360194486 -6.2345948046 -6.2128295129 -6.2124949109 -6.2087673745 -6.2068671380 -6.2054899433 -6.2051637182 -6.2031670224 -6.2028642517 -6.1854691539 -6.1834547547 -6.1795549417 -6.1791062187 -6.1743190002 -6.1740256618 -6.1497298353 -6.1488201491 -6.1429799942 -6.1396074975 -6.1159233525 -6.1144932019 -6.1091747052 -6.1090065031 -6.1077996690 -6.1041161937 -6.0998508293 -6.0995281543 -6.0975525813 -6.0965787575 -6.0880154008 -6.0877293990 -6.0875311221 -6.0874056666 -6.0802390975 -6.0801067638 -6.0783144144 -6.0779057142 -6.0726883148 -6.0707461526 -6.0703528019 -6.0690879388 -6.0678952237 -6.0676520240 -6.0644274015 -6.0586818629 -6.0558836007 -6.0554382603 -6.0534833541 -6.0530797495 -6.0371012513 -6.0343484948 -6.0339738765 -6.0331703608 -6.0311415339 -6.0305515950 -6.0217983910 -6.0203070228 -6.0183707867 -6.0172013657 -6.0157254759 -6.0088505386 -6.0021869425 -6.0020441563 -5.9980323102 -5.9979871429 -5.9930689694 -5.9917248752 -5.9893045347 -5.9853217825 -5.9834093488 -5.9821184806 -5.9761016301 -5.9743024632 -5.9729355501 -5.9726921230 -5.9709945149 -5.9707595867 -5.9689109924 -5.9675850211 -5.9646331234 -5.9643654259 -5.9631497228 -5.9628815117 -5.9610074325 -5.9602724477 -5.9596847971 -5.9575957369 -5.9544006109 -5.9538457196 -5.9517315137 -5.9511809708 -5.9505290375 -5.9502403669 -5.9493173746 -5.9492866535 -5.9449126372 -5.9416019917 -5.9401180250 -5.9390984769 -5.9364008236 -5.9361768384 -5.9346937860 -5.9306022894 -5.9298030701 -5.9297760927 -5.9267766704 -5.9257416020 -5.9254771003 -5.9249531169 -5.9204106438 -5.9201729625 -5.9106779653 -5.9101761801 -5.9063314250 -5.9059354803 -5.9017786602 -5.8998491191 -5.8946170085 -5.8939747025 -5.8866867113 -5.8863793505 -5.8795832909 -5.8766846143 -5.8742811334 -5.8713748809 -5.8692443165 -5.8683227417 -5.8655361056 -5.8623742445 -5.8610041208 -5.8578091480 -5.8561247416 -5.8544486216 -5.8484670108 -5.8479435993 -5.8424485537 -5.8421942265 -5.8378263319 -5.8369377374 -5.8340543518 -5.8300608076 -5.8282530420 -5.8254196246 -5.8210621734 -5.8197233775 -5.8178355044 -5.8126204532 -5.8099818325 -5.8080932418 -5.8068516776 -5.8000273741 -5.7942793599 -5.7875562635 -5.7554314215 -5.7553561509 -5.7330342854 -5.7329243764
-6.4346124724 -6.4329466765 -6.4141077873 -6.4138291188 -6.4044593129 -6.4036879321 -6.4017567283 -6.4017065029 -6.3999358868 -6.3997223666 -6.3836146181 -6.3835347396 -6.3731283968 -6.3731222825 -6.3698397112 -6.3697948293 -6.3670425887 -6.3654910853 -6.3494920771 -6.3489391741 -6.3397472577 -6.3393482237 -6.3365383733 -6.3362514906 -6.2649124891 -6.2602622857 -6.2431148596 -6.2428834598 -6.2393339009 -6.2381877843 -6.2178797098 -6.2174060538 -6.2137671753 -6.2120165972 -6.2035326235 -6.2032006244 -6.2010221804 -6.2007079732 -6.1806972020 -6.1803819516 -6.1785618878 -6.1766587791 -6.1740331376 -6.1736792188 -6.1445340864 -6.1434733179 -6.1377754330 -6.1341644172 -6.1193443480 -6.1178516194 -6.1119733872 -6.1117783661 -6.1111003615 -6.1069655810 -6.1023801363 -6.1021003524 -6.0991239132 -6.0984576316 -6.0893829705 -6.0890861262 -6.0863340022 -6.0861651035 -6.0788316039 -6.0786740673 -6.0768458038 -6.0764554729 -6.0744898863 -6.0717943114 -6.0699082005 -6.0688104618 -6.0672098703 -6.0651738590 -6.0615238658 -6.0577637496 -6.0575490963 -6.0559997022 -6.0552437297 -6.0548152732 -6.0405292383 -6.0366889092 -6.0326708579 -6.0325032096 -6.0304931715 -6.0294949931 -6.0228969237 -6.0201542900 -6.0185341827 -6.0152677129 -6.0147801926 -6.0099265249 -6.0013528076 -6.0010278458 -5.9975959378 -5.9968431383 -5.9949999345 -5.9933472302 -5.9890392335 -5.9868471809 -5.9846722257 -5.9819992216 -5.9768561117 -5.9755120833 -5.9745379369 -5.9739115700 -5.9726070325 -5.9718002313 -5.9700018715 -5.9685042718 -5.9652708399 -5.9652107522 -5.9644251016 -5.9639381242 -5.9609037479 -5.9602974743 -5.9593362066 -5.9567682805 -5.9554680663 -5.9548963410 -5.9519012191 -5.9509162358 -5.9503942313 -5.9499431411 -5.9485911507 -5.9484128752 -5.9438853946 -5.9405776125 -5.9392335328 -5.9375614863 -5.9374651168 -5.9352941869 -5.9351154429 -5.9322538139 -5.9284387772 -5.9277427946 -5.9268178951 -5.9261440750 -5.9241920946 -5.9232099297 -5.9211731788 -5.9209427686 -5.9092541986 -5.9087875385 -5.9047788913 -5.9043793566 -5.8994867561 -5.8978920895 -5.8970819039 -5.8964041911 -5.8884399463 -5.8878525730 -5.8808931697 -5.8780420782 -5.8744560741 -5.8723077602 -5.8703445298 -5.8682403573 -5.8649178122 -5.8629524457 -5.8608698968 -5.8580774886 -5.8571255112 -5.8557629087 -5.8497371932 -5.8492643682 -5.8434346637 -5.8424547281 -5.8377447308 -5.8371647482 -5.8334845880 -5.8301698265 -5.8290439344 -5.8246870839 -5.8200246481 -5.8182244429 -5.8165298003 -5.8124559322 -5.8086260540 -5.8079819817 -5.8056823793 -5.7981788875 -5.7930546925 -5.7857365036 -5.7561163636 -5.7559945553 -5.7339639538 -5.7338130245
-6.4392039551 -6.4375235422 -6.4185836665 -6.4183353767 -6.4088576212 -6.4080699273 -6.4043393403 -6.4041284041 -6.4019833299 -6.4019226976 -6.3840573025 -6.3839667502 -6.3733346415 -6.3733250308 -6.3701195896 -6.3700712597 -6.3620385920 -6.3604855206 -6.3447203915 -6.3441571359 -6.3349890503 -6.3346437731 -6.3318129417 -6.3315367334 -6.2707208206 -6.2656082941 -6.2465694094 -6.2462565494 -6.2426440664 -6.2417763198 -6.2229113929 -6.2223472354 -6.2189930970 -6.2174194352 -6.2017440134 -6.2014883444 -6.1986698486 -6.1983473427 -6.1793768728 -6.1791502470 -6.1754530301 -6.1743763956 -6.1721457161 -6.1714302698 -6.1393638207 -6.1381487524 -6.1326252178 -6.1287716222 -6.1228038394 -6.1212751120 -6.1149982172 -6.1146678004 -6.1143132006 -6.1100262152 -6.1050493089 -6.1047968892 -6.1006336648 -6.1001757264 -6.0907886254 -6.0905139528 -6.0850841209 -6.0849220013 -6.0786356557 -6.0774559446 -6.0773108498 -6.0756630079 -6.0754319029 -6.0750683430 -6.0676361500 -6.0672976749 -6.0652364845 -6.0622832075 -6.0597478205 -6.0594993317 -6.0585784675 -6.0578821753 -6.0565096958 -6.0524427904 -6.0441265427 -6.0399421192 -6.0327629327 -6.0317657321 -6.0291206419 -6.0290156685 -6.0234816171 -6.0211591962 -6.0196255156 -6.0132155221 -6.0125151102 -6.0101923808 -6.0008412380 -6.0006435310 -5.9979283796 -5.9977357871 -5.9960474006 -5.9926901464 -5.9897629191 -5.9886537906 -5.9846239483 -5.9818941549 -5.9778420075 -5.9769872120 -5.9763605562 -5.9750965720 -5.9743295026 -5.9728599305 -5.9714079496 -5.9699707269 -5.9666219654 -5.9664712515 -5.9653748289 -5.9641055559 -5.9615772702 -5.9604536580 -5.9577705197 -5.9568894209 -5.9560356279 -5.9553567978 -5.9530617368 -5.9522254029 -5.9492195959 -5.9491594505 -5.9473259848 -5.9466266838 -5.9427673473 -5.9400831189 -5.9396048325 -5.9381648399 -5.9359457239 -5.9348301881 -5.9343312834 -5.9340975970 -5.9280637013 -5.9275714536 -5.9258363775 -5.9250806158 -5.9225069533 -5.9222725005 -5.9215594859 -5.9202869871 -5.9078516706 -5.9073808751 -5.9033327834 -5.9028680103 -5.9000539233 -5.8995744018 -5.8964884646 -5.8955006563 -5.8902338508 -5.8894014384 -5.8824111143 -5.8797244275 -5.8748899876 -5.8733767005 -5.8714427886 -5.8683490216 -5.8648730829 -5.8634965177 -5.8605399761 -5.8596272760 -5.8575949559 -5.8555665923 -5.8510011452 -5.8505613915 -5.8451203810 -5.8430069870 -5.8373371051 -5.8372708130 -5.8328346515 -5.8311344044 -5.8289275261 -5.8245810394 -5.8189828893 -5.8169634157 -5.8147917882 -5.8123981421 -5.8075834280 -5.8072171138 -5.8044510715 -5.7959668353 -5.7917341431 -5.7838617813 -5.7569032042 -5.7567174177 -5.7350413523 -5.7348378842
-6.4437707190 -6.4420749783 -6.4230520531 -6.4228347709 -6.4132525517 -6.4124574796 -6.4086005728 -6.4083941482 -6.4023267727 -6.4022600888 -6.3845662856 -6.3844653220 -6.3735663995 -6.3735523090 -6.3704421406 -6.3703919293 -6.3570004835 -6.3554532105 -6.3399331972 -6.3393603970 -6.3302220558 -6.3299300572 -6.3270690136 -6.3268038002 -6.2765495271 -6.2709910671 -6.2502503529 -6.2498435358 -6.2459672329 -6.2453526763 -6.2279023288 -6.2272694464 -6.2242238668 -6.2228001316 -6.2002373696 -6.2000355033 -6.1963317227 -6.1960110810 -6.1787763031 -6.1785887909 -6.1743713606 -6.1740800478 -6.1675626869 -6.1663885234 -6.1342308249 -6.1328594397 -6.1275390801 -6.1262958382 -6.1247511232 -6.1234393147 -6.1183072688 -6.1176371400 -6.1173824830 -6.1132450120 -6.1078284250 -6.1075889806 -6.1021117434 -6.1017944984 -6.0922050387 -6.0919334723 -6.0838520188 -6.0836893685 -6.0827990990 -6.0796499507 -6.0761525329 -6.0759893988 -6.0740942677 -6.0737603518 -6.0661317031 -6.0660699406 -6.0626615870 -6.0618233398 -6.0613985266 -6.0598683943 -6.0593527082 -6.0583141539 -6.0554178664 -6.0493940790 -6.0477267669 -6.0433413173 -6.0338675208 -6.0319423392 -6.0290883632 -6.0282473475 -6.0232697201 -6.0227919705 -6.0191928139 -6.0136929634 -6.0102687530 -6.0080152082 -6.0017056455 -6.0016113775 -5.9985145684 -5.9983159901 -5.9958619809 -5.9916980568 -5.9914893007 -5.9899604295 -5.9834935684 -5.9820018041 -5.9792204082 -5.9790098747 -5.9776489892 -5.9765822517 -5.9755631817 -5.9742837702 -5.9730005911 -5.9715180033 -5.9682835387 -5.9680437507 -5.9659246475 -5.9643452772 -5.9618230690 -5.9606079007 -5.9580112104 -5.9572370709 -5.9561330019 -5.9543266836 -5.9541381703 -5.9533949092 -5.9484831359 -5.9480796272 -5.9459106278 -5.9448262551 -5.9425233735 -5.9414391215 -5.9387606106 -5.9372374997 -5.9372056397 -5.9344581782 -5.9335106684 -5.9330488127 -5.9287622239 -5.9283928342 -5.9238964257 -5.9232973671 -5.9226957837 -5.9224743998 -5.9197982851 -5.9180729510 -5.9065343337 -5.9059989804 -5.9035837230 -5.9024905443 -5.9011757511 -5.9009198042 -5.8942643427 -5.8935915901 -5.8919539754 -5.8908452346 -5.8841040167 -5.8815848470 -5.8755412359 -5.8745440815 -5.8725756516 -5.8688413640 -5.8655478237 -5.8639928223 -5.8613398217 -5.8600461385 -5.8575474907 -5.8549087925 -5.8521480703 -5.8517431757 -5.8470230264 -5.8439215663 -5.8373763592 -5.8369353448 -5.8322748308 -5.8320338255 -5.8287119693 -5.8247715167 -5.8180279705 -5.8159958480 -5.8130329229 -5.8121649000 -5.8067275264 -5.8059164687 -5.8031839115 -5.7935044547 -5.7903238908 -5.7819440948 -5.7577885330 -5.7575184205 -5.7362588835 -5.7359910187
-6.4483148644 -6.4466032053 -6.4275144860 -6.4273280001 -6.4176294586 -6.4168275874 -6.4128419245 -6.4126398640 -6.4026891971 -6.4026138681 -6.3851438722 -6.3850328535 -6.3738210263 -6.3738008644 -6.3707971739 -6.3707469446 -6.3519427473 -6.3504034840 -6.3351334882 -6.3345517429 -6.3254480222 -6.3252066083 -6.3223102794 -6.3220554755 -6.2823921806 -6.2763997388 -6.2541347148 -6.2536600005 -6.2493350908 -6.2489223315 -6.2328515168 -6.2321678606 -6.2294237854 -6.2281351133 -6.1989522559 -6.1987884020 -6.1941006012 -6.1937897567 -6.1782773050 -6.1781266595 -6.1740357349 -6.1738871293 -6.1621326033 -6.1611276494 -6.1298184185 -6.1291463632 -6.1282746777 -6.1276191042 -6.1225420728 -6.1217411165 -6.1206720311 -6.1204375045 -6.1181809307 -6.1165770840 -6.1106966290 -6.1104608617 -6.1035757249 -6.1033562449 -6.0936406423 -6.0933550138 -6.0870228100 -6.0836605066 -6.0826102242 -6.0824505831 -6.0749130480 -6.0747707054 -6.0728078856 -6.0724907768 -6.0655130851 -6.0654195240 -6.0636250219 -6.0633778982 -6.0615784953 -6.0601084657 -6.0595955231 -6.0561955896 -6.0524002095 -6.0512371184 -6.0468900252 -6.0462252828 -6.0356360792 -6.0332903256 -6.0301788720 -6.0283346326 -6.0233597749 -6.0222981287 -6.0182292737 -6.0145995161 -6.0082993910 -6.0053793035 -6.0037977142 -6.0035882997 -5.9983712265 -5.9977539717 -5.9959910798 -5.9932758135 -5.9931032906 -5.9888404033 -5.9825659718 -5.9823374375 -5.9810599410 -5.9809767698 -5.9785439505 -5.9783865716 -5.9763352691 -5.9760018706 -5.9744669058 -5.9728859475 -5.9699733368 -5.9697084808 -5.9664002321 -5.9649549643 -5.9616658279 -5.9607297296 -5.9591517863 -5.9583872270 -5.9552196920 -5.9548893233 -5.9544727045 -5.9529035864 -5.9477727183 -5.9472200848 -5.9449842146 -5.9444344344 -5.9428834010 -5.9400233764 -5.9400016400 -5.9375122438 -5.9362392303 -5.9336313158 -5.9327740232 -5.9316772293 -5.9292475397 -5.9290711961 -5.9239251896 -5.9236138313 -5.9212174141 -5.9206013822 -5.9176684288 -5.9157573790 -5.9065734730 -5.9061467541 -5.9044243621 -5.9040487441 -5.8999590303 -5.8997074954 -5.8939403036 -5.8933314014 -5.8915475418 -5.8906606592 -5.8859401762 -5.8835112324 -5.8763696922 -5.8757908518 -5.8737861373 -5.8697458700 -5.8666709744 -5.8649872691 -5.8622667491 -5.8597439358 -5.8571027884 -5.8545213679 -5.8530333562 -5.8525021305 -5.8489835485 -5.8450375891 -5.8375446872 -5.8369048337 -5.8325496923 -5.8318741162 -5.8285538851 -5.8250259767 -5.8171735815 -5.8153282692 -5.8116949744 -5.8115796197 -5.8053662704 -5.8047220640 -5.8018350082 -5.7909442292 -5.7887826824 -5.7799957348 -5.7587668685 -5.7583889388 -5.7376091725 -5.7372639962
-6.4528388286 -6.4511108311 -6.4319730001 -6.4318155640 -6.4219882269 -6.4211798700 -6.4170451807 -6.4168461299 -6.4030904184 -6.4030057271 -6.3857923775 -6.3856717464 -6.3740991157 -6.3740709893 -6.3711779553 -6.3711298286 -6.3468697728 -6.3453407268 -6.3303245966 -6.3297342852 -6.3206687011 -6.3204724888 -6.3175407751 -6.3172950811 -6.2882442068 -6.2818263525 -6.2581961592 -6.2576948144 -6.2527835738 -6.2525045887 -6.2377641145 -6.2370481704 -6.2345776616 -6.2334116453 -6.1978533422 -6.1977178551 -6.1920219429 -6.1917258556 -6.1778468378 -6.1777240863 -6.1737972862 -6.1736993437 -6.1565750444 -6.1558107878 -6.1333629073 -6.1318290466 -6.1252820783 -6.1241782316 -6.1237383453 -6.1235565780 -6.1224135124 -6.1200038899 -6.1176000639 -6.1136553221 -6.1134507050 -6.1129222786 -6.1050368930 -6.1048884690 -6.0951216673 -6.0948139270 -6.0912335693 -6.0876719719 -6.0813685355 -6.0812061823 -6.0737617690 -6.0736439439 -6.0715616254 -6.0712549770 -6.0669106815 -6.0664807924 -6.0650449920 -6.0642867962 -6.0620104196 -6.0613298250 -6.0565905912 -6.0545801461 -6.0531460931 -6.0501566816 -6.0493420646 -6.0433204801 -6.0378312522 -6.0353855198 -6.0324188301 -6.0294154585 -6.0227496143 -6.0209729655 -6.0171607422 -6.0151088917 -6.0073695683 -6.0061721134 -6.0052929967 -6.0025589186 -5.9983955946 -5.9970984040 -5.9970096555 -5.9953800499 -5.9935524462 -5.9877387573 -5.9838993888 -5.9833466277 -5.9822278063 -5.9819578150 -5.9803598356 -5.9791470129 -5.9775158206 -5.9774405574 -5.9752402705 -5.9737715530 -5.9715644958 -5.9713801212 -5.9668948720 -5.9657011854 -5.9615689539 -5.9610506868 -5.9601236523 -5.9593295785 -5.9560436470 -5.9559091599 -5.9531205374 -5.9518227321 -5.9479139949 -5.9470750483 -5.9457404295 -5.9429724178 -5.9424369001 -5.9413499345 -5.9383939433 -5.9366396509 -5.9352451632 -5.9332248316 -5.9322816218 -5.9308152094 -5.9295448027 -5.9286456225 -5.9246072543 -5.9242482585 -5.9190531347 -5.9184479104 -5.9155162431 -5.9135659675 -5.9094679675 -5.9084687403 -5.9032977159 -5.9029780830 -5.8988777664 -5.8987702584 -5.8950852627 -5.8945861916 -5.8892068601 -5.8888075311 -5.8878610014 -5.8854134220 -5.8773479489 -5.8771081948 -5.8750935921 -5.8709679939 -5.8679696588 -5.8665666343 -5.8624142279 -5.8600006777 -5.8563532376 -5.8549658129 -5.8535183101 -5.8525441849 -5.8506942823 -5.8462593842 -5.8377959877 -5.8373622813 -5.8326294759 -5.8317351434 -5.8284189006 -5.8252101307 -5.8164128605 -5.8148733991 -5.8110047072 -5.8105441236 -5.8037387732 -5.8036107004 -5.8002738270 -5.7885724092 -5.7869172065 -5.7780318205 -5.7598292987 -5.7593165380 -5.7390843789 -5.7386476801
-6.4573453541 -6.4556008152 -6.4364302091 -6.4362973318 -6.4263303821 -6.4255159641 -6.4212051861 -6.4210079968 -6.4035363642 -6.4034416707 -6.3865138878 -6.3863841630 -6.3744039546 -6.3743657554 -6.3715754890 -6.3715318116 -6.3417847519 -6.3402685026 -6.3255102806 -6.3249115574 -6.3158860025 -6.3157262776 -6.3127647326 -6.3125263918 -6.2941023003 -6.2872650557 -6.2624105966 -6.2619213257 -6.2563455295 -6.2561228080 -6.2426483847 -6.2419207826 -6.2396760401 -6.2386187999 -6.1969197078 -6.1968066240 -6.1901220374 -6.1898446569 -6.1774875720 -6.1773867460 -6.1735725461 -6.1735029483 -6.1509952164 -6.1504764944 -6.1369324732 -6.1354187869 -6.1288311989 -6.1269320579 -6.1267034951 -6.1234939130 -6.1192078038 -6.1173919319 -6.1166697666 -6.1164218923 -6.1126613695 -6.1079208869 -6.1065027531 -6.1064047703 -6.0967248862 -6.0966150567 -6.0951291921 -6.0916075255 -6.0801053798 -6.0799394826 -6.0727649532 -6.0726692540 -6.0703660187 -6.0700529322 -6.0693149709 -6.0689148625 -6.0665664333 -6.0654701937 -6.0615366829 -6.0614270275 -6.0575969816 -6.0535931915 -6.0533326157 -6.0501037486 -6.0462882992 -6.0407760633 -6.0398815014 -6.0379958154 -6.0351347516 -6.0313136754 -6.0216697349 -6.0196304510 -6.0163810533 -6.0151638723 -6.0088925990 -6.0084683095 -6.0043297337 -6.0007396853 -6.0000110333 -5.9979895263 -5.9968343989 -5.9958834213 -5.9933978963 -5.9877709015 -5.9862168337 -5.9852747813 -5.9829219932 -5.9827199553 -5.9817448576 -5.9808613211 -5.9789704999 -5.9782269520 -5.9755645369 -5.9738923493 -5.9727858622 -5.9726671888 -5.9673855610 -5.9664208538 -5.9621836023 -5.9619040651 -5.9604636977 -5.9598494907 -5.9571590468 -5.9563493939 -5.9518314882 -5.9509519507 -5.9499073353 -5.9464038490 -5.9450655899 -5.9450062789 -5.9414550493 -5.9399756258 -5.9366700100 -5.9357618586 -5.9342831104 -5.9332802587 -5.9322249228 -5.9304772828 -5.9293267736 -5.9271624053 -5.9252488516 -5.9248439174 -5.9169121966 -5.9164375421 -5.9133681748 -5.9132784228 -5.9112713139 -5.9104892122 -5.9021156455 -5.9016399931 -5.8991915711 -5.8986295899 -5.8952034699 -5.8949821943 -5.8898914573 -5.8872333253 -5.8867741872 -5.8867299130 -5.8785095615 -5.8784329514 -5.8764945646 -5.8724117465 -5.8693042966 -5.8682246706 -5.8624755620 -5.8608190837 -5.8556886762 -5.8555119438 -5.8536866346 -5.8535362026 -5.8508418857 -5.8475032419 -5.8381523116 -5.8380781509 -5.8325792425 -5.8318662670 -5.8282257390 -5.8252646592 -5.8157382138 -5.8145194825 -5.8102568752 -5.8097510569 -5.8026242065 -5.8022064682 -5.7983305496 -5.7866938778 -5.7845011252 -5.7760743330 -5.7609608647 -5.7602819357 -5.7406753387 -5.7401318002
-6.4618374609 -6.4600764397 -6.4408894965 -6.4407722896 -6.4306576171 -6.4298377793 -6.4253184624 -6.4251222426 -6.4040320640 -6.4039266843 -6.3873100833 -6.3871718424 -6.3747418411 -6.3746914895 -6.3719775355 -6.3719406452 -6.3366905981 -6.3351901772 -6.3206948142 -6.3200876191 -6.3111019030 -6.3109662768 -6.3079864537 -6.3077534980 -6.2999640456 -6.2927115355 -6.2667573006 -6.2663093836 -6.2600379342 -6.2598053259 -6.2475134332 -6.2467974509 -6.2447131020 -6.2437473273 -6.1961373075 -6.1960428380 -6.1884211217 -6.1881667650 -6.1772033948 -6.1771199857 -6.1733452136 -6.1732968003 -6.1454271452 -6.1451434587 -6.1405238875 -6.1390373891 -6.1324150285 -6.1301348595 -6.1299024944 -6.1270366221 -6.1197751211 -6.1195315546 -6.1143045873 -6.1124132903 -6.1081072730 -6.1079614813 -6.1077652442 -6.1029776431 -6.1001886984 -6.0987070830 -6.0972589679 -6.0951977373 -6.0788121529 -6.0786424745 -6.0729113325 -6.0725543794 -6.0713271754 -6.0711867128 -6.0690744633 -6.0689456710 -6.0680043584 -6.0672055929 -6.0612012413 -6.0608625204 -6.0600324588 -6.0565246548 -6.0504077886 -6.0470652156 -6.0432594954 -6.0430836293 -6.0410249650 -6.0379214386 -6.0373673299 -6.0337311705 -6.0204801938 -6.0185005755 -6.0165062089 -6.0150421830 -6.0105195075 -6.0101700923 -6.0030285016 -6.0029727742 -6.0002938204 -5.9989484781 -5.9956514453 -5.9951944907 -5.9932117606 -5.9891573815 -5.9886468209 -5.9870515988 -5.9846897719 -5.9841703542 -5.9830083731 -5.9815022141 -5.9803263912 -5.9793186532 -5.9762255531 -5.9751576815 -5.9732199491 -5.9718654270 -5.9677586316 -5.9669551766 -5.9632970333 -5.9631042058 -5.9604921586 -5.9602758188 -5.9582173650 -5.9563317002 -5.9524224990 -5.9506562664 -5.9495797049 -5.9475970421 -5.9456983667 -5.9443227886 -5.9400790407 -5.9387904161 -5.9350349672 -5.9350213021 -5.9336306947 -5.9335330220 -5.9322386070 -5.9300468488 -5.9285875167 -5.9263088733 -5.9253227203 -5.9249453839 -5.9168831590 -5.9153085962 -5.9136624457 -5.9136191493 -5.9112230362 -5.9085195257 -5.9017101022 -5.9007996882 -5.8997865783 -5.8993492288 -5.8948004284 -5.8942334325 -5.8916017442 -5.8886387260 -5.8848501743 -5.8843386767 -5.8799170367 -5.8796507419 -5.8779652047 -5.8739999799 -5.8706112853 -5.8697894778 -5.8628208074 -5.8619971887 -5.8562111886 -5.8554785484 -5.8549515579 -5.8532737409 -5.8500623301 -5.8486364036 -5.8389222343 -5.8385153025 -5.8326565679 -5.8322331054 -5.8279090411 -5.8251985343 -5.8151432284 -5.8142037441 -5.8095245918 -5.8090969959 -5.8016995982 -5.8010228966 -5.7960121525 -5.7851014134 -5.7818173076 -5.7741600613 -5.7621351209 -5.7612522437 -5.7423703236 -5.7417043033
-6.4663184190 -6.4645412805 -6.4453543874 -6.4452392062 -6.4349713071 -6.4341469594 -6.4293823935 -6.4291864880 -6.4045830677 -6.4044662578 -6.3881821057 -6.3880359629 -6.3751217884 -6.3750577685 -6.3723687643 -6.3723404496 -6.3315901913 -6.3301091087 -6.3158830984 -6.3152671824 -6.3063176247 -6.3061917001 -6.3058275275 -6.3032101809 -6.3029805499 -6.2981625687 -6.2712185038 -6.2708310341 -6.2638591073 -6.2635849695 -6.2523667296 -6.2516871952 -6.2496872573 -6.2487922608 -6.1954960842 -6.1954177619 -6.1869399576 -6.1867142368 -6.1769884162 -6.1769191714 -6.1731182552 -6.1730875307 -6.1441358771 -6.1426827689 -6.1398930923 -6.1398209428 -6.1360259713 -6.1333762427 -6.1331394206 -6.1306241834 -6.1228927840 -6.1226438457 -6.1096170555 -6.1095361646 -6.1094580190 -6.1076432341 -6.1044445379 -6.1032454931 -6.1016006349 -6.0987899019 -6.0981088443 -6.0978582102 -6.0775220979 -6.0773515585 -6.0760642021 -6.0753774246 -6.0712690335 -6.0710608349 -6.0696141416 -6.0690522910 -6.0675798199 -6.0673503099 -6.0629772909 -6.0603190518 -6.0600934293 -6.0593509569 -6.0473529703 -6.0458547156 -6.0445077730 -6.0440107932 -6.0408035759 -6.0400069414 -6.0369966727 -6.0340455748 -6.0193251257 -6.0179664496 -6.0178861729 -6.0153623561 -6.0116205815 -6.0103420097 -6.0056536042 -6.0028854079 -6.0016244848 -5.9981963083 -5.9946992857 -5.9942455048 -5.9930330442 -5.9912601894 -5.9911081565 -5.9888612862 -5.9865518271 -5.9859667260 -5.9847201180 -5.9825244773 -5.9807030018 -5.9806551610 -5.9770051737 -5.9768122453 -5.9731642415 -5.9708331190 -5.9678204288 -5.9669750147 -5.9644842512 -5.9643897515 -5.9608444006 -5.9607206031 -5.9592204896 -5.9558362256 -5.9542349812 -5.9501561007 -5.9495832415 -5.9486163438 -5.9450529128 -5.9436064017 -5.9388885876 -5.9377996902 -5.9349550753 -5.9340491593 -5.9333807104 -5.9332956033 -5.9315309317 -5.9294985739 -5.9277563955 -5.9268247501 -5.9254107514 -5.9231845211 -5.9199173204 -5.9172977434 -5.9124104689 -5.9117192615 -5.9091169685 -5.9063846456 -5.9029730988 -5.9019418562 -5.8991177432 -5.8986939190 -5.8948488641 -5.8945611638 -5.8916642199 -5.8893137383 -5.8831984175 -5.8820560909 -5.8811675716 -5.8808551885 -5.8794444303 -5.8756614333 -5.8718557739 -5.8712329773 -5.8635796078 -5.8633570568 -5.8576608470 -5.8560769733 -5.8549862681 -5.8527297196 -5.8494197980 -5.8491648645 -5.8396824173 -5.8389658871 -5.8329392070 -5.8327594759 -5.8274719735 -5.8250610300 -5.8146229906 -5.8139084400 -5.8088520423 -5.8085301694 -5.8008650808 -5.8001108192 -5.7934924004 -5.7836116187 -5.7791404339 -5.7723585977 -5.7633019609 -5.7621647964 -5.7441529142 -5.7433503207
-6.4707917211 -6.4689991751 -6.4498265267 -6.4496987464 -6.4392722557 -6.4384445986 -6.4333951840 -6.4331991354 -6.4051958277 -6.4050667901 -6.3891304841 -6.3889770609 -6.3755536719 -6.3754757881 -6.3727325686 -6.3727132848 -6.3264865046 -6.3250287540 -6.3116929703 -6.3110799518 -6.3104557632 -6.3036166865 -6.3015311609 -6.3014032793 -6.2984398853 -6.2982117150 -6.2757791061 -6.2754615326 -6.2678065311 -6.2674825883 -6.2572120904 -6.2565921909 -6.2546020531 -6.2537562102 -6.1949889324 -6.1949251090 -6.1857039753 -6.1855143258 -6.1768234355 -6.1767664898 -6.1729040574 -6.1728878481 -6.1477673091 -6.1463509371 -6.1396613536 -6.1366564062 -6.1364114733 -6.1345313839 -6.1343877526 -6.1342385146 -6.1260565374 -6.1258036598 -6.1113316676 -6.1109797732 -6.1085739613 -6.1055220840 -6.1050034697 -6.1030497767 -6.1002252659 -6.0997766583 -6.0984768132 -6.0935357281 -6.0799915656 -6.0791070580 -6.0759909228 -6.0758242684 -6.0724251984 -6.0719110603 -6.0696359657 -6.0694453667 -6.0663865549 -6.0660491986 -6.0650365901 -6.0622575215 -6.0596027703 -6.0595582095 -6.0488521080 -6.0480738050 -6.0442213341 -6.0434588702 -6.0409258657 -6.0399226894 -6.0371014197 -6.0312575628 -6.0202951380 -6.0186520587 -6.0182327403 -6.0158006667 -6.0115124367 -6.0099093295 -6.0082603350 -6.0052595481 -6.0005833736 -5.9977374659 -5.9949384812 -5.9939183712 -5.9937217722 -5.9932072743 -5.9920804152 -5.9909232176 -5.9883274830 -5.9880890525 -5.9857206453 -5.9839429758 -5.9820447733 -5.9814418414 -5.9784504405 -5.9773086042 -5.9732179332 -5.9707160189 -5.9674760263 -5.9667157338 -5.9657543316 -5.9651263868 -5.9614539746 -5.9614184746 -5.9601270322 -5.9553950794 -5.9549628660 -5.9526844053 -5.9486085083 -5.9476517568 -5.9444172246 -5.9429157915 -5.9380468015 -5.9370250099 -5.9353982406 -5.9344320011 -5.9327692587 -5.9324436972 -5.9303443344 -5.9288683460 -5.9274785173 -5.9273417353 -5.9247464822 -5.9228738492 -5.9215419405 -5.9196595514 -5.9106325831 -5.9097477980 -5.9071153913 -5.9046797004 -5.9044156221 -5.9032807534 -5.8987728758 -5.8980976407 -5.8960307488 -5.8947499159 -5.8905612039 -5.8890216963 -5.8834625115 -5.8824183202 -5.8813274179 -5.8801904979 -5.8795331746 -5.8773147837 -5.8729984425 -5.8725486605 -5.8648063759 -5.8646664960 -5.8596196599 -5.8558369463 -5.8557091080 -5.8522842134 -5.8495262534 -5.8483065640 -5.8403357652 -5.8394504525 -5.8334233848 -5.8333294760 -5.8269691197 -5.8249061693 -5.8141743928 -5.8136373248 -5.8082612636 -5.8080352171 -5.8001250024 -5.7993981563 -5.7909204255 -5.7821979566 -5.7766384805 -5.7708134786 -5.7643589375 -5.7628894584 -5.7459978477 -5.7450503407
-6.4752610562 -6.4734541914 -6.4543051691 -6.4541541109 -6.4435605687 -6.4427310965 -6.4373558951 -6.4371594001 -6.4058778313 -6.4057357332 -6.3901551338 -6.3899950266 -6.3760447131 -6.3759546014 -6.3730545788 -6.3730428719 -6.3213827647 -6.3199527853 -6.3175564682 -6.3090709176 -6.3062941524 -6.3056597961 -6.2967404486 -6.2966049524 -6.2936800119 -6.2934509511 -6.2804271373 -6.2801782171 -6.2718795849 -6.2715064278 -6.2620492699 -6.2615063492 -6.2594660171 -6.2586503221 -6.1946113053 -6.1945608390 -6.1847452926 -6.1846005615 -6.1766793491 -6.1766307075 -6.1727203412 -6.1727123720 -6.1514173829 -6.1500412765 -6.1433186833 -6.1399358705 -6.1396866493 -6.1379090087 -6.1294436230 -6.1292015673 -6.1289752161 -6.1288493330 -6.1141359411 -6.1125430929 -6.1117192491 -6.1095697661 -6.1017380161 -6.1013639810 -6.1005602083 -6.0987772944 -6.0939976045 -6.0892257230 -6.0840863844 -6.0829265672 -6.0748721465 -6.0747644993 -6.0738695717 -6.0733173526 -6.0692551403 -6.0691377270 -6.0675432453 -6.0651673095 -6.0645179109 -6.0642546726 -6.0591483528 -6.0591059605 -6.0518714898 -6.0517535578 -6.0459886443 -6.0432964295 -6.0409127494 -6.0379771255 -6.0340796893 -6.0283873168 -6.0229385543 -6.0207425384 -6.0173125953 -6.0158541490 -6.0117283493 -6.0098950256 -6.0094767528 -6.0076284552 -5.9996367067 -5.9974937805 -5.9968237426 -5.9962221277 -5.9944356736 -5.9943752588 -5.9927642184 -5.9915317893 -5.9905610820 -5.9893979266 -5.9861865641 -5.9852256958 -5.9833019046 -5.9827366168 -5.9799425995 -5.9773842299 -5.9735098544 -5.9711962793 -5.9676191809 -5.9674580752 -5.9665793016 -5.9648647268 -5.9628341170 -5.9619102597 -5.9604626666 -5.9556371878 -5.9554293964 -5.9534969759 -5.9477053509 -5.9466925668 -5.9438002513 -5.9422410355 -5.9378986363 -5.9365339353 -5.9356016289 -5.9349355964 -5.9323881849 -5.9320143905 -5.9289952616 -5.9284890523 -5.9275438312 -5.9273839174 -5.9264190984 -5.9227597131 -5.9225215173 -5.9189142989 -5.9095994090 -5.9082656598 -5.9059376641 -5.9054013871 -5.9044696227 -5.9019392110 -5.9000549208 -5.8985998391 -5.8957846759 -5.8943880998 -5.8894534559 -5.8883525289 -5.8848550313 -5.8837467331 -5.8825051480 -5.8790453758 -5.8787878126 -5.8772080992 -5.8739396184 -5.8736779323 -5.8662377729 -5.8659709095 -5.8615687565 -5.8570000370 -5.8553796055 -5.8520997335 -5.8490308759 -5.8475206756 -5.8408487016 -5.8399486811 -5.8340368638 -5.8338719888 -5.8264584721 -5.8247755405 -5.8137961586 -5.8134011739 -5.8077636094 -5.8076125763 -5.7994860198 -5.7988473647 -5.7883889229 -5.7808979937 -5.7745333740 -5.7697983829 -5.7650897158 -5.7631800375 -5.7478620310 -5.7467766151
-6.4797302952 -6.4779106029 -6.4587892394 -6.4586091435 -6.4478356381 -6.4470061330 -6.4412644457 -6.4410673174 -6.4066376095 -6.4064816129 -6.3912554467 -6.3910891927 -6.3765960713 -6.3764969124 -6.3733260197 -6.3733188819 -6.3234203816 -6.3162821850 -6.3148860403 -6.3145243419 -6.3015312666 -6.3008872863 -6.2919421086 -6.2917996472 -6.2889351319 -6.2887028919 -6.2851546335 -6.2849573647 -6.2760752241 -6.2756571009 -6.2668754945 -6.2664180394 -6.2642910051 -6.2634913764 -6.1943610644 -6.1943231058 -6.1841000506 -6.1840079877 -6.1765268310 -6.1764726481 -6.1725870287 -6.1725734330 -6.1550854016 -6.1537520369 -6.1469967686 -6.1432212012 -6.1429667063 -6.1415964362 -6.1324896366 -6.1322289729 -6.1240473795 -6.1235616858 -6.1182230414 -6.1144645778 -6.1136417372 -6.1134140948 -6.1032163510 -6.1029144233 -6.0964017705 -6.0948145159 -6.0898155305 -6.0885407249 -6.0867992477 -6.0851370079 -6.0765616637 -6.0760446309 -6.0727106391 -6.0723508587 -6.0701151269 -6.0691151628 -6.0683451353 -6.0670881661 -6.0630968156 -6.0629708487 -6.0587838981 -6.0587408057 -6.0554081042 -6.0548565273 -6.0484302669 -6.0462978490 -6.0379337869 -6.0350185929 -6.0310688741 -6.0257304989 -6.0255471598 -6.0232430706 -6.0165948692 -6.0165326998 -6.0132653185 -6.0104913294 -6.0095341715 -6.0086504478 -5.9997655027 -5.9990277809 -5.9984440421 -5.9971730055 -5.9965102586 -5.9952490056 -5.9937908403 -5.9934607784 -5.9910845906 -5.9904628905 -5.9862861300 -5.9861704470 -5.9843341942 -5.9841494872 -5.9810955077 -5.9776256272 -5.9738302385 -5.9718777057 -5.9689155376 -5.9687087860 -5.9664943528 -5.9654988625 -5.9644002925 -5.9620260238 -5.9601928415 -5.9579061246 -5.9549430774 -5.9519033145 -5.9468586441 -5.9457281232 -5.9432134545 -5.9415728041 -5.9385818771 -5.9365423511 -5.9353543790 -5.9352020579 -5.9325421224 -5.9321942762 -5.9294755689 -5.9288039272 -5.9278036309 -5.9269174915 -5.9264078263 -5.9246574767 -5.9205365816 -5.9170011195 -5.9102594314 -5.9088711789 -5.9051771444 -5.9048553227 -5.9030846484 -5.9014656848 -5.9005248760 -5.8993892101 -5.8950012676 -5.8934967607 -5.8887260153 -5.8881894903 -5.8861783952 -5.8849347190 -5.8833612487 -5.8804998501 -5.8776151597 -5.8757526887 -5.8742850697 -5.8739816348 -5.8676011136 -5.8673365810 -5.8634860497 -5.8586360853 -5.8548341641 -5.8521042141 -5.8482749740 -5.8468681386 -5.8412049873 -5.8404333433 -5.8346161293 -5.8344156668 -5.8259814220 -5.8246970133 -5.8134885915 -5.8132114882 -5.8073654134 -5.8072686739 -5.7989553750 -5.7984421089 -5.7859639616 -5.7798135531 -5.7731510078 -5.7695867738 -5.7651236585 -5.7628227332 -5.7496635599 -5.7484854074
-6.4842035047 -6.4823728894 -6.4632786242 -6.4630672607 -6.4520962395 -6.4512687590 -6.4451215814 -6.4449237187 -6.4074846503 -6.4073139526 -6.3924304967 -6.3922585395 -6.3772019946 -6.3770975648 -6.3735442108 -6.3735389839 -6.3292835634 -6.3199794583 -6.3111892162 -6.3098302991 -6.2968013763 -6.2961482132 -6.2899687211 -6.2897822832 -6.2871294183 -6.2869858720 -6.2842144430 -6.2839753122 -6.2803779570 -6.2799225320 -6.2716877324 -6.2713147155 -6.2690897004 -6.2682970779 -6.1942384989 -6.1942122838 -6.1837989177 -6.1837596928 -6.1763433059 -6.1762680069 -6.1725129460 -6.1724891906 -6.1587708435 -6.1574820108 -6.1506944837 -6.1464922868 -6.1462331114 -6.1453073302 -6.1357306519 -6.1354679439 -6.1226248662 -6.1189485056 -6.1182552983 -6.1182442185 -6.1154585990 -6.1152813425 -6.1047813533 -6.1044786259 -6.0931343428 -6.0922717151 -6.0919779728 -6.0907279671 -6.0852105498 -6.0819554096 -6.0788724687 -6.0778415969 -6.0725065586 -6.0711424848 -6.0707106851 -6.0703409262 -6.0677902306 -6.0677163938 -6.0619279564 -6.0618072714 -6.0589317744 -6.0585433361 -6.0579040423 -6.0575985977 -6.0506757801 -6.0491907218 -6.0348819024 -6.0320921236 -6.0286493780 -6.0280201418 -6.0258918101 -6.0227795342 -6.0184996061 -6.0162515071 -6.0139729279 -6.0126704894 -6.0089698150 -6.0085280393 -6.0022466613 -6.0016264850 -5.9991107996 -5.9981064375 -5.9977260796 -5.9963946317 -5.9954510978 -5.9948320391 -5.9917478526 -5.9912674881 -5.9871744091 -5.9863299163 -5.9854018299 -5.9850450264 -5.9815192602 -5.9782030049 -5.9739788884 -5.9726493699 -5.9702897939 -5.9701075487 -5.9673854131 -5.9668429530 -5.9654594968 -5.9620046655 -5.9601689357 -5.9600017023 -5.9534673013 -5.9499564760 -5.9460503757 -5.9447510578 -5.9427085776 -5.9409218169 -5.9396854393 -5.9371627637 -5.9352668080 -5.9349999151 -5.9333587357 -5.9332584590 -5.9310333215 -5.9293146442 -5.9278830215 -5.9263534496 -5.9253344504 -5.9246449500 -5.9183721046 -5.9151240861 -5.9117689181 -5.9106533928 -5.9054271626 -5.9037979255 -5.9026095396 -5.9011617145 -5.9002371587 -5.8979188375 -5.8943417466 -5.8926342667 -5.8890490755 -5.8887777157 -5.8873804292 -5.8857656276 -5.8832786684 -5.8816468382 -5.8774968010 -5.8762496075 -5.8734463951 -5.8722095548 -5.8688063989 -5.8686243705 -5.8653691739 -5.8604753285 -5.8542681329 -5.8522551661 -5.8474952367 -5.8464144841 -5.8414036934 -5.8408683960 -5.8350857620 -5.8349083962 -5.8255641392 -5.8246885313 -5.8132532622 -5.8130784219 -5.8070708410 -5.8070119542 -5.7985404751 -5.7981758554 -5.7837104983 -5.7791540967 -5.7725699814 -5.7700581510 -5.7642646975 -5.7620709648 -5.7512331529 -5.7500989947
-6.4886850111 -6.4868457834 -6.4677742813 -6.4675316429 -6.4563407393 -6.4555175986 -6.4489288411 -6.4487302059 -6.4084292219 -6.4082431065 -6.3936793771 -6.3935020369 -6.3778517692 -6.3777455579 -6.3737111336 -6.3737067882 -6.3351468178 -6.3254337471 -6.3061085937 -6.3047938963 -6.2948541827 -6.2946313384 -6.2921119510 -6.2914470060 -6.2848379830 -6.2843525087 -6.2823107018 -6.2821721846 -6.2794795931 -6.2792204924 -6.2764779531 -6.2761831570 -6.2738719852 -6.2730811469 -6.1942466330 -6.1942310087 -6.1838698739 -6.1838373528 -6.1761261918 -6.1760271216 -6.1725057732 -6.1724701334 -6.1624733883 -6.1612303148 -6.1544110999 -6.1497358298 -6.1494753185 -6.1490248621 -6.1389824654 -6.1387185245 -6.1270893616 -6.1226400718 -6.1170923862 -6.1169091165 -6.1137782901 -6.1130435602 -6.1064624999 -6.1061023914 -6.0974354982 -6.0959663497 -6.0888380522 -6.0878540365 -6.0822596628 -6.0816256387 -6.0806023231 -6.0774551164 -6.0751751971 -6.0726433728 -6.0697704694 -6.0696374587 -6.0669532633 -6.0665240868 -6.0633394676 -6.0623065718 -6.0593815357 -6.0592841551 -6.0577211339 -6.0573030224 -6.0525376560 -6.0517172014 -6.0318524878 -6.0315596727 -6.0291533828 -6.0285994625 -6.0251092440 -6.0214259917 -6.0198085431 -6.0169706506 -6.0142008426 -6.0140814661 -6.0086079099 -6.0085549676 -6.0049513392 -6.0042674214 -6.0017356036 -5.9995665355 -5.9982030917 -5.9979415784 -5.9962454222 -5.9961160110 -5.9926309500 -5.9918430336 -5.9880102453 -5.9870292355 -5.9862560240 -5.9855728612 -5.9810680177 -5.9790814189 -5.9739341713 -5.9735652123 -5.9716524185 -5.9715261115 -5.9694923818 -5.9675711477 -5.9665209387 -5.9635357828 -5.9607446698 -5.9601451480 -5.9516194835 -5.9478971997 -5.9452996265 -5.9437819976 -5.9425928059 -5.9406032807 -5.9404734598 -5.9382298959 -5.9358319327 -5.9347164056 -5.9343629129 -5.9343051951 -5.9317737337 -5.9299761272 -5.9279344628 -5.9270711391 -5.9236091467 -5.9230585868 -5.9162992490 -5.9142834471 -5.9126132579 -5.9124549475 -5.9072303296 -5.9045865509 -5.9010719056 -5.9003025348 -5.8982969027 -5.8962656254 -5.8940566350 -5.8923432771 -5.8901335543 -5.8895344633 -5.8885409360 -5.8865293427 -5.8826711172 -5.8821997018 -5.8779377357 -5.8770269576 -5.8719063003 -5.8703320456 -5.8697010838 -5.8694336473 -5.8672096411 -5.8624439734 -5.8537312693 -5.8525431625 -5.8468198533 -5.8462286596 -5.8414555254 -5.8412132518 -5.8353877980 -5.8352872750 -5.8252231826 -5.8247619169 -5.8130928366 -5.8130106910 -5.8068838892 -5.8068514880 -5.7982490989 -5.7980469744 -5.7817180440 -5.7792195889 -5.7722334701 -5.7708435617 -5.7629415162 -5.7615590755 -5.7522398820 -5.7514637703
-6.4931794676 -6.4913343157 -6.4722781324 -6.4720056202 -6.4605673522 -6.4597510908 -6.4526885142 -6.4524891130 -6.4094820532 -6.4092799443 -6.3950016063 -6.3948190588 -6.3785324934 -6.3784273003 -6.3738325276 -6.3738273912 -6.3410114136 -6.3308895424 -6.3010482210 -6.2998577746 -6.2997161437 -6.2994993251 -6.2893794146 -6.2888985171 -6.2874348433 -6.2867876266 -6.2812871183 -6.2810412376 -6.2786782486 -6.2779185792 -6.2774499308 -6.2773219559 -6.2747643826 -6.2744876223 -6.1943925417 -6.1943833229 -6.1842937950 -6.1842224950 -6.1759069368 -6.1757918170 -6.1725687719 -6.1725180824 -6.1661928759 -6.1649963211 -6.1581462829 -6.1530180833 -6.1527736916 -6.1525557919 -6.1422372121 -6.1419730594 -6.1316009379 -6.1270340756 -6.1187187183 -6.1185354537 -6.1087686632 -6.1084191093 -6.1079392153 -6.1078591985 -6.1017583151 -6.1003477752 -6.0860826016 -6.0860343421 -6.0836312796 -6.0834592738 -6.0782720215 -6.0777128189 -6.0750706004 -6.0750191613 -6.0695157080 -6.0693475677 -6.0664229456 -6.0659278406 -6.0639891569 -6.0637456224 -6.0593822561 -6.0593343041 -6.0567724186 -6.0563918371 -6.0534388511 -6.0531953443 -6.0344930600 -6.0314309231 -6.0287774212 -6.0263080734 -6.0241141856 -6.0222650437 -6.0190004208 -6.0175522806 -6.0143593043 -6.0142076618 -6.0088935722 -6.0086443838 -6.0076224945 -6.0068158415 -6.0044322164 -6.0020730443 -5.9994726270 -5.9987747293 -5.9976155314 -5.9969902461 -5.9934828319 -5.9924261419 -5.9886209801 -5.9878559169 -5.9867688848 -5.9860380922 -5.9801922741 -5.9801178630 -5.9748544155 -5.9738464828 -5.9729398584 -5.9728117600 -5.9714227861 -5.9684797980 -5.9676606130 -5.9659782891 -5.9605854823 -5.9604668666 -5.9497959753 -5.9462483096 -5.9451599453 -5.9430101871 -5.9428201510 -5.9412387655 -5.9403497580 -5.9387711431 -5.9363769635 -5.9355021228 -5.9344930483 -5.9344634081 -5.9323688710 -5.9307198835 -5.9279998340 -5.9274796006 -5.9218766611 -5.9213698392 -5.9157835434 -5.9156161300 -5.9129421553 -5.9119821373 -5.9084142335 -5.9061700380 -5.8994431404 -5.8987400920 -5.8964045540 -5.8951096436 -5.8942690634 -5.8929135762 -5.8912061298 -5.8904329046 -5.8888705645 -5.8875900163 -5.8822816338 -5.8821887037 -5.8782789111 -5.8777297547 -5.8706846496 -5.8706341021 -5.8696890272 -5.8690250113 -5.8676392975 -5.8645037071 -5.8532652765 -5.8529554014 -5.8463571011 -5.8463414515 -5.8414406495 -5.8413723052 -5.8354947086 -5.8354815311 -5.8249698228 -5.8249254375 -5.8130162814 -5.8130108675 -5.8068106570 -5.8067958015 -5.7980898577 -5.7980568165 -5.7801380070 -5.7801322141 -5.7716495337 -5.7716420628 -5.7618511564 -5.7618463216 -5.7522964611 -5.7522806480
-6.4935842843 -6.4909360655 -6.4729934961 -6.4712971994 -6.4613318962 -6.4589883599 -6.4537201513 -6.4514585146 -6.4125454143 -6.4062133828 -6.3979150152 -6.3919012381 -6.3814749975 -6.3766996788 -6.3754774727 -6.3709433073 -6.3409948392 -6.3309096245 -6.3026206436 -6.3013914745 -6.2982359540 -6.2978948533 -6.2911177494 -6.2893233310 -6.2871638602 -6.2849273040 -6.2829847768 -6.2802896983 -6.2793667746 -6.2791790345 -6.2767956135 -6.2764271703 -6.2752934487 -6.2726084583 -6.1977598451 -6.1910301112 -6.1874041314 -6.1811385437 -6.1792311941 -6.1759443105 -6.1724789250 -6.1691583631 -6.1666963258 -6.1645167221 -6.1582948390 -6.1546906415 -6.1527150090 -6.1507768121 -6.1439902734 -6.1402020831 -6.1315922010 -6.1270228858 -6.1198761633 -6.1174003896 -6.1093195941 -6.1089055717 -6.1079148467 -6.1070083343 -6.1019173323 -6.1002300940 -6.0875923171 -6.0852265513 -6.0843731292 -6.0825701553 -6.0788244697 -6.0779754195 -6.0749774026 -6.0739184062 -6.0709570101 -6.0681294222 -6.0676663856 -6.0656946790 -6.0642974933 -6.0622021012 -6.0608604457 -6.0585907685 -6.0577422500 -6.0551736125 -6.0544606879 -6.0515843722 -6.0345207215 -6.0314223542 -6.0288236064 -6.0262862209 -6.0241502420 -6.0223091489 -6.0190668448 -6.0176430551 -6.0153442981 -6.0131210509 -6.0096547313 -6.0082696418 -6.0074614983 -6.0067009738 -6.0044454007 -6.0020620523 -6.0003990373 -5.9989079353 -5.9976735239 -5.9958673379 -5.9943868401 -5.9915140903 -5.9890927605 -5.9887214506 -5.9862356311 -5.9853464199 -5.9807399421 -5.9795275939 -5.9754941649 -5.9741589336 -5.9731998097 -5.9719836634 -5.9710558914 -5.9689739464 -5.9672134238 -5.9659076796 -5.9611464556 -5.9598063348 -5.9499890665 -5.9462609765 -5.9452532520 -5.9436277621 -5.9424689331 -5.9413748549 -5.9401171252 -5.9387407235 -5.9365022947 -5.9356688641 -5.9352560608 -5.9334118993 -5.9325863818 -5.9302422013 -5.9290239683 -5.9263727450 -5.9223994194 -5.9209032105 -5.9166206531 -5.9148845699 -5.9132877603 -5.9116845415 -5.9086603924 -5.9059122977 -5.8998363622 -5.8983968455 -5.8964836392 -5.8950751899 -5.8944285369 -5.8927119077 -5.8913467816 -5.8903935501 -5.8888310852 -5.8874708994 -5.8827829722 -5.8817093560 -5.8789373581 -5.8769949466 -5.8715682590 -5.8701805443 -5.8694796978 -5.8689220014 -5.8675425315 -5.8644737620 -5.8540523630 -5.8521915876 -5.8472017103 -5.8455610972 -5.8420976428 -5.8407778700 -5.8361171071 -5.8348065867 -5.8266833052 -5.8231869303 -5.8142873679 -5.8118323653 -5.8081802185 -5.8053578237 -5.7991214016 -5.7969913019 -5.7801707232 -5.7801202076 -5.7717490625 -5.7715675657 -5.7619386906 -5.7617855101 -5.7524826050 -5.7521357628
-6.4944445179 -6.4901013338 -6.4738977387 -6.4704174249 -6.4624767385 -6.4578510719 -6.4549530620 -6.4502306438 -6.4158052438 -6.4029424607 -6.4010049179 -6.3887964659 -6.3845136843 -6.3795541281 -6.3724144760 -6.3680369981 -6.3409456569 -6.3309724018 -6.3046407814 -6.3032229888 -6.2962731748 -6.2961086835 -6.2931516863 -6.2914137444 -6.2853145378 -6.2847210618 -6.2828992885 -6.2821113476 -6.2812532502 -6.2786973455 -6.2773243617 -6.2745254126 -6.2734213953 -6.2706803415 -6.2011451970 -6.1906091911 -6.1876856946 -6.1825768409 -6.1793399713 -6.1780097449 -6.1691810277 -6.1674891181 -6.1658157397 -6.1637993365 -6.1586542237 -6.1564581601 -6.1523996159 -6.1489115496 -6.1457240787 -6.1384125178 -6.1315656640 -6.1269937776 -6.1211966514 -6.1161449377 -6.1105687659 -6.1092283305 -6.1078633550 -6.1059853403 -6.1023141893 -6.0999554662 -6.0892124556 -6.0866022924 -6.0836323005 -6.0825550445 -6.0793726567 -6.0781972182 -6.0739696537 -6.0730245847 -6.0718961234 -6.0696167592 -6.0674556330 -6.0661664958 -6.0628587775 -6.0621323891 -6.0612833917 -6.0596631553 -6.0568693572 -6.0560650881 -6.0526120177 -6.0498369201 -6.0346017629 -6.0313958774 -6.0289576574 -6.0262266252 -6.0242655540 -6.0224459799 -6.0193049754 -6.0179343802 -6.0160869156 -6.0121592668 -6.0104370250 -6.0083523150 -6.0071413141 -6.0063152986 -6.0044832884 -6.0021834844 -6.0013982115 -6.0001644189 -5.9966929500 -5.9955705358 -5.9944854925 -5.9906641752 -5.9900587415 -5.9895978060 -5.9856552129 -5.9840379633 -5.9812318266 -5.9790398328 -5.9765050266 -5.9749568817 -5.9731436037 -5.9712066315 -5.9702478938 -5.9694776040 -5.9666681443 -5.9656365873 -5.9616225081 -5.9590171031 -5.9505808756 -5.9463795395 -5.9455660846 -5.9444820708 -5.9422562943 -5.9416368986 -5.9395170981 -5.9387186177 -5.9370055363 -5.9362925304 -5.9351537073 -5.9331801387 -5.9318097691 -5.9305808477 -5.9289730734 -5.9250564085 -5.9231835432 -5.9203078714 -5.9175310195 -5.9145783723 -5.9135598998 -5.9113108532 -5.9090990209 -5.9053828477 -5.9005009476 -5.8979688147 -5.8965911622 -5.8952558846 -5.8944621686 -5.8923584780 -5.8916145531 -5.8903587369 -5.8886754659 -5.8871749874 -5.8833002387 -5.8813911311 -5.8795127424 -5.8760487298 -5.8725840895 -5.8701548517 -5.8692896983 -5.8685340542 -5.8671944563 -5.8643778781 -5.8549893588 -5.8513277610 -5.8481144296 -5.8448622768 -5.8427926630 -5.8402672770 -5.8366555791 -5.8341000789 -5.8283458870 -5.8214634928 -5.8156014502 -5.8107709073 -5.8094754040 -5.8038757774 -5.8000931800 -5.7958947839 -5.7802269232 -5.7801249977 -5.7718755948 -5.7715143971 -5.7620566269 -5.7617462060 -5.7527170350 -5.7520234275
-6.4954165295 -6.4891732316 -6.4748164553 -6.4695413842 -6.4636469473 -6.4566979377 -6.4561833497 -6.4490043241 -6.4190603619 -6.4040890197 -6.3996677495 -6.3875428593 -6.3856868619 -6.3823913235 -6.3693433436 -6.3651130171 -6.3408711767 -6.3310778647 -6.3066973174 -6.3050524525 -6.2956260693 -6.2943901003 -6.2939742838 -6.2933739269 -6.2868343636 -6.2842198415 -6.2832231801 -6.2828559327 -6.2809156479 -6.2805552379 -6.2753943473 -6.2726084931 -6.2715052961 -6.2687571577 -6.2045418110 -6.1938360663 -6.1859334907 -6.1843574758 -6.1827463141 -6.1749108859 -6.1683710823 -6.1658800764 -6.1631039145 -6.1624771913 -6.1591649794 -6.1581914686 -6.1519605561 -6.1474373149 -6.1470030301 -6.1366060438 -6.1315199857 -6.1269531172 -6.1225269121 -6.1149155519 -6.1118768846 -6.1096770480 -6.1078623969 -6.1051296354 -6.1027770586 -6.0996389485 -6.0908519221 -6.0881932763 -6.0841150305 -6.0833137477 -6.0792490083 -6.0774677312 -6.0743608608 -6.0727818970 -6.0716008376 -6.0701730024 -6.0690246010 -6.0646503804 -6.0639969568 -6.0627987808 -6.0609216443 -6.0588423254 -6.0575693922 -6.0546877062 -6.0506596781 -6.0480852662 -6.0347330233 -6.0313535859 -6.0291686449 -6.0261408509 -6.0244909285 -6.0226858906 -6.0198136169 -6.0182920767 -6.0164636190 -6.0123842382 -6.0101501686 -6.0086179547 -6.0070203761 -6.0058024666 -6.0045648882 -6.0028993169 -6.0020256647 -6.0010820548 -5.9971064082 -5.9952651329 -5.9932689167 -5.9920019847 -5.9906058776 -5.9888746378 -5.9851163668 -5.9827687077 -5.9815679186 -5.9793063742 -5.9768393956 -5.9757681339 -5.9730931571 -5.9712649482 -5.9699117272 -5.9685752342 -5.9663538238 -5.9651454530 -5.9619062367 -5.9581618250 -5.9514355069 -5.9468862300 -5.9461546060 -5.9450043709 -5.9426951916 -5.9414247355 -5.9391955423 -5.9387013562 -5.9379690998 -5.9360940425 -5.9353946104 -5.9326821254 -5.9318269476 -5.9305587135 -5.9279147329 -5.9240530341 -5.9237162142 -5.9198320500 -5.9184164453 -5.9151619000 -5.9131410016 -5.9112462404 -5.9093282943 -5.9047838510 -5.9011837941 -5.8979094517 -5.8965110768 -5.8956618498 -5.8942564376 -5.8922109316 -5.8917050120 -5.8903199671 -5.8884266388 -5.8867959405 -5.8837129706 -5.8816760825 -5.8794392345 -5.8750989041 -5.8736426648 -5.8702413328 -5.8692479569 -5.8681496016 -5.8666019216 -5.8641912275 -5.8559251951 -5.8505270550 -5.8490714764 -5.8444010993 -5.8433411253 -5.8399385754 -5.8370634320 -5.8333879622 -5.8298706635 -5.8199823804 -5.8167525927 -5.8106857321 -5.8098549638 -5.8025097050 -5.8008133287 -5.7947955896 -5.7803021829 -5.7801482183 -5.7720207401 -5.7714875143 -5.7622003446 -5.7617298945 -5.7529899760 -5.7519499142
-6.4964306468 -6.4882211414 -6.4757487109 -6.4686724627 -6.4648226327 -6.4574302363 -6.4555277445 -6.4477792755 -6.4223103917 -6.4071667850 -6.3963897322 -6.3905619394 -6.3852113032 -6.3825727293 -6.3662644581 -6.3621712468 -6.3407833391 -6.3312263524 -6.3087687824 -6.3068761808 -6.2975850464 -6.2957816166 -6.2924046013 -6.2921209512 -6.2886451450 -6.2860610604 -6.2851040051 -6.2826425987 -6.2809375870 -6.2787803258 -6.2734600003 -6.2706938437 -6.2695865804 -6.2668419868 -6.2079487363 -6.1970838009 -6.1892993660 -6.1861658593 -6.1810434724 -6.1718435257 -6.1692679528 -6.1626550721 -6.1624027955 -6.1600146020 -6.1596558586 -6.1591687079 -6.1514586360 -6.1491208360 -6.1450464193 -6.1347904953 -6.1314496444 -6.1269207797 -6.1238438801 -6.1137225222 -6.1132192521 -6.1102300167 -6.1079393237 -6.1046954497 -6.1030536804 -6.0993164646 -6.0924745944 -6.0898130300 -6.0855651641 -6.0845714865 -6.0783559071 -6.0768266742 -6.0754025172 -6.0734267931 -6.0717476849 -6.0700849435 -6.0687913573 -6.0655606526 -6.0646363604 -6.0628946655 -6.0609537538 -6.0581484443 -6.0562650147 -6.0531784889 -6.0487176555 -6.0463402432 -6.0349102245 -6.0312986746 -6.0294450597 -6.0260430692 -6.0248956442 -6.0230253829 -6.0205066198 -6.0185458732 -6.0166369468 -6.0134444858 -6.0093233693 -6.0087997811 -6.0070375181 -6.0056707411 -6.0048213663 -6.0034988660 -6.0029421045 -6.0011949374 -5.9982721384 -5.9943513828 -5.9934033103 -5.9925727255 -5.9910970023 -5.9876917886 -5.9846511349 -5.9822977758 -5.9813156577 -5.9801054362 -5.9771093072 -5.9757624560 -5.9730866674 -5.9720077885 -5.9692260647 -5.9673840846 -5.9661278831 -5.9646412823 -5.9618959295 -5.9572590782 -5.9524436974 -5.9479209911 -5.9468170969 -5.9452367361 -5.9432906149 -5.9412662211 -5.9396518031 -5.9390959246 -5.9380050756 -5.9362792552 -5.9349484594 -5.9331409761 -5.9317421004 -5.9293115576 -5.9267777178 -5.9249397490 -5.9224220554 -5.9198771547 -5.9189016594 -5.9159435944 -5.9128623772 -5.9113912453 -5.9091908784 -5.9042052942 -5.9018403051 -5.8981912956 -5.8967078995 -5.8956112886 -5.8941422822 -5.8923639157 -5.8915107602 -5.8901598943 -5.8881575944 -5.8864302191 -5.8839582981 -5.8823327053 -5.8789057828 -5.8747639367 -5.8741320069 -5.8703555907 -5.8692416244 -5.8678522783 -5.8659540512 -5.8638596219 -5.8568407856 -5.8501527411 -5.8497457957 -5.8446318591 -5.8432894447 -5.8398208028 -5.8373615688 -5.8327080561 -5.8311293697 -5.8197351738 -5.8167660197 -5.8117847032 -5.8091430171 -5.8022357746 -5.8002607951 -5.7937030559 -5.7803951747 -5.7801881574 -5.7721808647 -5.7714873089 -5.7623696056 -5.7617347233 -5.7533002331 -5.7519144536
-6.4974688329 -6.4872629246 -6.4766954939 -6.4678202522 -6.4659905191 -6.4586700046 -6.4543678414 -6.4465552368 -6.4255550116 -6.4102381372 -6.3935705929 -6.3931085069 -6.3880140594 -6.3794544636 -6.3631781529 -6.3592116275 -6.3406975221 -6.3314182762 -6.3108508396 -6.3086925694 -6.2996992481 -6.2979298954 -6.2914271420 -6.2901653134 -6.2897671756 -6.2879188687 -6.2869889858 -6.2846138718 -6.2789324571 -6.2767724489 -6.2715277786 -6.2687849227 -6.2676701783 -6.2649358538 -6.2113651832 -6.2003510327 -6.1926741744 -6.1895916068 -6.1777494917 -6.1702089955 -6.1687927838 -6.1621075723 -6.1615206799 -6.1601683269 -6.1593660972 -6.1559487670 -6.1511583411 -6.1505458723 -6.1430337232 -6.1330097269 -6.1313170154 -6.1269742006 -6.1250648065 -6.1146216834 -6.1125344970 -6.1108801092 -6.1081089070 -6.1049938465 -6.1028776759 -6.0989990251 -6.0940385093 -6.0914137124 -6.0872534495 -6.0861403080 -6.0782048144 -6.0769456986 -6.0756449722 -6.0742632025 -6.0724371681 -6.0697747477 -6.0680504695 -6.0666833867 -6.0657914411 -6.0621557468 -6.0612914424 -6.0565080095 -6.0545433789 -6.0516573120 -6.0467973677 -6.0446095497 -6.0351282353 -6.0312349121 -6.0297781647 -6.0259614137 -6.0255647816 -6.0234085781 -6.0211588985 -6.0187288293 -6.0167476002 -6.0146504745 -6.0094651409 -6.0081545699 -6.0071868352 -6.0064078685 -6.0053171421 -6.0036183929 -6.0033319454 -6.0011059849 -5.9993812636 -5.9952480898 -5.9934245285 -5.9928913412 -5.9902545068 -5.9867109834 -5.9842669771 -5.9827544090 -5.9815369010 -5.9795509633 -5.9779650720 -5.9749303499 -5.9732896226 -5.9725351684 -5.9685094376 -5.9665284013 -5.9657059442 -5.9642276096 -5.9615128058 -5.9563419749 -5.9535280273 -5.9491600767 -5.9476233775 -5.9454169526 -5.9438169544 -5.9415937342 -5.9405521489 -5.9394231768 -5.9378324186 -5.9363268416 -5.9345749747 -5.9338024138 -5.9307515448 -5.9280548720 -5.9258930347 -5.9256251920 -5.9211542925 -5.9206815375 -5.9188191322 -5.9166414827 -5.9132362829 -5.9111586363 -5.9088910423 -5.9037430179 -5.9023973903 -5.8986218416 -5.8972661331 -5.8951965264 -5.8941888630 -5.8925779757 -5.8912179322 -5.8898644241 -5.8879376627 -5.8861566136 -5.8840478133 -5.8829041937 -5.8782371306 -5.8758432096 -5.8732753726 -5.8704621906 -5.8692403573 -5.8675841576 -5.8654410164 -5.8633165606 -5.8577157967 -5.8511646579 -5.8492361171 -5.8452158523 -5.8429787669 -5.8398351016 -5.8377098067 -5.8324056824 -5.8316325373 -5.8208994093 -5.8155707066 -5.8126740389 -5.8087085464 -5.8026372786 -5.7987741691 -5.7926255678 -5.7805041693 -5.7802423731 -5.7723518610 -5.7715139312 -5.7625643167 -5.7617587828 -5.7536467616 -5.7519164343
-6.4985246971 -6.4863048916 -6.4776579742 -6.4673527016 -6.4667814271 -6.4599128804 -6.4532091043 -6.4453319457 -6.4287939110 -6.4133029048 -6.3965682302 -6.3907997898 -6.3898245171 -6.3763324112 -6.3600847521 -6.3562341346 -6.3406313522 -6.3316538738 -6.3129423844 -6.3105010501 -6.3018368920 -6.3001140537 -6.2927966077 -6.2901513859 -6.2890681950 -6.2881751780 -6.2879924969 -6.2865745200 -6.2769330456 -6.2747761325 -6.2696006196 -6.2668833197 -6.2657583809 -6.2630392631 -6.2147904413 -6.2036365636 -6.1960566081 -6.1930243732 -6.1744771818 -6.1711513344 -6.1657971701 -6.1634260309 -6.1619319409 -6.1601979272 -6.1561520415 -6.1527507363 -6.1525627156 -6.1502312104 -6.1409553444 -6.1317323802 -6.1306711075 -6.1274317491 -6.1258558433 -6.1160387516 -6.1116262287 -6.1113929616 -6.1083842067 -6.1057150265 -6.1026327617 -6.0987270739 -6.0954757975 -6.0929265455 -6.0890282577 -6.0878219736 -6.0796012336 -6.0774029332 -6.0762890517 -6.0741539347 -6.0722769761 -6.0701844271 -6.0692555338 -6.0667896175 -6.0652552778 -6.0630088998 -6.0596736757 -6.0547156721 -6.0527817534 -6.0501297870 -6.0449075298 -6.0429008422 -6.0353806396 -6.0311674469 -6.0301625565 -6.0266219243 -6.0258153042 -6.0237621168 -6.0216955553 -6.0188919560 -6.0169229234 -6.0158214500 -6.0098714694 -6.0079641536 -6.0077424988 -6.0073112391 -6.0055779675 -6.0038525153 -6.0029276271 -6.0011761258 -6.0001474718 -5.9967426323 -5.9946039790 -5.9918606824 -5.9891169190 -5.9862883243 -5.9842788563 -5.9830569771 -5.9817149781 -5.9791619638 -5.9781334660 -5.9746875826 -5.9732569812 -5.9724606315 -5.9678654195 -5.9662387615 -5.9650226788 -5.9636994456 -5.9608172721 -5.9555705660 -5.9545320079 -5.9504166093 -5.9485967696 -5.9456471835 -5.9442580203 -5.9424185358 -5.9414686465 -5.9396303897 -5.9379963803 -5.9359830526 -5.9354956754 -5.9328384027 -5.9296952118 -5.9268688142 -5.9267980618 -5.9245509174 -5.9215890676 -5.9200207008 -5.9189321991 -5.9169967621 -5.9139623782 -5.9106774818 -5.9085702962 -5.9037056857 -5.9025646701 -5.8991296150 -5.8978733563 -5.8950268111 -5.8940962279 -5.8928719328 -5.8908161854 -5.8895396650 -5.8878014107 -5.8859961220 -5.8842414665 -5.8829488150 -5.8775455172 -5.8769243183 -5.8725313289 -5.8705129308 -5.8692181937 -5.8673220155 -5.8651177312 -5.8625707284 -5.8585235715 -5.8522625565 -5.8489345796 -5.8457600714 -5.8427779401 -5.8398815521 -5.8382531678 -5.8326668596 -5.8310819673 -5.8223825909 -5.8149292584 -5.8126995953 -5.8086191595 -5.8028064716 -5.7971797545 -5.7915714243 -5.7806268192 -5.7803071177 -5.7725288597 -5.7715670623 -5.7627843378 -5.7617998918 -5.7540283301 -5.7519551637
-6.4995954777 -6.4853498625 -6.4786372277 -6.4684301426 -6.4660347020 -6.4611580840 -6.4520525487 -6.4441091315 -6.4320267772 -6.4163609525 -6.3995545579 -6.3935686126 -6.3865379534 -6.3732070253 -6.3569845666 -6.3532387835 -6.3406036698 -6.3319329677 -6.3150433918 -6.3123020836 -6.3039824092 -6.3023206050 -6.2945956466 -6.2920052555 -6.2908625591 -6.2885972538 -6.2864946659 -6.2860653627 -6.2749468663 -6.2727941044 -6.2676806114 -6.2649900491 -6.2638528624 -6.2611525310 -6.2182238508 -6.2069392604 -6.1994457080 -6.1964628226 -6.1721517249 -6.1711928210 -6.1650828015 -6.1629027625 -6.1624547412 -6.1597627036 -6.1542007904 -6.1529677082 -6.1496867260 -6.1495847289 -6.1388006168 -6.1314921810 -6.1291009930 -6.1284084252 -6.1259824951 -6.1174820302 -6.1124655524 -6.1102902225 -6.1087802285 -6.1066026283 -6.1026625991 -6.0986659444 -6.0966724587 -6.0941913917 -6.0908415551 -6.0895415656 -6.0811816540 -6.0788983398 -6.0775175012 -6.0731684793 -6.0720091046 -6.0717782969 -6.0699800073 -6.0671177633 -6.0643309231 -6.0625507113 -6.0580431128 -6.0529055162 -6.0510210049 -6.0485963697 -6.0430598720 -6.0412242521 -6.0356573909 -6.0311127101 -6.0305894808 -6.0278501072 -6.0257411275 -6.0240756534 -6.0221603616 -6.0190650793 -6.0176139721 -6.0164771877 -6.0103326077 -6.0093284470 -6.0083680593 -6.0078004817 -6.0051112087 -6.0040704474 -6.0027374614 -6.0014432946 -6.0002466238 -5.9982050128 -5.9958776213 -5.9908197042 -5.9880321413 -5.9868820720 -5.9845985456 -5.9824225751 -5.9816093823 -5.9800569351 -5.9771152725 -5.9752931889 -5.9728217689 -5.9716526012 -5.9673783457 -5.9660872676 -5.9645247075 -5.9628714698 -5.9599410639 -5.9560679729 -5.9544530534 -5.9515037827 -5.9496915440 -5.9459895355 -5.9446580924 -5.9434441799 -5.9423583401 -5.9399121672 -5.9382816008 -5.9368855907 -5.9348878090 -5.9317585825 -5.9286288608 -5.9278376371 -5.9255862251 -5.9238098174 -5.9221895136 -5.9199298696 -5.9185762606 -5.9169650555 -5.9146576813 -5.9101743080 -5.9082710365 -5.9041702171 -5.9022925104 -5.8996796033 -5.8984664981 -5.8953009669 -5.8937008813 -5.8931911292 -5.8904106309 -5.8892892772 -5.8877114844 -5.8859888501 -5.8843917397 -5.8824889548 -5.8780675673 -5.8767799775 -5.8720515128 -5.8704289302 -5.8691225328 -5.8670655997 -5.8649363455 -5.8617120311 -5.8592257250 -5.8534055035 -5.8489740897 -5.8461726552 -5.8427265935 -5.8401031059 -5.8387454480 -5.8326372053 -5.8304010347 -5.8239177238 -5.8155050373 -5.8115600805 -5.8087721066 -5.8026424623 -5.7955845991 -5.7905493781 -5.7807601173 -5.7803764212 -5.7727060908 -5.7716457087 -5.7630294289 -5.7618555445 -5.7544433576 -5.7520297744
-6.5006798329 -6.4843994634 -6.4796341404 -6.4696123617 -6.4651908735 -6.4624049676 -6.4508984160 -6.4428865155 -6.4352532873 -6.4194121685 -6.4025291234 -6.3963206827 -6.3832491753 -6.3700787872 -6.3538778988 -6.3502256639 -6.3406336954 -6.3322547336 -6.3171543588 -6.3140973851 -6.3061277688 -6.3045468794 -6.2964261400 -6.2939333194 -6.2927490068 -6.2905662505 -6.2846972064 -6.2840956815 -6.2729763346 -6.2708270179 -6.2657694368 -6.2631058958 -6.2619550466 -6.2592759016 -6.2216647881 -6.2102580354 -6.2028406228 -6.1999059224 -6.1731220336 -6.1679808258 -6.1667377171 -6.1633226175 -6.1598962225 -6.1591844422 -6.1558331289 -6.1498385523 -6.1490711023 -6.1465323206 -6.1365600112 -6.1315302040 -6.1297451329 -6.1272607329 -6.1257127768 -6.1189438446 -6.1134007381 -6.1093630084 -6.1092122584 -6.1075585818 -6.1031092239 -6.0991128327 -6.0975700316 -6.0948890945 -6.0926650198 -6.0912523498 -6.0827965373 -6.0805125125 -6.0791223736 -6.0738167971 -6.0733076773 -6.0715945667 -6.0695240093 -6.0678452272 -6.0631749633 -6.0612070330 -6.0564092618 -6.0511099942 -6.0492748420 -6.0470574248 -6.0412762524 -6.0395986037 -6.0359356630 -6.0312607640 -6.0308991196 -6.0291783252 -6.0256843509 -6.0243747717 -6.0226165526 -6.0193480046 -6.0186917262 -6.0166201672 -6.0110070709 -6.0106693383 -6.0095834329 -6.0080186379 -6.0048604396 -6.0042949366 -6.0029067484 -6.0013117874 -6.0001972190 -5.9994033379 -5.9971064427 -5.9899255515 -5.9881856558 -5.9869966183 -5.9845443986 -5.9820261831 -5.9810485582 -5.9808984058 -5.9769812909 -5.9750805418 -5.9726176258 -5.9703329354 -5.9671457017 -5.9658637554 -5.9640785866 -5.9619281804 -5.9590242352 -5.9571418118 -5.9544805176 -5.9518525443 -5.9508569818 -5.9465062539 -5.9451300208 -5.9444395182 -5.9431590951 -5.9403632306 -5.9386354125 -5.9378381922 -5.9339486464 -5.9307454727 -5.9288342742 -5.9275101042 -5.9244293077 -5.9241483444 -5.9217461561 -5.9206878177 -5.9179401874 -5.9167616350 -5.9149574634 -5.9097115089 -5.9080017142 -5.9047624456 -5.9020201145 -5.9002046895 -5.8990287055 -5.8957329309 -5.8938245116 -5.8929430485 -5.8902222510 -5.8890997386 -5.8876443716 -5.8860551658 -5.8841810092 -5.8818307063 -5.8791441246 -5.8760720281 -5.8719245757 -5.8702353755 -5.8688528570 -5.8668308526 -5.8648423141 -5.8608569893 -5.8597426141 -5.8545857496 -5.8493451830 -5.8465018468 -5.8428644048 -5.8406779065 -5.8387606981 -5.8323817115 -5.8297177110 -5.8254190504 -5.8163656372 -5.8108041563 -5.8085073841 -5.8022244224 -5.7940277808 -5.7895688587 -5.7809005140 -5.7804405980 -5.7728768582 -5.7717478728 -5.7632992226 -5.7619229362 -5.7548897552 -5.7521391609
-6.5017770838 -6.4834551478 -6.4806492189 -6.4708040487 -6.4643497440 -6.4636488142 -6.4497467383 -6.4416638356 -6.4384730755 -6.4224564596 -6.4054915266 -6.3990561542 -6.3799585309 -6.3669482182 -6.3507650634 -6.3471950803 -6.3407402875 -6.3326175316 -6.3192761126 -6.3158902527 -6.3082653014 -6.3067917422 -6.2982516083 -6.2958677099 -6.2946419951 -6.2925359565 -6.2828792191 -6.2821197123 -6.2710228248 -6.2688751894 -6.2638684990 -6.2612315435 -6.2600662039 -6.2574096018 -6.2251126577 -6.2135918361 -6.2062405846 -6.2033527958 -6.1741255729 -6.1683834436 -6.1647994681 -6.1641412884 -6.1586809795 -6.1574234110 -6.1569676744 -6.1485539197 -6.1466861303 -6.1435366626 -6.1342333450 -6.1320497859 -6.1305391221 -6.1263228860 -6.1245751925 -6.1204123804 -6.1144315443 -6.1100336071 -6.1089417070 -6.1079019105 -6.1039812258 -6.1000714245 -6.0983001932 -6.0950262327 -6.0944088739 -6.0928537794 -6.0844206335 -6.0821520116 -6.0808127372 -6.0758858500 -6.0748967836 -6.0704406044 -6.0699271383 -6.0673013323 -6.0618238116 -6.0596759634 -6.0547758012 -6.0493471924 -6.0475514860 -6.0455150868 -6.0396157901 -6.0380788230 -6.0361347373 -6.0319062895 -6.0309402397 -6.0303705976 -6.0256669874 -6.0246869069 -6.0231264045 -6.0202216880 -6.0191882576 -6.0166727380 -6.0124834764 -6.0113946199 -6.0107451403 -6.0082872884 -6.0057874119 -6.0039722191 -6.0030363811 -6.0014235225 -6.0007541535 -5.9994755397 -5.9980431853 -5.9902806864 -5.9884284503 -5.9863415283 -5.9841691067 -5.9824484105 -5.9814048079 -5.9800153902 -5.9777026185 -5.9739779610 -5.9723908279 -5.9688988349 -5.9671467919 -5.9655355102 -5.9635545486 -5.9610138824 -5.9587953669 -5.9575401864 -5.9554088596 -5.9520778746 -5.9512200710 -5.9472322076 -5.9459865876 -5.9450702948 -5.9437975482 -5.9410237229 -5.9391659695 -5.9384703854 -5.9329629127 -5.9303762799 -5.9292142885 -5.9264947093 -5.9249578490 -5.9233431492 -5.9217964180 -5.9205783312 -5.9180546485 -5.9163311612 -5.9145463965 -5.9093116874 -5.9077607595 -5.9053713497 -5.9020225185 -5.9005506259 -5.8995371212 -5.8962176949 -5.8943031300 -5.8923743373 -5.8903962797 -5.8889765009 -5.8875885202 -5.8858768524 -5.8837351850 -5.8811242890 -5.8801521701 -5.8753831963 -5.8720319393 -5.8701148705 -5.8683623358 -5.8666579492 -5.8647754039 -5.8604893851 -5.8596097232 -5.8557872418 -5.8499270639 -5.8468679475 -5.8434291486 -5.8410138614 -5.8385205829 -5.8320707212 -5.8290518924 -5.8267981611 -5.8172512560 -5.8111908320 -5.8072327681 -5.8016584551 -5.7925447561 -5.7886396752 -5.7810441148 -5.7804841424 -5.7730337451 -5.7718699297 -5.7635931867 -5.7619990752 -5.7553647140 -5.7522819116
-6.5028869146 -6.4825214514 -6.4816797989 -6.4719994395 -6.4649109067 -6.4634953909 -6.4485974668 -6.4416862675 -6.4404402950 -6.4254937484 -6.4084413838 -6.4017751910 -6.3766663874 -6.3638158867 -6.3476464597 -6.3441485344 -6.3409404278 -6.3330188824 -6.3214097295 -6.3176859015 -6.3103861802 -6.3090543803 -6.3000625688 -6.2977978856 -6.2965389135 -6.2944959487 -6.2810577430 -6.2801501422 -6.2690874333 -6.2669388897 -6.2619789713 -6.2593676347 -6.2581874826 -6.2555538760 -6.2285668840 -6.2169396380 -6.2096448950 -6.2068026782 -6.1751449234 -6.1700177560 -6.1650614588 -6.1615868912 -6.1591898381 -6.1579589659 -6.1541247356 -6.1480110459 -6.1436324611 -6.1406240141 -6.1332321268 -6.1318779323 -6.1306663273 -6.1260329226 -6.1227586554 -6.1218337182 -6.1155577530 -6.1109355007 -6.1099742885 -6.1070055518 -6.1051631472 -6.1013368494 -6.0988736067 -6.0963870234 -6.0952219731 -6.0936785404 -6.0860444319 -6.0838065964 -6.0825182735 -6.0779939384 -6.0766513937 -6.0716178131 -6.0686665470 -6.0660343733 -6.0604007260 -6.0581152242 -6.0531463741 -6.0476339437 -6.0458583849 -6.0439753436 -6.0383354046 -6.0368647463 -6.0358897306 -6.0328821380 -6.0315356682 -6.0306521586 -6.0257259400 -6.0250520381 -6.0237454112 -6.0212216881 -6.0193702926 -6.0167214992 -6.0140718813 -6.0124401837 -6.0115225336 -6.0085778863 -6.0069921778 -6.0042246486 -6.0031996583 -6.0018943854 -6.0012505388 -5.9993198453 -5.9981279238 -5.9918183392 -5.9877143314 -5.9859479573 -5.9836387021 -5.9831871322 -5.9815275375 -5.9793395029 -5.9781052804 -5.9729940472 -5.9718745955 -5.9676324391 -5.9671072183 -5.9651403414 -5.9629437011 -5.9602464115 -5.9597316264 -5.9570717714 -5.9562783462 -5.9532552289 -5.9503671723 -5.9480953385 -5.9471217294 -5.9454307755 -5.9442792293 -5.9418611903 -5.9397862830 -5.9388760714 -5.9320705935 -5.9311081119 -5.9285840271 -5.9261030216 -5.9251161051 -5.9228139255 -5.9223529477 -5.9196643912 -5.9183725621 -5.9158720896 -5.9136403727 -5.9089875329 -5.9075495312 -5.9059615071 -5.9024293916 -5.9007171770 -5.8998741180 -5.8967291603 -5.8948393348 -5.8918725693 -5.8907431159 -5.8891539814 -5.8873114218 -5.8854319130 -5.8832561724 -5.8812447659 -5.8801736775 -5.8747473786 -5.8722404515 -5.8700978786 -5.8677682080 -5.8666131182 -5.8646371236 -5.8606551188 -5.8588519509 -5.8569446882 -5.8506101722 -5.8473264237 -5.8444333870 -5.8408633711 -5.8382464782 -5.8318975267 -5.8284516158 -5.8278578032 -5.8181146449 -5.8120213270 -5.8056334680 -5.8010115571 -5.7911795623 -5.7877709227 -5.7811864150 -5.7804837597 -5.7731693950 -5.7720053482 -5.7639105609 -5.7620810228 -5.7558643867 -5.7524562183
-6.5040092407 -6.4827463744 -6.4815801700 -6.4731964168 -6.4661603549 -6.4626598222 -6.4474507010 -6.4448912578 -6.4392165985 -6.4285239690 -6.4113783299 -6.4044779640 -6.3733731376 -6.3606824232 -6.3445229478 -6.3413288195 -6.3410083697 -6.3334555921 -6.3235564905 -6.3194916409 -6.3124799799 -6.3113339938 -6.3018549252 -6.2997188605 -6.2984419904 -6.2964402045 -6.2792389189 -6.2781901347 -6.2671712086 -6.2650184270 -6.2601018246 -6.2575148052 -6.2563199225 -6.2537090109 -6.2320269031 -6.2203004360 -6.2130529154 -6.2102548883 -6.1761777081 -6.1716407025 -6.1659745788 -6.1607573013 -6.1584429738 -6.1574570365 -6.1513210861 -6.1475053168 -6.1406349123 -6.1377932242 -6.1346147862 -6.1309359829 -6.1291769364 -6.1258594220 -6.1233097843 -6.1206672154 -6.1167767838 -6.1120464668 -6.1111726291 -6.1065498381 -6.1060109994 -6.1027159107 -6.0994339983 -6.0981421656 -6.0965297124 -6.0932711438 -6.0876623636 -6.0854794593 -6.0842122861 -6.0801208420 -6.0784794880 -6.0730940579 -6.0672161993 -6.0646632594 -6.0589544662 -6.0565668240 -6.0515253101 -6.0459921636 -6.0442064036 -6.0424517604 -6.0380363827 -6.0358098024 -6.0352849617 -6.0335835202 -6.0322237423 -6.0305328234 -6.0260212462 -6.0254979089 -6.0243933702 -6.0219420811 -6.0195053184 -6.0168711985 -6.0155865411 -6.0136970334 -6.0120825124 -6.0088776099 -6.0083004579 -6.0052671325 -6.0035989992 -6.0022741915 -6.0014832098 -5.9992552898 -5.9974916204 -5.9934850230 -5.9872056896 -5.9855348336 -5.9843705767 -5.9827140382 -5.9816545328 -5.9795461792 -5.9774178612 -5.9725649177 -5.9707545241 -5.9676237005 -5.9660147335 -5.9646056611 -5.9622927041 -5.9609563541 -5.9594700414 -5.9580720840 -5.9556909321 -5.9542401196 -5.9499619291 -5.9486463354 -5.9483190757 -5.9457099031 -5.9446546481 -5.9427521622 -5.9403722999 -5.9392594154 -5.9324310525 -5.9308096904 -5.9282856370 -5.9263568422 -5.9245082639 -5.9233423523 -5.9220684257 -5.9190285999 -5.9180219290 -5.9154327695 -5.9125670192 -5.9087510771 -5.9073972772 -5.9064748526 -5.9030498601 -5.9010763390 -5.8998506149 -5.8972592127 -5.8954077988 -5.8919025190 -5.8907073586 -5.8895535075 -5.8868234128 -5.8848828191 -5.8831706113 -5.8816368155 -5.8793875782 -5.8742381312 -5.8724449050 -5.8701334381 -5.8672235002 -5.8667117912 -5.8643364485 -5.8607900782 -5.8586756299 -5.8574396475 -5.8513320310 -5.8478636470 -5.8455949958 -5.8404650415 -5.8380388626 -5.8321080630 -5.8285605132 -5.8277046747 -5.8189381601 -5.8129850646 -5.8040178370 -5.8003059868 -5.7899903507 -5.7869699201 -5.7813203804 -5.7804087462 -5.7732786809 -5.7721419566 -5.7642502486 -5.7621663409 -5.7563833965 -5.7526597462
-6.5051441439 -6.4838190058 -6.4806650797 -6.4743921361 -6.4674115203 -6.4618288507 -6.4480905379 -6.4463042000 -6.4379916429 -6.4315470574 -6.4143020214 -6.4071646515 -6.3700792059 -6.3575485553 -6.3417239006 -6.3413789723 -6.3379891365 -6.3339232074 -6.3257178465 -6.3213166101 -6.3145348847 -6.3136296342 -6.3036263601 -6.3016267473 -6.3003546342 -6.2983629787 -6.2774259525 -6.2762413271 -6.2652752449 -6.2631141804 -6.2582378497 -6.2556737063 -6.2544644661 -6.2518753588 -6.2354921483 -6.2236732326 -6.2164640562 -6.2137088051 -6.1772222038 -6.1732526150 -6.1669120957 -6.1623522141 -6.1569652848 -6.1553202798 -6.1485744751 -6.1470369666 -6.1377127386 -6.1360499485 -6.1350300198 -6.1309353990 -6.1270771075 -6.1256643282 -6.1243109621 -6.1186567212 -6.1180325451 -6.1133441776 -6.1124444948 -6.1080195428 -6.1050663086 -6.1040904465 -6.1003571674 -6.0997409852 -6.0977146554 -6.0925923410 -6.0892681400 -6.0871755170 -6.0858816222 -6.0822575137 -6.0803546039 -6.0745982888 -6.0657758052 -6.0632759410 -6.0575065138 -6.0550509772 -6.0499182312 -6.0444626354 -6.0426215411 -6.0409763116 -6.0383682711 -6.0362239758 -6.0344619825 -6.0328868907 -6.0326829378 -6.0303156685 -6.0269367871 -6.0258214702 -6.0248444444 -6.0223616372 -6.0196171022 -6.0177408458 -6.0164219703 -6.0149359263 -6.0126085491 -6.0096734427 -6.0091805602 -6.0065821660 -6.0046241527 -6.0024730577 -6.0013270298 -5.9991566752 -5.9967073517 -5.9951198599 -5.9870838397 -5.9855075137 -5.9846943706 -5.9828061733 -5.9813631057 -5.9796363116 -5.9764431735 -5.9723689005 -5.9694028539 -5.9678819133 -5.9651377267 -5.9636783712 -5.9622878420 -5.9613154228 -5.9598248555 -5.9584909572 -5.9558579894 -5.9541302313 -5.9507500233 -5.9495139554 -5.9483198302 -5.9459232560 -5.9449319117 -5.9435200993 -5.9409313666 -5.9396844453 -5.9334532181 -5.9300333861 -5.9286309565 -5.9261839062 -5.9248357066 -5.9228764548 -5.9221686375 -5.9183742721 -5.9171306681 -5.9149690382 -5.9114908939 -5.9086368083 -5.9074127690 -5.9067415619 -5.9037255896 -5.9015975678 -5.8996341339 -5.8978056792 -5.8959990999 -5.8924889733 -5.8903738147 -5.8898454962 -5.8862557631 -5.8845653379 -5.8835646305 -5.8812371814 -5.8785609917 -5.8740350591 -5.8724628958 -5.8701869452 -5.8671310762 -5.8665714948 -5.8638836812 -5.8609725434 -5.8595322143 -5.8567698909 -5.8520559187 -5.8484466708 -5.8467590643 -5.8399837451 -5.8379763571 -5.8327183910 -5.8285337980 -5.8271213922 -5.8197088553 -5.8140015867 -5.8025026887 -5.7995173587 -5.7890450466 -5.7862465964 -5.7814322001 -5.7802268772 -5.7733638127 -5.7722563063 -5.7646106360 -5.7622538580 -5.7569140782 -5.7528894427
-6.5062918390 -6.4849148793 -6.4797685382 -6.4755784138 -6.4686621382 -6.4610044615 -6.4512797704 -6.4451615687 -6.4367653490 -6.4345628658 -6.4172121389 -6.4098354385 -6.3667850564 -6.3544152090 -6.3422909659 -6.3382635244 -6.3349348801 -6.3343748256 -6.3278953755 -6.3231706704 -6.3165389201 -6.3159397975 -6.3053754361 -6.3035178209 -6.3022801803 -6.3002590443 -6.2756209722 -6.2743048978 -6.2634007343 -6.2612266155 -6.2563876822 -6.2538450294 -6.2526219860 -6.2500533654 -6.2389620100 -6.2270570155 -6.2198777670 -6.2171638459 -6.1782767944 -6.1748539267 -6.1678684599 -6.1639437777 -6.1565042292 -6.1522429237 -6.1467184470 -6.1457950158 -6.1374751894 -6.1348725245 -6.1323896278 -6.1309857672 -6.1270091707 -6.1256175246 -6.1230071232 -6.1195230785 -6.1165168406 -6.1147423620 -6.1137694697 -6.1095827094 -6.1054227095 -6.1041492478 -6.1018596399 -6.1011302426 -6.0984452101 -6.0918979822 -6.0908269019 -6.0888944434 -6.0875213401 -6.0843962392 -6.0822616714 -6.0761041601 -6.0643588718 -6.0618967593 -6.0560689687 -6.0535856873 -6.0483335355 -6.0431648704 -6.0412027978 -6.0396573151 -6.0388594703 -6.0371582445 -6.0340101669 -6.0327494424 -6.0316514284 -6.0299331681 -6.0281854937 -6.0261030029 -6.0251270996 -6.0225563552 -6.0197707365 -6.0192184718 -6.0168383467 -6.0158768032 -6.0131281757 -6.0110962782 -6.0094944207 -6.0079384963 -6.0059601090 -6.0025181669 -6.0011345334 -5.9990826133 -5.9969965525 -5.9955985921 -5.9872421897 -5.9863374676 -5.9842587289 -5.9832762006 -5.9809366778 -5.9791997723 -5.9754864941 -5.9722455122 -5.9683004623 -5.9679264039 -5.9646583245 -5.9632542130 -5.9624831671 -5.9612524367 -5.9603148201 -5.9585286690 -5.9562684276 -5.9534496697 -5.9518487908 -5.9506057939 -5.9482439354 -5.9461104460 -5.9451013776 -5.9438680620 -5.9414619863 -5.9401712951 -5.9345068443 -5.9300340319 -5.9285628098 -5.9263849691 -5.9251484149 -5.9227226987 -5.9216049638 -5.9175132330 -5.9162014694 -5.9144390176 -5.9105366725 -5.9087393049 -5.9074781260 -5.9067302628 -5.9043732345 -5.9021647398 -5.8993821064 -5.8983663899 -5.8966043196 -5.8932031338 -5.8907368751 -5.8893709794 -5.8856680042 -5.8852036300 -5.8832066597 -5.8805890880 -5.8777344831 -5.8742431444 -5.8721918864 -5.8702342262 -5.8674303355 -5.8661898771 -5.8634376847 -5.8614990190 -5.8600170710 -5.8559968149 -5.8527489586 -5.8490506345 -5.8478475088 -5.8395500245 -5.8380993531 -5.8333911992 -5.8281844909 -5.8265560297 -5.8204127381 -5.8150376374 -5.8012081199 -5.7985679449 -5.7883962489 -5.7856309246 -5.7814970364 -5.7799173106 -5.7734424572 -5.7723054225 -5.7649892810 -5.7623448816 -5.7574453390 -5.7531412527
-6.5074526541 -6.4860324435 -6.4789338828 -6.4767152013 -6.4699107865 -6.4601873764 -6.4544610363 -6.4440201272 -6.4375720623 -6.4355366391 -6.4201083901 -6.4124905174 -6.3634912060 -6.3512838836 -6.3430178137 -6.3353243749 -6.3347793333 -6.3317514638 -6.3300906810 -6.3250620497 -6.3184865633 -6.3182574859 -6.3071013840 -6.3053881996 -6.3042208884 -6.3021244361 -6.2738256340 -6.2723818376 -6.2615490075 -6.2593562983 -6.2545518468 -6.2520295554 -6.2507933895 -6.2482436423 -6.2424356583 -6.2304507035 -6.2232935224 -6.2206194377 -6.1793398731 -6.1764450703 -6.1688405672 -6.1655285442 -6.1560979902 -6.1492073217 -6.1463970337 -6.1431686523 -6.1388473205 -6.1321985887 -6.1314170399 -6.1295151173 -6.1280802518 -6.1256422500 -6.1210665114 -6.1203018823 -6.1165124363 -6.1152776264 -6.1140490806 -6.1112059990 -6.1067293993 -6.1035860027 -6.1032147727 -6.1025282380 -6.0988635874 -6.0925281478 -6.0911237671 -6.0905640061 -6.0891330049 -6.0865249596 -6.0841861120 -6.0776038939 -6.0629726871 -6.0605369945 -6.0546509410 -6.0521969917 -6.0467882146 -6.0425673859 -6.0403599485 -6.0390514939 -6.0386459816 -6.0372122119 -6.0345003045 -6.0321015598 -6.0308282627 -6.0297945885 -6.0288326752 -6.0263807920 -6.0253227156 -6.0225979282 -6.0209788318 -6.0197225546 -6.0177507658 -6.0161027543 -6.0136456991 -6.0125559135 -6.0099287238 -6.0091614313 -6.0073752450 -6.0025636174 -6.0010429956 -5.9992111854 -5.9983105341 -5.9948027504 -5.9877376295 -5.9869518272 -5.9848970002 -5.9828263201 -5.9806769896 -5.9783553394 -5.9746055018 -5.9721905382 -5.9685754145 -5.9667373694 -5.9644848850 -5.9639894525 -5.9625611179 -5.9612780534 -5.9596429261 -5.9588449472 -5.9560338320 -5.9535533041 -5.9527175830 -5.9512022028 -5.9487118396 -5.9463547744 -5.9453661198 -5.9435838017 -5.9418566157 -5.9407265957 -5.9355436012 -5.9307570283 -5.9281519726 -5.9269097401 -5.9253457307 -5.9225846619 -5.9205952304 -5.9165936158 -5.9153641565 -5.9138079731 -5.9099494903 -5.9089660230 -5.9072721974 -5.9066995990 -5.9048911931 -5.9027341418 -5.8991999301 -5.8988858711 -5.8972082490 -5.8939378865 -5.8912955915 -5.8887011875 -5.8861847423 -5.8850592045 -5.8825490496 -5.8799335300 -5.8769313042 -5.8746586285 -5.8718278829 -5.8702508452 -5.8677510042 -5.8658663358 -5.8636142976 -5.8617740286 -5.8600332503 -5.8553509082 -5.8533497656 -5.8496790789 -5.8487775568 -5.8394936886 -5.8381736081 -5.8338718692 -5.8277074825 -5.8260276820 -5.8210327206 -5.8160732085 -5.8002327700 -5.7973865174 -5.7880494343 -5.7851843758 -5.7814829924 -5.7794865806 -5.7735466052 -5.7722292042 -5.7653823591 -5.7624448639 -5.7579611172 -5.7534096881
-6.5086270186 -6.4871718000 -6.4785794327 -6.4773865185 -6.4711555348 -6.4593782113 -6.4576333478 -6.4428803694 -6.4405730922 -6.4343064029 -6.4229905122 -6.4151300886 -6.3601982492 -6.3481590613 -6.3438910536 -6.3356073235 -6.3323064969 -6.3319339132 -6.3286171549 -6.3269930163 -6.3206222558 -6.3203288827 -6.3088041602 -6.3072336685 -6.3061772582 -6.3039570422 -6.2720413633 -6.2704730425 -6.2597215835 -6.2575039165 -6.2527309196 -6.2502284006 -6.2489806778 -6.2464492505 -6.2459084985 -6.2338529835 -6.2267107961 -6.2240749692 -6.1804098257 -6.1780264299 -6.1698261401 -6.1671058050 -6.1557613388 -6.1463866187 -6.1460786606 -6.1406009455 -6.1400952998 -6.1320538927 -6.1295162559 -6.1290929868 -6.1269335986 -6.1256946631 -6.1225655942 -6.1182171894 -6.1174466948 -6.1166263263 -6.1128720996 -6.1119574931 -6.1080654762 -6.1049478040 -6.1042500948 -6.1022634762 -6.0991638015 -6.0940689574 -6.0924590692 -6.0907275004 -6.0903574017 -6.0885941142 -6.0861011334 -6.0790950378 -6.0616238729 -6.0592040511 -6.0532622920 -6.0509360793 -6.0453516738 -6.0431983540 -6.0401575403 -6.0387461942 -6.0376093117 -6.0363751630 -6.0350037730 -6.0319038450 -6.0311889711 -6.0296261949 -6.0282032083 -6.0264953884 -6.0254183423 -6.0228549118 -6.0222107698 -6.0200537829 -6.0185486112 -6.0160610372 -6.0141889360 -6.0139929579 -6.0109509601 -6.0097631195 -6.0087876652 -6.0026904755 -6.0013772310 -5.9999069284 -5.9987276705 -5.9939982127 -5.9885249430 -5.9872779811 -5.9859114857 -5.9822147861 -5.9803502830 -5.9773555370 -5.9738416469 -5.9722452354 -5.9688956816 -5.9660279981 -5.9648694356 -5.9642698078 -5.9631974872 -5.9607595744 -5.9599760093 -5.9577628496 -5.9555454880 -5.9546515057 -5.9535461985 -5.9509791165 -5.9494373226 -5.9466232015 -5.9456807663 -5.9434592703 -5.9416752786 -5.9413206123 -5.9365356816 -5.9315674474 -5.9285627026 -5.9270177976 -5.9254624558 -5.9221303255 -5.9195507295 -5.9156987633 -5.9146478207 -5.9130933921 -5.9101085560 -5.9088558179 -5.9071680431 -5.9064943726 -5.9051352584 -5.9032603131 -5.8996307606 -5.8988639605 -5.8977697575 -5.8946545537 -5.8919052435 -5.8880077483 -5.8871780909 -5.8844717162 -5.8818568700 -5.8793889332 -5.8762048298 -5.8750453672 -5.8715392933 -5.8702208238 -5.8680128358 -5.8656259276 -5.8646267164 -5.8612967332 -5.8598907549 -5.8550706626 -5.8536808411 -5.8503617454 -5.8494350052 -5.8401178574 -5.8378564263 -5.8341334096 -5.8271976417 -5.8255450785 -5.8215485464 -5.8170912560 -5.7995483471 -5.7960237953 -5.7879651004 -5.7849630536 -5.7813745958 -5.7789764141 -5.7736951589 -5.7719824902 -5.7657836041 -5.7625649517 -5.7584388994 -5.7536871792
-6.5098154551 -6.4883331897 -6.4794750138 -6.4768267940 -6.4723925248 -6.4607968408 -6.4585766914 -6.4435690020 -6.4417398087 -6.4330735173 -6.4258582748 -6.4177543609 -6.3569069196 -6.3452277373 -6.3447235555 -6.3362484333 -6.3345398905 -6.3290282538 -6.3287236665 -6.3254605312 -6.3229683805 -6.3221270224 -6.3104846544 -6.3090495280 -6.3081479132 -6.3057566686 -6.2702694673 -6.2685793514 -6.2579202780 -6.2556703466 -6.2509285412 -6.2494007570 -6.2484377039 -6.2471734388 -6.2446636457 -6.2372616268 -6.2301289951 -6.2275296790 -6.1814850587 -6.1795982881 -6.1708233731 -6.1686754053 -6.1555162471 -6.1463445467 -6.1432554074 -6.1412292921 -6.1380452131 -6.1329260386 -6.1300476428 -6.1269809390 -6.1258194495 -6.1248907080 -6.1236490074 -6.1198127362 -6.1180494898 -6.1150601569 -6.1140917863 -6.1100118870 -6.1093863186 -6.1061792662 -6.1056581256 -6.1014498274 -6.0994375197 -6.0955922313 -6.0942302808 -6.0923047371 -6.0909380891 -6.0895739697 -6.0878687916 -6.0805770444 -6.0603205355 -6.0579043999 -6.0519208101 -6.0499293668 -6.0449258834 -6.0434423830 -6.0404984669 -6.0381591544 -6.0367053743 -6.0358408128 -6.0347218826 -6.0326610225 -6.0314218017 -6.0288687407 -6.0281129045 -6.0261824679 -6.0252979037 -6.0241764795 -6.0221833224 -6.0208361739 -6.0187303736 -6.0161312440 -6.0153169923 -6.0146257426 -6.0122487744 -6.0103554541 -6.0098392262 -6.0031940268 -6.0022734050 -6.0001431161 -5.9988340719 -5.9932687052 -5.9893431064 -5.9875376932 -5.9869580767 -5.9818555545 -5.9797743652 -5.9763143723 -5.9732731040 -5.9724453532 -5.9691244041 -5.9664280863 -5.9656871732 -5.9641971530 -5.9627842628 -5.9614796844 -5.9593111533 -5.9565827302 -5.9557947223 -5.9551619004 -5.9542430364 -5.9510682362 -5.9498067474 -5.9469136416 -5.9459135187 -5.9438706930 -5.9420804963 -5.9407326450 -5.9374363532 -5.9323473474 -5.9294120255 -5.9273764042 -5.9250331252 -5.9215668797 -5.9185136581 -5.9148740519 -5.9140245775 -5.9124152422 -5.9105876113 -5.9086220961 -5.9075693887 -5.9059572366 -5.9050963084 -5.9036202725 -5.9002619581 -5.8988740039 -5.8981172150 -5.8953261806 -5.8925590055 -5.8881808605 -5.8872780229 -5.8839027336 -5.8811799530 -5.8791017288 -5.8757836279 -5.8750183538 -5.8713798852 -5.8701864798 -5.8681453519 -5.8659254454 -5.8653614427 -5.8606913681 -5.8596415519 -5.8553273474 -5.8536512564 -5.8510329578 -5.8497802307 -5.8410557556 -5.8373881998 -5.8342677559 -5.8267098131 -5.8251112604 -5.8219412226 -5.8180711479 -5.7990634311 -5.7945935190 -5.7880888593 -5.7849637356 -5.7811993307 -5.7784528710 -5.7738761471 -5.7715632611 -5.7661821398 -5.7627212152 -5.7588501391 -5.7539631138
-6.5110185745 -6.4895168628 -6.4806547100 -6.4760165877 -6.4736076890 -6.4639497419 -6.4577842843 -6.4465555837 -6.4406023064 -6.4318377406 -6.4287114816 -6.4203635526 -6.3536183146 -6.3461237638 -6.3418810630 -6.3370252860 -6.3367528804 -6.3309490363 -6.3256315776 -6.3253317413 -6.3238424007 -6.3222862095 -6.3121449546 -6.3108304856 -6.3101299857 -6.3075245871 -6.2685111962 -6.2667015680 -6.2561478677 -6.2538579644 -6.2528842822 -6.2491294526 -6.2466727639 -6.2453935455 -6.2429025158 -6.2406666383 -6.2335472092 -6.2309823031 -6.1825641235 -6.1811606920 -6.1718308977 -6.1702371716 -6.1553952978 -6.1466995646 -6.1421133801 -6.1403533861 -6.1357083000 -6.1339348480 -6.1307951307 -6.1265989070 -6.1259728900 -6.1241717120 -6.1225345110 -6.1206606700 -6.1193617564 -6.1162655188 -6.1120640087 -6.1108015189 -6.1084937966 -6.1073927512 -6.1060261456 -6.1006704713 -6.0997465983 -6.0970348111 -6.0959871914 -6.0938915212 -6.0929016618 -6.0904006433 -6.0883436032 -6.0820499554 -6.0590754111 -6.0566453943 -6.0507089485 -6.0494835545 -6.0457704672 -6.0424172346 -6.0408747152 -6.0383400116 -6.0361656892 -6.0352223650 -6.0342251258 -6.0329651098 -6.0314590136 -6.0285855084 -6.0281386639 -6.0262491648 -6.0254492248 -6.0244414192 -6.0223544476 -6.0213465130 -6.0185675912 -6.0172288327 -6.0155217488 -6.0150237592 -6.0135211292 -6.0116799203 -6.0100138742 -6.0045452007 -6.0027198721 -6.0001284538 -5.9989902538 -5.9926582791 -5.9901038486 -5.9880765328 -5.9876725289 -5.9817300263 -5.9789858051 -5.9752948515 -5.9732452873 -5.9725204292 -5.9692224263 -5.9673437621 -5.9666004961 -5.9640542072 -5.9627142398 -5.9614751259 -5.9585320149 -5.9574461083 -5.9560982082 -5.9544861398 -5.9540618486 -5.9518193255 -5.9496411838 -5.9472650245 -5.9460361677 -5.9443692935 -5.9428333182 -5.9398376518 -5.9380803039 -5.9330594428 -5.9303126237 -5.9279540591 -5.9243424816 -5.9210044558 -5.9175012068 -5.9141682409 -5.9134725931 -5.9120402907 -5.9109149926 -5.9084835677 -5.9079812789 -5.9056558238 -5.9050129591 -5.9035090192 -5.9009091652 -5.8992536339 -5.8980789060 -5.8959183873 -5.8932550647 -5.8891114588 -5.8865808750 -5.8833700013 -5.8805714498 -5.8791758323 -5.8756401564 -5.8745044820 -5.8713029845 -5.8702492223 -5.8681008212 -5.8670603020 -5.8652941086 -5.8602631365 -5.8591996681 -5.8557943114 -5.8536705662 -5.8515513073 -5.8498566567 -5.8420357893 -5.8369161013 -5.8343631466 -5.8262922649 -5.8247142621 -5.8222089447 -5.8189793500 -5.7987183645 -5.7931824154 -5.7883727938 -5.7851284511 -5.7810135625 -5.7779825940 -5.7740625921 -5.7710132717 -5.7665578217 -5.7629268523 -5.7591662779 -5.7542224953
-6.5122370712 -6.4907230571 -6.4818812674 -6.4753867039 -6.4746084684 -6.4670916180 -6.4570007494 -6.4495353916 -6.4394650442 -6.4315499896 -6.4305987188 -6.4229578916 -6.3503358296 -6.3474254350 -6.3391093004 -6.3388354499 -6.3377589798 -6.3328975580 -6.3277076698 -6.3255065997 -6.3224555897 -6.3190942146 -6.3137884230 -6.3125708397 -6.3121194886 -6.3092628796 -6.2667677838 -6.2648404881 -6.2563764335 -6.2544004385 -6.2520632108 -6.2473559825 -6.2449786453 -6.2440869247 -6.2435857131 -6.2411341993 -6.2369623760 -6.2344293790 -6.1836462359 -6.1827129290 -6.1728482356 -6.1717902394 -6.1554454879 -6.1473195615 -6.1427665068 -6.1375446197 -6.1354632680 -6.1330385482 -6.1315444225 -6.1281635629 -6.1266299522 -6.1239047973 -6.1216562155 -6.1207963536 -6.1186563418 -6.1177274396 -6.1129742379 -6.1098867921 -6.1089066683 -6.1074494745 -6.1045607717 -6.1004383825 -6.0997693049 -6.0983255194 -6.0975646379 -6.0955141359 -6.0948086136 -6.0921816058 -6.0877758816 -6.0835134673 -6.0579149087 -6.0554382586 -6.0506341173 -6.0490702244 -6.0460585822 -6.0422482807 -6.0404221747 -6.0390903652 -6.0359606488 -6.0351109739 -6.0334763396 -6.0326567737 -6.0312678503 -6.0292070656 -6.0276291200 -6.0271546614 -6.0255041012 -6.0240797573 -6.0227945767 -6.0210703303 -6.0187122180 -6.0181214294 -6.0158454206 -6.0151446422 -6.0144143722 -6.0130300418 -6.0100083867 -6.0061537988 -6.0030597889 -6.0000856271 -5.9992499816 -5.9922224635 -5.9907706097 -5.9890279252 -5.9878692830 -5.9817196359 -5.9781139357 -5.9745653349 -5.9736171321 -5.9723724071 -5.9694407677 -5.9683036639 -5.9671651760 -5.9645365254 -5.9628424810 -5.9607415257 -5.9588226576 -5.9577083263 -5.9569582962 -5.9540546529 -5.9530754037 -5.9522423912 -5.9495225907 -5.9476700683 -5.9462271695 -5.9446625847 -5.9436300870 -5.9396778640 -5.9378852210 -5.9336751892 -5.9311561677 -5.9285194924 -5.9236401619 -5.9204766864 -5.9165319132 -5.9137358106 -5.9129986934 -5.9120890585 -5.9109260582 -5.9087447480 -5.9078325227 -5.9058164358 -5.9048687828 -5.9029774819 -5.9014979116 -5.8997098935 -5.8979823878 -5.8963646736 -5.8939769768 -5.8899829800 -5.8859009083 -5.8829062344 -5.8802470488 -5.8793496560 -5.8754267107 -5.8739837189 -5.8712312974 -5.8704179219 -5.8682744612 -5.8677115652 -5.8652828739 -5.8600694735 -5.8585909603 -5.8562527877 -5.8539218095 -5.8518593360 -5.8497539603 -5.8429030194 -5.8364928033 -5.8344658912 -5.8259892352 -5.8243223352 -5.8223994743 -5.8197513099 -5.7984852689 -5.7918588470 -5.7887807343 -5.7853811599 -5.7808658518 -5.7776159259 -5.7742249744 -5.7704258129 -5.7668721143 -5.7631735257 -5.7593717566 -5.7544443406
-6.5134717193 -6.4919519972 -6.4831294022 -6.4762154986 -6.4741440638 -6.4702201238 -6.4562266588 -6.4525078248 -6.4383282412 -6.4343736285 -6.4293561576 -6.4255376105 -6.3488813325 -6.3470398913 -6.3414153320 -6.3389748885 -6.3356127407 -6.3347243930 -6.3300939699 -6.3270983517 -6.3192863552 -6.3158909209 -6.3154150099 -6.3142671662 -6.3141079346 -6.3109738691 -6.2650404940 -6.2629970974 -6.2598624413 -6.2526970747 -6.2502982531 -6.2475644670 -6.2455860138 -6.2431622090 -6.2418691383 -6.2404116322 -6.2393948584 -6.2378380025 -6.1847347411 -6.1842500569 -6.1738792900 -6.1733294632 -6.1557271552 -6.1480733043 -6.1433495980 -6.1365912866 -6.1347536016 -6.1325621098 -6.1308910394 -6.1299425066 -6.1274205918 -6.1254828055 -6.1220226989 -6.1192637982 -6.1190878200 -6.1165477917 -6.1146620819 -6.1104524704 -6.1096637980 -6.1052121421 -6.1029884908 -6.1013186576 -6.0997271646 -6.0990880702 -6.0983311132 -6.0970787652 -6.0965192340 -6.0939619857 -6.0871139730 -6.0849637459 -6.0569177177 -6.0543114518 -6.0519887437 -6.0480010767 -6.0462733806 -6.0425616156 -6.0403889149 -6.0388297153 -6.0366948168 -6.0346141950 -6.0331197278 -6.0322548153 -6.0309955581 -6.0295173266 -6.0281955697 -6.0271386973 -6.0255052042 -6.0246000985 -6.0223033688 -6.0209978785 -6.0193429302 -6.0179652571 -6.0167153739 -6.0156083997 -6.0144267233 -6.0140137716 -6.0098554105 -6.0077893356 -6.0034773112 -6.0000598792 -5.9996329449 -5.9920654237 -5.9912841802 -5.9898951713 -5.9879804368 -5.9817561139 -5.9772639897 -5.9750622155 -5.9731050579 -5.9722982318 -5.9703965257 -5.9685219183 -5.9675611972 -5.9653060176 -5.9627810779 -5.9603509378 -5.9598570170 -5.9579662912 -5.9567933462 -5.9547922067 -5.9521906516 -5.9515694484 -5.9494423677 -5.9480329823 -5.9466445901 -5.9447265152 -5.9443959261 -5.9400263407 -5.9371813560 -5.9341601992 -5.9318281302 -5.9289801441 -5.9230094037 -5.9199860980 -5.9156469316 -5.9138667903 -5.9125524716 -5.9120428513 -5.9110218394 -5.9089774757 -5.9074292883 -5.9061760140 -5.9046295753 -5.9026832216 -5.9017695548 -5.9000197842 -5.8980552876 -5.8965972921 -5.8946556405 -5.8907701184 -5.8852799801 -5.8825893554 -5.8805155236 -5.8791098476 -5.8752885400 -5.8735797620 -5.8711841434 -5.8705075337 -5.8690697394 -5.8674595656 -5.8653594486 -5.8599993776 -5.8580222529 -5.8565998592 -5.8542822634 -5.8520120274 -5.8496198272 -5.8435270281 -5.8361688297 -5.8345752911 -5.8258164326 -5.8239153034 -5.8226254801 -5.8202748058 -5.7983509966 -5.7907100527 -5.7892841078 -5.7856331322 -5.7807807291 -5.7773859128 -5.7743345925 -5.7699592403 -5.7670626522 -5.7634068266 -5.7594745205 -5.7546005500
-6.5147233662 -6.4932038991 -6.4843941412 -6.4774121978 -6.4734270291 -6.4732184962 -6.4555205643 -6.4554146013 -6.4372039240 -6.4371701503 -6.4281178241 -6.4280948306 -6.3504390777 -6.3437870637 -6.3437501853 -6.3403504727 -6.3363846653 -6.3325012759 -6.3324810773 -6.3286405811 -6.3170531323 -6.3161285991 -6.3160924350 -6.3158942623 -6.3126789503 -6.3126331077 -6.2633682210 -6.2633166826 -6.2611700572 -6.2512926739 -6.2507399623 -6.2485313887 -6.2438793410 -6.2437914905 -6.2416688903 -6.2411239438 -6.2401090356 -6.2376312882 -6.1859014420 -6.1856985680 -6.1749987103 -6.1747789956 -6.1562982907 -6.1488189982 -6.1440109972 -6.1375905893 -6.1336325966 -6.1321343387 -6.1319778552 -6.1297616710 -6.1278612562 -6.1267211200 -6.1230935528 -6.1203234909 -6.1171001100 -6.1161960627 -6.1150619321 -6.1116294706 -6.1094907393 -6.1035704665 -6.1029414814 -6.1018936794 -6.1006160784 -6.0991349242 -6.0982111975 -6.0980674056 -6.0975057109 -6.0952945159 -6.0866194142 -6.0862303287 -6.0564386521 -6.0536285593 -6.0529628644 -6.0473688156 -6.0466979658 -6.0427274628 -6.0408738880 -6.0380016541 -6.0371968298 -6.0346870906 -6.0333756982 -6.0318031161 -6.0309229161 -6.0293405752 -6.0284396762 -6.0273290185 -6.0258245397 -6.0248732138 -6.0218734796 -6.0213260777 -6.0189535862 -6.0179195269 -6.0178677603 -6.0159009825 -6.0155163668 -6.0133200091 -6.0097312581 -6.0092024063 -6.0040084119 -6.0002129815 -5.9999993565 -5.9923332696 -5.9915490263 -5.9906027691 -5.9880253490 -5.9818094395 -5.9767647597 -5.9757143831 -5.9730267405 -5.9719556770 -5.9714128281 -5.9684692135 -5.9679269852 -5.9659149897 -5.9629870511 -5.9610848926 -5.9600022937 -5.9583651947 -5.9564093215 -5.9555115884 -5.9518506060 -5.9508956662 -5.9492003195 -5.9480421126 -5.9470810306 -5.9452700309 -5.9446422579 -5.9402189105 -5.9367734245 -5.9344972467 -5.9321569259 -5.9292505909 -5.9224891850 -5.9195269418 -5.9151008681 -5.9141522608 -5.9122053976 -5.9121198227 -5.9110424496 -5.9090469905 -5.9072091340 -5.9063069134 -5.9044649094 -5.9028492448 -5.9017661997 -5.8999510902 -5.8982729951 -5.8968240701 -5.8950775619 -5.8914393636 -5.8848262458 -5.8825429521 -5.8807696390 -5.8788376793 -5.8753480437 -5.8733045295 -5.8713045822 -5.8703029922 -5.8696076736 -5.8671642898 -5.8655096506 -5.8599864872 -5.8577633405 -5.8566903938 -5.8545642149 -5.8520792665 -5.8495712706 -5.8438068261 -5.8360257591 -5.8346359131 -5.8257559660 -5.8235875656 -5.8228949138 -5.8204640162 -5.7983082603 -5.7900093278 -5.7897294264 -5.7857574841 -5.7807580272 -5.7773110757 -5.7743716694 -5.7697843107 -5.7671047775 -5.7635127085 -5.7594990469 -5.7546571937
-6.5096546720 -6.4881296964 -6.4792815299 -6.4725258565 -6.4689780666 -6.4687743821 -6.4511607489 -6.4510585312 -6.4338570811 -6.4338260044 -6.4254872044 -6.4254630064 -6.3457421018 -6.3457187000 -6.3439412010 -6.3344165796 -6.3340103547 -6.3336838102 -6.3302966533 -6.3225854206 -6.3185095269 -6.3184714893 -6.3157543651 -6.3157048145 -6.3105324149 -6.3094140429 -6.2684364128 -6.2598167547 -6.2597689755 -6.2555137924 -6.2477896629 -6.2472626185 -6.2470050558 -6.2445652468 -6.2405672276 -6.2404359320 -6.2381696406 -6.2376609593 -6.1807035451 -6.1804935339 -6.1698851266 -6.1696665476 -6.1533779713 -6.1459713527 -6.1410844682 -6.1341475970 -6.1338871684 -6.1334777837 -6.1295980365 -6.1292825822 -6.1280048823 -6.1234557178 -6.1193614659 -6.1188802836 -6.1179512630 -6.1169065993 -6.1160355400 -6.1122604706 -6.1068985146 -6.1051441299 -6.1037670552 -6.1009170616 -6.0995650124 -6.0970444069 -6.0968041340 -6.0963661301 -6.0942997647 -6.0913735282 -6.0851859178 -6.0845642132 -6.0589881980 -6.0532363782 -6.0518101594 -6.0490923068 -6.0452325957 -6.0420961985 -6.0397258487 -6.0386158933 -6.0376366097 -6.0340435876 -6.0326049527 -6.0323100189 -6.0320205419 -6.0298316387 -6.0279074748 -6.0256041456 -6.0251986070 -6.0248025248 -6.0232867656 -6.0211754813 -6.0190209095 -6.0170184977 -6.0156413744 -6.0150904699 -6.0133009792 -6.0123341693 -6.0071461259 -6.0066024423 -6.0016316871 -6.0000840541 -5.9977701471 -5.9920076453 -5.9896814727 -5.9882373060 -5.9878491971 -5.9815422348 -5.9764250050 -5.9750803415 -5.9717119951 -5.9711345710 -5.9708264513 -5.9689898955 -5.9661659588 -5.9640466510 -5.9610491577 -5.9592033725 -5.9586493446 -5.9580698459 -5.9559639902 -5.9547506080 -5.9523390085 -5.9521166876 -5.9501112280 -5.9496918642 -5.9460103354 -5.9437716095 -5.9421192801 -5.9400185215 -5.9377100279 -5.9339036538 -5.9311400949 -5.9278054297 -5.9242999536 -5.9213120185 -5.9158043953 -5.9144995691 -5.9131014622 -5.9120108403 -5.9111049513 -5.9089881508 -5.9078648438 -5.9069063759 -5.9042399200 -5.9025668305 -5.9011521085 -5.9009135331 -5.8971560265 -5.8950126501 -5.8940808394 -5.8889993637 -5.8867654690 -5.8824187478 -5.8805834429 -5.8792604711 -5.8749817113 -5.8739158579 -5.8721788085 -5.8697679167 -5.8683196336 -5.8680608610 -5.8650974155 -5.8599603737 -5.8579552214 -5.8569383548 -5.8537488748 -5.8517572474 -5.8494077683 -5.8429769905 -5.8365857713 -5.8344336557 -5.8261021426 -5.8243049965 -5.8219804201 -5.8200240749 -5.7984715699 -5.7912484535 -5.7896442874 -5.7852141888 -5.7807629057 -5.7775967606 -5.7742596090 -5.7703017904 -5.7672623708 -5.7630167043 -5.7593572945 -5.7544005626
-6.5045306711 -6.4830144773 -6.4741251881 -6.4675975182 -6.4646574550 -6.4644510366 -6.4468900917 -6.4467925255 -6.4304826783 -6.4304546002 -6.4228299440 -6.4228042750 -6.3479371457 -6.3479129612 -6.3375035776 -6.3356765387 -6.3356205460 -6.3278506465 -6.3243094998 -6.3209643023 -6.3208970902 -6.3186991461 -6.3186421487 -6.3165298293 -6.3039970271 -6.3028684020 -6.2756972961 -6.2624695621 -6.2563369604 -6.2562933507 -6.2539481561 -6.2514192457 -6.2443438763 -6.2438469479 -6.2373380249 -6.2371871104 -6.2348184301 -6.2342953371 -6.1755445044 -6.1753263563 -6.1648185155 -6.1646027373 -6.1504499103 -6.1431255791 -6.1381627547 -6.1363604955 -6.1358139019 -6.1313549246 -6.1306383681 -6.1294382501 -6.1243396089 -6.1224031740 -6.1197317685 -6.1189330684 -6.1177648842 -6.1149201141 -6.1147575213 -6.1119086007 -6.1071675917 -6.1060045568 -6.1021498325 -6.1005588015 -6.0995478336 -6.0956102329 -6.0954151782 -6.0925060300 -6.0889898771 -6.0868103837 -6.0838124005 -6.0824646939 -6.0636507732 -6.0555309458 -6.0508680781 -6.0486226455 -6.0438832232 -6.0426168039 -6.0400662216 -6.0390872135 -6.0367020530 -6.0356829836 -6.0337504479 -6.0329001458 -6.0304727002 -6.0294530637 -6.0281946375 -6.0271625342 -6.0261342953 -6.0235670927 -6.0224285364 -6.0205170212 -6.0194538065 -6.0163240861 -6.0136386275 -6.0127281041 -6.0100397479 -6.0089642900 -6.0043246362 -6.0037490407 -6.0002198972 -5.9992053233 -5.9954039035 -5.9926211277 -5.9881055146 -5.9872988920 -5.9856690034 -5.9811898085 -5.9762355720 -5.9745479594 -5.9709171813 -5.9707169820 -5.9701507526 -5.9693151848 -5.9645584726 -5.9620358636 -5.9601539530 -5.9586972337 -5.9581617740 -5.9562609719 -5.9557880326 -5.9548702838 -5.9530921026 -5.9524274854 -5.9509167229 -5.9503723875 -5.9456717967 -5.9429215786 -5.9397252035 -5.9386256985 -5.9382082587 -5.9341970469 -5.9291647951 -5.9265452600 -5.9250698931 -5.9228345167 -5.9171740975 -5.9151460930 -5.9141200481 -5.9128086987 -5.9108531901 -5.9093101263 -5.9090942623 -5.9077572803 -5.9036092361 -5.9028389071 -5.9019750470 -5.8993927367 -5.8956794905 -5.8931103834 -5.8925040547 -5.8892680787 -5.8865492300 -5.8843390453 -5.8797723446 -5.8789102929 -5.8760763301 -5.8742469835 -5.8726612638 -5.8693821447 -5.8683303883 -5.8665858986 -5.8655882207 -5.8596940086 -5.8581039518 -5.8569476072 -5.8533858497 -5.8507076819 -5.8487722482 -5.8416623771 -5.8376047292 -5.8343908265 -5.8269881016 -5.8243744447 -5.8209820277 -5.8193540241 -5.7989457399 -5.7928693583 -5.7907461902 -5.7847237647 -5.7804291873 -5.7783532364 -5.7741193450 -5.7713762088 -5.7676863185 -5.7624991944 -5.7583991741 -5.7535256869
-6.4993493723 -6.4778567711 -6.4689242277 -6.4626354781 -6.4604623696 -6.4602367541 -6.4427044291 -6.4426122038 -6.4270893179 -6.4270644762 -6.4201400186 -6.4201125620 -6.3503235814 -6.3502983933 -6.3374638841 -6.3374364998 -6.3310197429 -6.3235126359 -6.3234580449 -6.3218447908 -6.3214807929 -6.3213153920 -6.3182853168 -6.3105503670 -6.2974370684 -6.2962477815 -6.2829497078 -6.2694207512 -6.2608216679 -6.2582444158 -6.2529294342 -6.2528824677 -6.2410812143 -6.2406316229 -6.2341807199 -6.2339889284 -6.2315281079 -6.2309911715 -6.1704298156 -6.1702025927 -6.1598037182 -6.1595930753 -6.1475119288 -6.1402830720 -6.1393659390 -6.1386610009 -6.1352081732 -6.1338047862 -6.1312039290 -6.1278434755 -6.1249683958 -6.1219857598 -6.1197336640 -6.1190877239 -6.1167905902 -6.1146429646 -6.1108636107 -6.1092648579 -6.1077756095 -6.1071423768 -6.1004021944 -6.1001020878 -6.0965419917 -6.0943754281 -6.0940471986 -6.0883208103 -6.0850650521 -6.0824725277 -6.0820020808 -6.0789672320 -6.0687576709 -6.0603884995 -6.0493857358 -6.0471706267 -6.0443114716 -6.0439003227 -6.0413846334 -6.0393612772 -6.0377019706 -6.0356712494 -6.0342136029 -6.0331703815 -6.0319851694 -6.0308661663 -6.0282963950 -6.0270691313 -6.0243491444 -6.0241123307 -6.0215272104 -6.0211182067 -6.0171959986 -6.0135862583 -6.0113669937 -6.0101916114 -6.0065996374 -6.0056019700 -6.0017031647 -6.0010469281 -5.9999088244 -5.9967763813 -5.9938481080 -5.9927645964 -5.9884506834 -5.9849794442 -5.9833211392 -5.9807571991 -5.9764217868 -5.9741641118 -5.9714865771 -5.9699701762 -5.9698203788 -5.9689410152 -5.9631301175 -5.9607906902 -5.9599968813 -5.9587581122 -5.9579424624 -5.9566094997 -5.9543992692 -5.9541826444 -5.9536851661 -5.9524656441 -5.9508684601 -5.9499604339 -5.9455629754 -5.9431967201 -5.9402677730 -5.9361488774 -5.9360819496 -5.9340225314 -5.9283361946 -5.9266318594 -5.9254951728 -5.9214205399 -5.9189109335 -5.9160424963 -5.9152393454 -5.9137981670 -5.9111252498 -5.9108132516 -5.9094945715 -5.9086108232 -5.9041700418 -5.9032572003 -5.9012838772 -5.8976302486 -5.8940838619 -5.8919052803 -5.8914883767 -5.8902730575 -5.8872382754 -5.8838939075 -5.8790957136 -5.8790133352 -5.8769906955 -5.8758436649 -5.8715305726 -5.8702517007 -5.8672744191 -5.8669577571 -5.8649777943 -5.8590590601 -5.8580821550 -5.8566141165 -5.8531158892 -5.8492447903 -5.8477839099 -5.8405123240 -5.8385036885 -5.8348374028 -5.8277216685 -5.8241215236 -5.8200458236 -5.8186392643 -5.7997017328 -5.7946714129 -5.7923352686 -5.7852848790 -5.7798178939 -5.7794027909 -5.7742280445 -5.7726520267 -5.7676511782 -5.7629214350 -5.7563616712 -5.7521634798
-6.4941085727 -6.4726548840 -6.4636779901 -6.4576743287 -6.4563866209 -6.4560910752 -6.4385993445 -6.4385129116 -6.4236874736 -6.4236659997 -6.4174109897 -6.4173813853 -6.3528567522 -6.3528308385 -6.3393909450 -6.3393609365 -6.3261575571 -6.3261067578 -6.3245988044 -6.3241837070 -6.3241258356 -6.3155345626 -6.3123944030 -6.3046017203 -6.2908578148 -6.2901890803 -6.2895465987 -6.2763593276 -6.2676666869 -6.2650528936 -6.2496056850 -6.2495563825 -6.2379836471 -6.2375919510 -6.2310798016 -6.2308374516 -6.2283046255 -6.2277481344 -6.1653646403 -6.1651275359 -6.1548463653 -6.1546438189 -6.1445607156 -6.1427698272 -6.1419297164 -6.1375022557 -6.1373512184 -6.1337327791 -6.1322446957 -6.1273631556 -6.1249976227 -6.1244429614 -6.1210567838 -6.1188885684 -6.1151625503 -6.1107635131 -6.1096921583 -6.1085348139 -6.1065910596 -6.1034000457 -6.0999074918 -6.0996414892 -6.0934634352 -6.0932654753 -6.0910430865 -6.0845638833 -6.0831136463 -6.0806167025 -6.0769005419 -6.0744868215 -6.0737566920 -6.0657252206 -6.0483287384 -6.0466539492 -6.0462486623 -6.0446700975 -6.0438563532 -6.0389830241 -6.0381142121 -6.0374934426 -6.0359370069 -6.0349812472 -6.0335342633 -6.0303694208 -6.0277723408 -6.0266147901 -6.0248486661 -6.0225658634 -6.0201865563 -6.0197274314 -6.0146121318 -6.0107769691 -6.0089050839 -6.0074685349 -6.0031710650 -6.0025621614 -6.0009506627 -5.9984603641 -5.9976169899 -5.9947685962 -5.9942196895 -5.9906067649 -5.9890814021 -5.9826504771 -5.9815454605 -5.9799638758 -5.9772291273 -5.9740789757 -5.9718392620 -5.9702993007 -5.9692760897 -5.9683951175 -5.9620841626 -5.9616738810 -5.9603250432 -5.9584728459 -5.9575383679 -5.9562838405 -5.9551968866 -5.9529965501 -5.9524137243 -5.9515752846 -5.9500958070 -5.9492371474 -5.9455254414 -5.9438909381 -5.9411157476 -5.9363976874 -5.9329448434 -5.9314959550 -5.9299857600 -5.9273374187 -5.9238739347 -5.9209143470 -5.9184892024 -5.9171821407 -5.9165674799 -5.9148609446 -5.9122595831 -5.9117988402 -5.9100242661 -5.9094019380 -5.9049539579 -5.9039617933 -5.9000316920 -5.8958664957 -5.8944581166 -5.8926426900 -5.8899843055 -5.8897035057 -5.8878525571 -5.8817097418 -5.8804149913 -5.8792421171 -5.8777794404 -5.8760276805 -5.8707218767 -5.8703710639 -5.8693484121 -5.8658253358 -5.8635570485 -5.8582748920 -5.8578007244 -5.8559705513 -5.8526487520 -5.8477744766 -5.8465604777 -5.8409006721 -5.8379758464 -5.8357280973 -5.8280389166 -5.8238152838 -5.8192057381 -5.8179200684 -5.8007278088 -5.7965958699 -5.7941635533 -5.7865273540 -5.7809165056 -5.7795560799 -5.7754504121 -5.7729264425 -5.7670349702 -5.7637415331 -5.7539033337 -5.7504980637
-6.4888060986 -6.4674070998 -6.4583868070 -6.4529057661 -6.4524197956 -6.4518153155 -6.4345708386 -6.4344904166 -6.4202890066 -6.4202708712 -6.4146363001 -6.4146041661 -6.3555046950 -6.3554781332 -6.3414543288 -6.3414225844 -6.3288915372 -6.3288450611 -6.3267677372 -6.3267186455 -6.3182001775 -6.3094626612 -6.3065368275 -6.2986895989 -6.2974089105 -6.2842585008 -6.2832783007 -6.2827661127 -6.2744876596 -6.2718392665 -6.2463679320 -6.2463144043 -6.2350866208 -6.2347602833 -6.2280137565 -6.2277190776 -6.2251453927 -6.2245598917 -6.1603540968 -6.1601064743 -6.1499566317 -6.1497640628 -6.1464973136 -6.1455127822 -6.1416460652 -6.1415705382 -6.1370040308 -6.1345648865 -6.1296838557 -6.1293035520 -6.1273409626 -6.1236776402 -6.1219494375 -6.1213301338 -6.1108655681 -6.1094891888 -6.1092587644 -6.1058632388 -6.1026314221 -6.0995487496 -6.0992528049 -6.0988242043 -6.0923104176 -6.0922681409 -6.0861228846 -6.0821773987 -6.0818784963 -6.0799583812 -6.0774424324 -6.0718918067 -6.0715442153 -6.0683596847 -6.0496398449 -6.0479722548 -6.0475390651 -6.0455786564 -6.0443167346 -6.0404527150 -6.0401618682 -6.0385937045 -6.0373402788 -6.0361751578 -6.0354880773 -6.0305372264 -6.0280679013 -6.0251106335 -6.0229467058 -6.0210195182 -6.0186571598 -6.0180021313 -6.0120368255 -6.0079699736 -6.0063735915 -6.0046645465 -6.0019548062 -5.9998280023 -5.9985714004 -5.9970080322 -5.9955024322 -5.9939473492 -5.9917508877 -5.9900576983 -5.9881936802 -5.9814837556 -5.9803461382 -5.9788395127 -5.9776333984 -5.9743795095 -5.9718841163 -5.9711314503 -5.9687156564 -5.9681659044 -5.9627363041 -5.9625187292 -5.9609543057 -5.9576610976 -5.9572292910 -5.9557107734 -5.9546731005 -5.9521127221 -5.9511411649 -5.9507330070 -5.9485347930 -5.9481945019 -5.9455633052 -5.9446427705 -5.9418217989 -5.9373483015 -5.9324588140 -5.9300363343 -5.9286564515 -5.9277798132 -5.9228926707 -5.9213080155 -5.9187846475 -5.9177895483 -5.9165577388 -5.9153059440 -5.9135466799 -5.9125772327 -5.9107322022 -5.9099610806 -5.9055857373 -5.9046704730 -5.8997066108 -5.8961676610 -5.8943597017 -5.8934170216 -5.8897791270 -5.8882191067 -5.8855331266 -5.8822161427 -5.8815239476 -5.8794485048 -5.8780781090 -5.8752236180 -5.8715679372 -5.8706607311 -5.8692050248 -5.8649316435 -5.8621793621 -5.8576203732 -5.8571225957 -5.8550728456 -5.8520408954 -5.8464601436 -5.8451501440 -5.8420955410 -5.8376117613 -5.8359408300 -5.8280499102 -5.8235548495 -5.8184770664 -5.8172021051 -5.8020458013 -5.7985672065 -5.7961406625 -5.7881198408 -5.7826424073 -5.7801463515 -5.7775192210 -5.7724376051 -5.7660601182 -5.7644489941 -5.7513662041 -5.7486650758
-6.4834399273 -6.4621117819 -6.4530539214 -6.4487272654 -6.4485452647 -6.4470051306 -6.4306157412 -6.4305413402 -6.4169063284 -6.4168912565 -6.4118097163 -6.4117746994 -6.3582428319 -6.3582155116 -6.3436442229 -6.3436110074 -6.3316710228 -6.3316269644 -6.3293328622 -6.3292861226 -6.3118364757 -6.3046063368 -6.3034368171 -6.3007266287 -6.2928128695 -6.2901730394 -6.2812814154 -6.2786000118 -6.2776321155 -6.2759090455 -6.2432243240 -6.2431653529 -6.2324250522 -6.2321658997 -6.2249613670 -6.2246221981 -6.2220430680 -6.2214154594 -6.1554046496 -6.1551456290 -6.1505047449 -6.1493758543 -6.1461646407 -6.1451268997 -6.1449432271 -6.1408607148 -6.1385890862 -6.1322299096 -6.1316483471 -6.1302425277 -6.1267766185 -6.1261996796 -6.1242246530 -6.1190409611 -6.1089655540 -6.1087434149 -6.1062373090 -6.1019110283 -6.0990833215 -6.0984433074 -6.0977751004 -6.0953146397 -6.0914153500 -6.0913653630 -6.0858648893 -6.0816330275 -6.0809856162 -6.0801953829 -6.0775956221 -6.0731700957 -6.0667845837 -6.0631505985 -6.0526853015 -6.0499323185 -6.0493845426 -6.0457105179 -6.0446966235 -6.0436016048 -6.0417066605 -6.0406573803 -6.0384482130 -6.0368376173 -6.0355340414 -6.0335500059 -6.0260186607 -6.0230677164 -6.0210017714 -6.0197386980 -6.0171140822 -6.0158395551 -6.0096235343 -6.0053450536 -6.0040915101 -6.0021962280 -6.0016424394 -5.9984845753 -5.9960466098 -5.9953669890 -5.9931728365 -5.9919424908 -5.9905805457 -5.9888546652 -5.9861112205 -5.9827968994 -5.9793584372 -5.9780741238 -5.9762838071 -5.9745228215 -5.9728350378 -5.9711261087 -5.9688894457 -5.9680900725 -5.9638214827 -5.9633066675 -5.9605663980 -5.9585539768 -5.9560698336 -5.9547419720 -5.9533401385 -5.9514073388 -5.9502062901 -5.9498217677 -5.9472191581 -5.9461863167 -5.9457463519 -5.9452600703 -5.9423468089 -5.9384498838 -5.9344888209 -5.9312802870 -5.9258360285 -5.9255490791 -5.9240245839 -5.9207967098 -5.9203541768 -5.9180489473 -5.9166059584 -5.9149960973 -5.9145666782 -5.9127619995 -5.9115639240 -5.9097596412 -5.9059012887 -5.9052831816 -5.9014721015 -5.8974985470 -5.8947603031 -5.8920513367 -5.8883334956 -5.8868694133 -5.8843857301 -5.8833210452 -5.8825848038 -5.8805909974 -5.8765344957 -5.8755587460 -5.8721234783 -5.8701795856 -5.8682468604 -5.8642913349 -5.8608422010 -5.8569936594 -5.8562376403 -5.8540059010 -5.8514052075 -5.8454810506 -5.8436404117 -5.8431300939 -5.8387736613 -5.8346078079 -5.8279140898 -5.8233955151 -5.8178581500 -5.8164899838 -5.8037089285 -5.8005084577 -5.7981895850 -5.7899268611 -5.7846766816 -5.7812076939 -5.7798103618 -5.7723065294 -5.7649590756 -5.7645516610 -5.7488700874 -5.7467549188
-6.4780082143 -6.4567674108 -6.4476937608 -6.4449001880 -6.4447391869 -6.4418862082 -6.4267318392 -6.4266632948 -6.4135511670 -6.4135385173 -6.4089260985 -6.4088879563 -6.3610527124 -6.3610243385 -6.3459501571 -6.3459156582 -6.3344675350 -6.3344251720 -6.3319168635 -6.3318710549 -6.3117745529 -6.3055095416 -6.2974580486 -6.2970385588 -6.2949627806 -6.2880447623 -6.2869686337 -6.2853289200 -6.2709772781 -6.2689828943 -6.2401857462 -6.2401201775 -6.2300279103 -6.2298315289 -6.2219089786 -6.2215424414 -6.2189842970 -6.2182983713 -6.1547539776 -6.1534734015 -6.1508819246 -6.1505021516 -6.1502381488 -6.1451419950 -6.1404284097 -6.1402166155 -6.1355424408 -6.1349079335 -6.1332535150 -6.1299022289 -6.1288246664 -6.1273602361 -6.1232882118 -6.1161340673 -6.1079717897 -6.1078306219 -6.1019719976 -6.0982262146 -6.0976070057 -6.0972404099 -6.0943224976 -6.0919112583 -6.0914747850 -6.0906419012 -6.0904396037 -6.0836480122 -6.0802850405 -6.0801960167 -6.0755046489 -6.0688697726 -6.0620556581 -6.0579941948 -6.0559257195 -6.0522273852 -6.0516704524 -6.0473899188 -6.0465999629 -6.0455850548 -6.0428943612 -6.0421827257 -6.0398623200 -6.0368446966 -6.0364151674 -6.0351417180 -6.0241059537 -6.0213697817 -6.0187100097 -6.0185190248 -6.0156360990 -6.0134598557 -6.0076631034 -6.0036364466 -6.0030105481 -6.0007474111 -5.9997505294 -5.9981100837 -5.9934915061 -5.9928578695 -5.9921440894 -5.9904615360 -5.9882083531 -5.9861634155 -5.9855457842 -5.9832403552 -5.9797067051 -5.9775007150 -5.9755134544 -5.9743023757 -5.9728091223 -5.9711218926 -5.9697144624 -5.9678492758 -5.9644144185 -5.9633544469 -5.9602696070 -5.9591920408 -5.9555248448 -5.9537247203 -5.9522159701 -5.9501680203 -5.9495256857 -5.9490134019 -5.9462849256 -5.9456330467 -5.9455217301 -5.9439793161 -5.9426061759 -5.9396421457 -5.9365828945 -5.9331016850 -5.9273779610 -5.9232261172 -5.9224979662 -5.9219651169 -5.9209532065 -5.9185536883 -5.9161313475 -5.9156108951 -5.9147956108 -5.9127349079 -5.9120214955 -5.9091589760 -5.9062754047 -5.9053669452 -5.9031915043 -5.9003015816 -5.8933624333 -5.8904517509 -5.8876272356 -5.8871092662 -5.8847127369 -5.8844448421 -5.8817501668 -5.8803629388 -5.8784361527 -5.8740816258 -5.8710295591 -5.8692844976 -5.8674173686 -5.8638597887 -5.8595296743 -5.8563153940 -5.8553357095 -5.8528681392 -5.8508452418 -5.8455566448 -5.8431434908 -5.8421517777 -5.8398754009 -5.8331257497 -5.8277275985 -5.8233728527 -5.8173369252 -5.8157946243 -5.8057342979 -5.8024386662 -5.8001847895 -5.7918861165 -5.7869907648 -5.7825105427 -5.7821889782 -5.7729725889 -5.7641113176 -5.7635745758 -5.7464680437 -5.7448299092
-6.4725092904 -6.4513726270 -6.4423988347 -6.4412103475 -6.4409045976 -6.4366537503 -6.4229177832 -6.4228547824 -6.4102329127 -6.4102216201 -6.4059826395 -6.4059413401 -6.3639207561 -6.3638908527 -6.3483608504 -6.3483251899 -6.3372711394 -6.3372299490 -6.3345392441 -6.3344928988 -6.3189093080 -6.3038694370 -6.2992231763 -6.2947745262 -6.2920260328 -6.2915227856 -6.2892408739 -6.2811572089 -6.2642870629 -6.2619945101 -6.2372667672 -6.2371931125 -6.2279129670 -6.2277707415 -6.2188557501 -6.2184841798 -6.2159481422 -6.2151866471 -6.1592307452 -6.1577809621 -6.1556813651 -6.1497198857 -6.1456931560 -6.1454141571 -6.1378999719 -6.1365309629 -6.1358579291 -6.1355542887 -6.1331663988 -6.1323614506 -6.1306555104 -6.1259296542 -6.1202815438 -6.1132211174 -6.1068419700 -6.1067393325 -6.0986126470 -6.0976965770 -6.0966156948 -6.0964034035 -6.0936457123 -6.0906799506 -6.0901201933 -6.0899474427 -6.0894987965 -6.0872431319 -6.0796109563 -6.0795165382 -6.0704195628 -6.0644920954 -6.0592149830 -6.0577079773 -6.0546763233 -6.0542302613 -6.0531403432 -6.0506582097 -6.0491478261 -6.0471551504 -6.0443733029 -6.0433100166 -6.0400906040 -6.0392244214 -6.0366963770 -6.0346073817 -6.0222744177 -6.0201212921 -6.0176166196 -6.0158412713 -6.0143462128 -6.0111089552 -6.0066156724 -6.0038649889 -6.0025420788 -5.9985905319 -5.9979684564 -5.9957879875 -5.9946926640 -5.9898502986 -5.9897097132 -5.9888531947 -5.9868644516 -5.9846956085 -5.9835206529 -5.9822161398 -5.9797665420 -5.9788183130 -5.9759775953 -5.9733515963 -5.9727466612 -5.9704758702 -5.9693307943 -5.9676978592 -5.9645608432 -5.9629733992 -5.9601588493 -5.9594507811 -5.9555514713 -5.9532817712 -5.9508369420 -5.9492450359 -5.9488200265 -5.9477850195 -5.9469203333 -5.9457531578 -5.9435783950 -5.9430488650 -5.9415150204 -5.9408102044 -5.9386602154 -5.9349314054 -5.9295290799 -5.9253222118 -5.9231240976 -5.9219015425 -5.9191192928 -5.9178790018 -5.9170811882 -5.9163576676 -5.9141169013 -5.9131333135 -5.9106568739 -5.9090954214 -5.9074997474 -5.9065962646 -5.9031869476 -5.9014576472 -5.8916794097 -5.8896403490 -5.8892243669 -5.8880831879 -5.8851071926 -5.8838095525 -5.8813996067 -5.8809485514 -5.8780663610 -5.8725735836 -5.8697311057 -5.8678837128 -5.8666741853 -5.8635610710 -5.8582329914 -5.8556732143 -5.8545174989 -5.8517804725 -5.8503684891 -5.8464551768 -5.8425232535 -5.8410609441 -5.8399862275 -5.8317018053 -5.8275308841 -5.8235036218 -5.8169094439 -5.8151281049 -5.8080370303 -5.8045261456 -5.8019480336 -5.7939650432 -5.7895423317 -5.7846098106 -5.7839391686 -5.7742818816 -5.7630104987 -5.7623274311 -5.7441893419 -5.7429353629
-6.4669416576 -6.4459263657 -6.4378638954 -6.4376072774 -6.4363355518 -6.4313458010 -6.4191728445 -6.4191149231 -6.4069567455 -6.4069455642 -6.4029803822 -6.4029361762 -6.3668370936 -6.3668050081 -6.3508649020 -6.3508280746 -6.3400812190 -6.3400410226 -6.3372083734 -6.3371597655 -6.3260047306 -6.3106617828 -6.3014690751 -6.2986847082 -6.2929806189 -6.2856300530 -6.2835556743 -6.2753749831 -6.2575603451 -6.2549526065 -6.2344860963 -6.2344022764 -6.2260854872 -6.2259879608 -6.2158128045 -6.2154568378 -6.2129060086 -6.2120551254 -6.1639562228 -6.1622912540 -6.1605166293 -6.1545108197 -6.1412103234 -6.1408312215 -6.1406903555 -6.1398740319 -6.1365145679 -6.1340443757 -6.1317059668 -6.1309263449 -6.1289428406 -6.1230349804 -6.1172521034 -6.1103007366 -6.1056506942 -6.1055502586 -6.1048278652 -6.0968048904 -6.0954476933 -6.0951732193 -6.0933928311 -6.0899394136 -6.0895527526 -6.0892416649 -6.0862769190 -6.0833662255 -6.0790799257 -6.0788748142 -6.0653699514 -6.0625020500 -6.0602108854 -6.0576783009 -6.0566747122 -6.0539645835 -6.0533938450 -6.0521576227 -6.0496845335 -6.0489076106 -6.0463342235 -6.0441515964 -6.0415060405 -6.0394188144 -6.0367014300 -6.0337876699 -6.0205552424 -6.0192427699 -6.0166634225 -6.0140097891 -6.0124716076 -6.0093662631 -6.0059963309 -6.0052651452 -6.0014650422 -5.9975403745 -5.9959278028 -5.9953617340 -5.9928138878 -5.9908792951 -5.9867317900 -5.9859419275 -5.9850101178 -5.9835594531 -5.9819929882 -5.9807729913 -5.9802904300 -5.9783056549 -5.9772526403 -5.9743144802 -5.9711809569 -5.9695313664 -5.9677557631 -5.9672755830 -5.9644652181 -5.9625015749 -5.9602387764 -5.9593890672 -5.9557380431 -5.9535117066 -5.9494121378 -5.9488670373 -5.9480222085 -5.9476570305 -5.9467175422 -5.9450938463 -5.9429229711 -5.9423067639 -5.9414604146 -5.9406320103 -5.9390879340 -5.9367499186 -5.9317215986 -5.9275842339 -5.9247235534 -5.9231050407 -5.9196820689 -5.9189283329 -5.9163581014 -5.9149603802 -5.9138821047 -5.9124794179 -5.9110499214 -5.9095244403 -5.9076435314 -5.9069293158 -5.9052730027 -5.8986239159 -5.8918504568 -5.8906768102 -5.8898754792 -5.8886189570 -5.8854683984 -5.8840411072 -5.8816891717 -5.8800051842 -5.8758340568 -5.8714351867 -5.8685338009 -5.8665754015 -5.8655575272 -5.8632317636 -5.8569950210 -5.8552056393 -5.8539217874 -5.8509011606 -5.8497531200 -5.8474023184 -5.8423697920 -5.8402008742 -5.8387463747 -5.8304250125 -5.8273240314 -5.8237748411 -5.8166110711 -5.8145030331 -5.8104640544 -5.8068685193 -5.8034043183 -5.7961472226 -5.7922747905 -5.7870454589 -5.7854444878 -5.7759568158 -5.7617252975 -5.7610878607 -5.7420528470 -5.7411058321
-6.4613039941 -6.4404283109 -6.4341730805 -6.4340717978 -6.4309344295 -6.4259717048 -6.4154965974 -6.4154430738 -6.4037224243 -6.4037103771 -6.3999253125 -6.3998787165 -6.3697945771 -6.3697594792 -6.3534515115 -6.3534132617 -6.3429016282 -6.3428627439 -6.3399277162 -6.3398735036 -6.3330528502 -6.3174120746 -6.3081259504 -6.3053039671 -6.2867830461 -6.2797731806 -6.2779010111 -6.2696204418 -6.2507983615 -6.2478691372 -6.2318663277 -6.2317694594 -6.2245395073 -6.2244793999 -6.2127951718 -6.2124674764 -6.2098255950 -6.2088806853 -6.1689346586 -6.1669623071 -6.1653613861 -6.1594593697 -6.1444780766 -6.1435129570 -6.1398522102 -6.1374739503 -6.1362704171 -6.1359758228 -6.1280220384 -6.1264127652 -6.1251218949 -6.1201233495 -6.1142005691 -6.1114139356 -6.1073722087 -6.1043806829 -6.1043086740 -6.1030460682 -6.0943730974 -6.0943488279 -6.0892783178 -6.0891053270 -6.0890397005 -6.0857707481 -6.0824335209 -6.0798892239 -6.0785916311 -6.0778401140 -6.0657748737 -6.0606594898 -6.0603439081 -6.0593583970 -6.0570784806 -6.0559918140 -6.0550760617 -6.0522594434 -6.0501310733 -6.0490954914 -6.0465072815 -6.0452027509 -6.0422398036 -6.0382226488 -6.0366531577 -6.0324734372 -6.0191629640 -6.0187179164 -6.0159612675 -6.0137175377 -6.0099018290 -6.0093038127 -6.0056187052 -6.0044991418 -6.0020298362 -5.9974790323 -5.9960286171 -5.9929870916 -5.9908489942 -5.9898780980 -5.9855259433 -5.9845917521 -5.9831150824 -5.9827216009 -5.9816913610 -5.9796715010 -5.9786690061 -5.9776281437 -5.9767005367 -5.9747696320 -5.9697663374 -5.9683560324 -5.9674464329 -5.9650659868 -5.9643348593 -5.9621440528 -5.9603346516 -5.9591844528 -5.9559677000 -5.9539516085 -5.9492245601 -5.9487832007 -5.9480108986 -5.9470574850 -5.9463548392 -5.9442036528 -5.9432647311 -5.9425774757 -5.9417268294 -5.9393301289 -5.9384994000 -5.9368251727 -5.9339082002 -5.9298272984 -5.9264273672 -5.9246739170 -5.9212588697 -5.9206126608 -5.9164994143 -5.9154791347 -5.9136157818 -5.9115479915 -5.9112599882 -5.9106796716 -5.9077550794 -5.9066584391 -5.9034714269 -5.8957933576 -5.8940587869 -5.8928329027 -5.8902453888 -5.8884062334 -5.8867069790 -5.8836978730 -5.8803188715 -5.8784208276 -5.8737741621 -5.8705626467 -5.8673773218 -5.8659562893 -5.8642973607 -5.8622148490 -5.8561595395 -5.8549108862 -5.8535522232 -5.8500952479 -5.8492055221 -5.8478672723 -5.8422598611 -5.8390098219 -5.8373119192 -5.8294382654 -5.8270710908 -5.8241138566 -5.8166203014 -5.8139594302 -5.8127386161 -5.8093795483 -5.8046202470 -5.7984273855 -5.7951190468 -5.7894824073 -5.7869932710 -5.7778306199 -5.7604165905 -5.7598946634 -5.7400721489 -5.7393687060
-6.4555951744 -6.4348808160 -6.4306549473 -6.4305898104 -6.4253595587 -6.4205345490 -6.4118885999 -6.4118383666 -6.4005248012 -6.4005112888 -6.3968281395 -6.3967798211 -6.3727879613 -6.3727488231 -6.3561111169 -6.3560706659 -6.3457392404 -6.3457026074 -6.3427102190 -6.3426331198 -6.3400288235 -6.3241166195 -6.3147430060 -6.3118799936 -6.2806298563 -6.2739483598 -6.2722714871 -6.2638923629 -6.2440075763 -6.2407666677 -6.2294317419 -6.2293167944 -6.2232577747 -6.2232320866 -6.2098095848 -6.2095137351 -6.2066798440 -6.2056481865 -6.1741471787 -6.1717465946 -6.1702398481 -6.1645248611 -6.1479971640 -6.1472331093 -6.1432351868 -6.1409647774 -6.1316873538 -6.1313882393 -6.1247083667 -6.1219901217 -6.1210132380 -6.1180853965 -6.1171862911 -6.1111256019 -6.1097454606 -6.1044378006 -6.1031081487 -6.1030550588 -6.0933178981 -6.0932774745 -6.0887711296 -6.0887458070 -6.0850303843 -6.0821624916 -6.0795056382 -6.0779964757 -6.0775342538 -6.0748052112 -6.0690258347 -6.0636123687 -6.0620989806 -6.0601630718 -6.0580488845 -6.0556289418 -6.0551142584 -6.0521961433 -6.0517502033 -6.0489976777 -6.0471705808 -6.0438584995 -6.0422738032 -6.0364610791 -6.0361422365 -6.0304584959 -6.0193605732 -6.0176610235 -6.0161329112 -6.0136101204 -6.0108806029 -6.0071409351 -6.0049375785 -6.0037334083 -6.0025276360 -5.9987551097 -5.9946830039 -5.9904786776 -5.9898162285 -5.9878157060 -5.9870892186 -5.9852430773 -5.9815082493 -5.9803023576 -5.9798267918 -5.9796465704 -5.9776017759 -5.9760663304 -5.9749617577 -5.9729808653 -5.9692908002 -5.9675584043 -5.9660792473 -5.9643109792 -5.9628223992 -5.9619200780 -5.9604078373 -5.9588502817 -5.9561828536 -5.9544322174 -5.9499117814 -5.9491679304 -5.9479151225 -5.9476257968 -5.9455883286 -5.9449479638 -5.9433504952 -5.9422881448 -5.9408252071 -5.9395720338 -5.9371289234 -5.9360286013 -5.9345026857 -5.9320255757 -5.9282035361 -5.9263687609 -5.9230361545 -5.9224428460 -5.9176802876 -5.9162975255 -5.9153378308 -5.9137568122 -5.9108928069 -5.9103305480 -5.9062608507 -5.9046627871 -5.9005031804 -5.8967196925 -5.8950769020 -5.8927891735 -5.8921218449 -5.8903360341 -5.8854726219 -5.8823301501 -5.8787186562 -5.8768894745 -5.8720468751 -5.8698057749 -5.8665068426 -5.8652373165 -5.8638229937 -5.8601629693 -5.8564316192 -5.8546319348 -5.8529251995 -5.8495562232 -5.8490053384 -5.8471118027 -5.8419797349 -5.8377310053 -5.8358905401 -5.8289416530 -5.8267845680 -5.8243273681 -5.8175451242 -5.8143631129 -5.8135434620 -5.8117565991 -5.8056641605 -5.8008049923 -5.7979918829 -5.7919003404 -5.7885624945 -5.7798158940 -5.7591645644 -5.7587700381 -5.7382579078 -5.7377464379
-6.4498143141 -6.4293028387 -6.4272024764 -6.4271345782 -6.4197050640 -6.4150359245 -6.4083481387 -6.4082990738 -6.3973559227 -6.3973404857 -6.3937025989 -6.3936532257 -6.3758131808 -6.3757687199 -6.3588361503 -6.3587914376 -6.3486391818 -6.3485727722 -6.3470332514 -6.3454427883 -6.3453913409 -6.3307719041 -6.3213181848 -6.3184097248 -6.2745182654 -6.2681519977 -6.2666634768 -6.2581904553 -6.2372086114 -6.2337161334 -6.2271987091 -6.2270417645 -6.2222255389 -6.2221960880 -6.2068464098 -6.2065813638 -6.2034561178 -6.2023536816 -6.1795530934 -6.1766094494 -6.1751852613 -6.1696759281 -6.1516184429 -6.1510343072 -6.1466719298 -6.1445076820 -6.1271932129 -6.1268928256 -6.1248332055 -6.1215611726 -6.1176867829 -6.1168395448 -6.1165447504 -6.1142274513 -6.1080264092 -6.1018846911 -6.1018666809 -6.1014468251 -6.0922917047 -6.0922463163 -6.0885171729 -6.0884900901 -6.0808929230 -6.0796836289 -6.0787816928 -6.0762863529 -6.0739462261 -6.0722571298 -6.0709417243 -6.0667265502 -6.0649177878 -6.0632373328 -6.0610696881 -6.0580055335 -6.0545372961 -6.0519457623 -6.0510924419 -6.0485549447 -6.0453797788 -6.0431210736 -6.0421261393 -6.0359561106 -6.0334989475 -6.0278225454 -6.0206230139 -6.0176820141 -6.0169617103 -6.0135550726 -6.0111443458 -6.0080437627 -6.0038928438 -6.0034791056 -6.0017471586 -5.9981736634 -5.9928690191 -5.9911036346 -5.9892288084 -5.9876774803 -5.9863683395 -5.9844556274 -5.9817656945 -5.9786901943 -5.9781459512 -5.9771033049 -5.9769178400 -5.9736785181 -5.9723782242 -5.9707793554 -5.9689999696 -5.9674718066 -5.9644459882 -5.9639068668 -5.9624225079 -5.9605975176 -5.9601333441 -5.9583392014 -5.9563469794 -5.9548885463 -5.9507615633 -5.9502535386 -5.9486122446 -5.9476174326 -5.9468303323 -5.9443569749 -5.9437311603 -5.9423272630 -5.9405663186 -5.9383495097 -5.9373337643 -5.9349427285 -5.9341153831 -5.9321971011 -5.9300338445 -5.9281217444 -5.9249164077 -5.9243751200 -5.9200827521 -5.9172053704 -5.9161981124 -5.9161498807 -5.9112819923 -5.9108579008 -5.9032479465 -5.9020375460 -5.8991389855 -5.8979189900 -5.8969651265 -5.8942115019 -5.8930275457 -5.8901868561 -5.8835197983 -5.8808449777 -5.8770426444 -5.8755283046 -5.8708626806 -5.8689859189 -5.8661614545 -5.8645777174 -5.8629150601 -5.8580400219 -5.8571903081 -5.8549794648 -5.8517116441 -5.8497166366 -5.8478261883 -5.8459845185 -5.8416311260 -5.8364857702 -5.8345235237 -5.8289899444 -5.8266747108 -5.8242016498 -5.8194776410 -5.8156668013 -5.8142647383 -5.8124170594 -5.8065764688 -5.8032547936 -5.8007971333 -5.7942673995 -5.7901302172 -5.7818613551 -5.7580090432 -5.7577300100 -5.7366191375 -5.7362580551
-6.4439608550 -6.4241212598 -6.4237970822 -6.4232647710 -6.4139866718 -6.4094783029 -6.4048740994 -6.4048211474 -6.3942077060 -6.3941898129 -6.3905633179 -6.3905134586 -6.3788664064 -6.3788149760 -6.3616231809 -6.3615680419 -6.3540223422 -6.3514606708 -6.3513674415 -6.3482979667 -6.3482583322 -6.3373742463 -6.3278495049 -6.3248902528 -6.2684431891 -6.2623827995 -6.2610770834 -6.2525158920 -6.2304958679 -6.2272897058 -6.2251324602 -6.2245250117 -6.2214003823 -6.2212313102 -6.2038837422 -6.2036482558 -6.2001597565 -6.1990059961 -6.1851076050 -6.1815235491 -6.1802113556 -6.1748870508 -6.1553047303 -6.1548794842 -6.1501669803 -6.1481000299 -6.1316484442 -6.1234797636 -6.1227921210 -6.1224985788 -6.1184756920 -6.1134966133 -6.1127274955 -6.1112031011 -6.1049055407 -6.1006939081 -6.1006643959 -6.0985241603 -6.0913335047 -6.0912859905 -6.0883329053 -6.0882999627 -6.0789945869 -6.0786142274 -6.0766580816 -6.0754586821 -6.0730062091 -6.0700610781 -6.0698187653 -6.0678310489 -6.0669566279 -6.0663212924 -6.0641207373 -6.0609706473 -6.0573279849 -6.0548341687 -6.0472837485 -6.0459829459 -6.0440868646 -6.0426046592 -6.0416945369 -6.0348647352 -6.0306697211 -6.0250309763 -6.0225762785 -6.0200558081 -6.0171599462 -6.0140632588 -6.0106446290 -6.0100009897 -6.0050686118 -6.0025066572 -5.9991824053 -5.9959139024 -5.9934272418 -5.9919566048 -5.9905355618 -5.9861740709 -5.9855973003 -5.9827734668 -5.9811434504 -5.9785481868 -5.9761443981 -5.9747960953 -5.9742637262 -5.9714597360 -5.9700707798 -5.9689867668 -5.9682297895 -5.9673664805 -5.9647308888 -5.9628553118 -5.9616285965 -5.9608997077 -5.9582479474 -5.9574669624 -5.9563493397 -5.9553057343 -5.9519189693 -5.9514511534 -5.9499150929 -5.9476273110 -5.9472402038 -5.9448237595 -5.9438762400 -5.9433720322 -5.9403025297 -5.9382061466 -5.9364197977 -5.9350279671 -5.9326907617 -5.9318594888 -5.9302839352 -5.9295288765 -5.9268462425 -5.9263874942 -5.9228062879 -5.9195856771 -5.9171141285 -5.9166858441 -5.9118261480 -5.9114748808 -5.9017389101 -5.9003919869 -5.8999979946 -5.8985892462 -5.8969032389 -5.8959804865 -5.8936517455 -5.8880410055 -5.8816081877 -5.8793983471 -5.8752889430 -5.8744265307 -5.8702254448 -5.8681750696 -5.8660202127 -5.8643449263 -5.8612051746 -5.8583516581 -5.8566268148 -5.8547055799 -5.8504231085 -5.8495486905 -5.8464766529 -5.8447989515 -5.8413082031 -5.8353835704 -5.8333027043 -5.8293988002 -5.8267364688 -5.8242593859 -5.8211433429 -5.8181693692 -5.8146790864 -5.8121304060 -5.8074253840 -5.8056057108 -5.8034432348 -5.7965339525 -5.7916718640 -5.7839311035 -5.7569709576 -5.7567868733 -5.7351640814 -5.7349202924
-6.4380347309 -6.4205500859 -6.4204338496 -6.4177520518 -6.4082097988 -6.4038728522 -6.4014650108 -6.4013904017 -6.3910748278 -6.3910537736 -6.3874261657 -6.3873763724 -6.3819402684 -6.3818798281 -6.3644880441 -6.3643941752 -6.3607936064 -6.3543701149 -6.3543009307 -6.3511766680 -6.3511284345 -6.3439188091 -6.3343349887 -6.3313188440 -6.2623976191 -6.2566440042 -6.2555186721 -6.2468721356 -6.2249857882 -6.2243716267 -6.2223573532 -6.2209804636 -6.2206348362 -6.2181575623 -6.2009066705 -6.2006962986 -6.1968242127 -6.1956498013 -6.1907575805 -6.1864314686 -6.1852891544 -6.1801363814 -6.1590246526 -6.1587404311 -6.1537203077 -6.1517402888 -6.1385039830 -6.1304812840 -6.1185026041 -6.1182267817 -6.1154051161 -6.1095051196 -6.1088355676 -6.1079814043 -6.1017735745 -6.0995767342 -6.0995459406 -6.0955916896 -6.0904812610 -6.0904256702 -6.0881846614 -6.0881376624 -6.0788116980 -6.0786423323 -6.0785709490 -6.0730252714 -6.0725467331 -6.0707343925 -6.0695522096 -6.0691665007 -6.0672072901 -6.0660052920 -6.0639739245 -6.0630185514 -6.0602094343 -6.0578087719 -6.0450571469 -6.0447590782 -6.0430683283 -6.0422950487 -6.0395917654 -6.0329511887 -6.0280761886 -6.0248697510 -6.0240190068 -6.0210887154 -6.0183973287 -6.0161618956 -6.0105908192 -6.0100205687 -6.0061505180 -6.0015650159 -5.9966979165 -5.9956472544 -5.9942238803 -5.9929108831 -5.9900071086 -5.9860966909 -5.9837169750 -5.9818044100 -5.9796144877 -5.9777244636 -5.9740243136 -5.9726429058 -5.9718103884 -5.9699108904 -5.9688123442 -5.9679447427 -5.9667880716 -5.9663366071 -5.9649755615 -5.9630868610 -5.9614565666 -5.9595178032 -5.9575204098 -5.9567276595 -5.9557420744 -5.9549820216 -5.9535020543 -5.9524033495 -5.9509939821 -5.9479727367 -5.9472802672 -5.9462654572 -5.9437482233 -5.9435040983 -5.9419551484 -5.9384805326 -5.9358883539 -5.9338090221 -5.9328418983 -5.9316948206 -5.9304191442 -5.9289593001 -5.9284476447 -5.9273442958 -5.9255245065 -5.9224051651 -5.9175288662 -5.9170899308 -5.9123787112 -5.9120911889 -5.9042018334 -5.9022947052 -5.8993248246 -5.8987349138 -5.8969428757 -5.8957090243 -5.8910581617 -5.8861885277 -5.8799237303 -5.8781142572 -5.8739339001 -5.8732047960 -5.8698576633 -5.8677611459 -5.8659896094 -5.8638612486 -5.8599501935 -5.8585641094 -5.8571787626 -5.8526457836 -5.8498475043 -5.8486242379 -5.8450958455 -5.8435840048 -5.8410306019 -5.8345848163 -5.8325665848 -5.8296518594 -5.8267875128 -5.8255598249 -5.8216522336 -5.8205179190 -5.8153464169 -5.8120415148 -5.8085265523 -5.8071815601 -5.8058418519 -5.7986251699 -5.7931562063 -5.7859951019 -5.7560618319 -5.7559503016 -5.7339009796 -5.7337484915
-6.4320367097 -6.4172031582 -6.4171000086 -6.4119812692 -6.4023799620 -6.3984566846 -6.3981192514 -6.3977641547 -6.3879690118 -6.3879439382 -6.3851163258 -6.3850456911 -6.3841974954 -6.3841539109 -6.3680414724 -6.3672644762 -6.3668843404 -6.3573104818 -6.3572424232 -6.3540908257 -6.3540255214 -6.3503936016 -6.3407725435 -6.3376929582 -6.2563734853 -6.2509472271 -6.2500045760 -6.2412665214 -6.2232492409 -6.2231939698 -6.2202438720 -6.2199100241 -6.2158851504 -6.2113317783 -6.1980909864 -6.1977843400 -6.1964243567 -6.1937059842 -6.1927968540 -6.1906414679 -6.1900857174 -6.1853991475 -6.1627513827 -6.1625946475 -6.1573306273 -6.1554295963 -6.1453761489 -6.1375565474 -6.1143359969 -6.1141019489 -6.1123153598 -6.1058859741 -6.1052434707 -6.1043491204 -6.0987351063 -6.0985443529 -6.0984470655 -6.0927452419 -6.0897768406 -6.0896601649 -6.0880208443 -6.0879424604 -6.0817967388 -6.0788944129 -6.0786972956 -6.0760886218 -6.0736032990 -6.0725543489 -6.0703102800 -6.0684565840 -6.0670381739 -6.0654741171 -6.0632545098 -6.0620324817 -6.0608194200 -6.0590001520 -6.0444058065 -6.0441954532 -6.0425722784 -6.0421982271 -6.0359196677 -6.0303577957 -6.0285256135 -6.0266441301 -6.0246746879 -6.0207452562 -6.0197514149 -6.0181560744 -6.0103719228 -6.0095561386 -6.0065575435 -6.0010013676 -5.9987734688 -5.9966296197 -5.9931808709 -5.9903229035 -5.9899907588 -5.9853437707 -5.9826124373 -5.9810026151 -5.9780471573 -5.9760418584 -5.9721795707 -5.9709488778 -5.9699904186 -5.9691017696 -5.9680072139 -5.9672036481 -5.9661092684 -5.9653171819 -5.9642524130 -5.9624029930 -5.9619126239 -5.9578125704 -5.9575939505 -5.9562666887 -5.9557808538 -5.9548488806 -5.9538275722 -5.9528413219 -5.9511918133 -5.9491436829 -5.9474770454 -5.9467725726 -5.9441887605 -5.9433865829 -5.9427912590 -5.9405462849 -5.9358321781 -5.9338558828 -5.9333209833 -5.9309830389 -5.9308656408 -5.9300708837 -5.9283296816 -5.9277343410 -5.9253077863 -5.9250245817 -5.9178315654 -5.9173995160 -5.9128936566 -5.9126831315 -5.9067139538 -5.9045708537 -5.9019660861 -5.9009899630 -5.8940101786 -5.8930333928 -5.8884070612 -5.8846114838 -5.8785662760 -5.8771355343 -5.8736437209 -5.8714172496 -5.8695437724 -5.8677610154 -5.8661796986 -5.8629279740 -5.8603512597 -5.8583234541 -5.8562049396 -5.8503534013 -5.8497524221 -5.8473873879 -5.8440288730 -5.8423151695 -5.8406722657 -5.8344036929 -5.8325863208 -5.8292373141 -5.8273300985 -5.8266270022 -5.8236961328 -5.8204483683 -5.8167873903 -5.8126691289 -5.8095686298 -5.8080167374 -5.8075030399 -5.8004335763 -5.7945387321 -5.7880239298 -5.7552881587 -5.7552280112 -5.7328388863 -5.7327571191
-6.4259691995 -6.4139000700 -6.4137870647 -6.4061301349 -6.3965253134 -6.3948442212 -6.3948123342 -6.3923283132 -6.3882428382 -6.3881528995 -6.3847808426 -6.3847536209 -6.3811504352 -6.3811006198 -6.3744411871 -6.3701738702 -6.3701039971 -6.3602897059 -6.3602112217 -6.3572736568 -6.3569490439 -6.3565544729 -6.3471596724 -6.3440102452 -6.2503629784 -6.2453199765 -6.2445676050 -6.2357139512 -6.2227234439 -6.2226531145 -6.2193539251 -6.2190008554 -6.2090756315 -6.2042242463 -6.2024949370 -6.1973938778 -6.1966813823 -6.1940662337 -6.1939917698 -6.1906153440 -6.1894160077 -6.1883205118 -6.1664612175 -6.1664224938 -6.1610024472 -6.1591806193 -6.1522185690 -6.1446846922 -6.1103431436 -6.1101797129 -6.1091401906 -6.1026939842 -6.1016529645 -6.1006239222 -6.0976586741 -6.0976265700 -6.0956048603 -6.0904523395 -6.0892284111 -6.0886511106 -6.0877891674 -6.0875933796 -6.0849295509 -6.0798608017 -6.0791616420 -6.0784258544 -6.0761780118 -6.0755667469 -6.0734088954 -6.0700579915 -6.0662921549 -6.0644021988 -6.0639388938 -6.0616916962 -6.0581091460 -6.0550995561 -6.0442875835 -6.0439629702 -6.0423533216 -6.0421561536 -6.0321343425 -6.0313850311 -6.0297809212 -6.0270948545 -6.0245691052 -6.0233372269 -6.0209539572 -6.0162949304 -6.0102842348 -6.0090757713 -6.0066485168 -6.0015273459 -6.0010648585 -5.9986274135 -5.9915908763 -5.9889894163 -5.9876309374 -5.9848174885 -5.9818850386 -5.9797840918 -5.9767369185 -5.9742423231 -5.9714991867 -5.9698989945 -5.9691711159 -5.9678381647 -5.9673468343 -5.9668189575 -5.9661945590 -5.9647172161 -5.9635017199 -5.9612667744 -5.9606044153 -5.9582025451 -5.9571642895 -5.9567284550 -5.9553830204 -5.9549852242 -5.9540840025 -5.9521681148 -5.9508500913 -5.9498737017 -5.9476105819 -5.9465207776 -5.9452902937 -5.9431170538 -5.9427897217 -5.9423871852 -5.9376703977 -5.9356980983 -5.9332502643 -5.9328947693 -5.9308808497 -5.9307416771 -5.9281098504 -5.9273953526 -5.9257070267 -5.9227942638 -5.9180523107 -5.9176229666 -5.9133480339 -5.9132411057 -5.9092048232 -5.9068724376 -5.9046576738 -5.9033085047 -5.8911956888 -5.8903623345 -5.8860089797 -5.8832774598 -5.8776815365 -5.8764921916 -5.8738267207 -5.8701453984 -5.8690891674 -5.8678898530 -5.8664087944 -5.8621218371 -5.8605711974 -5.8582699826 -5.8541515049 -5.8498323823 -5.8480833587 -5.8462389208 -5.8437299276 -5.8410319562 -5.8400847805 -5.8349497225 -5.8327541849 -5.8289352976 -5.8283764248 -5.8270564581 -5.8250204129 -5.8200010526 -5.8188756134 -5.8141975459 -5.8100685156 -5.8094094046 -5.8074861689 -5.8018313392 -5.7957489301 -5.7899849174 -5.7546536487 -5.7546261997 -5.7319894301 -5.7319582359
-6.4198385376 -6.4106270783 -6.4104865576 -6.4002110188 -6.3919134108 -6.3918449006 -6.3911410598 -6.3910998109 -6.3903996957 -6.3865356631 -6.3816845748 -6.3816527540 -6.3810437999 -6.3780604322 -6.3780103313 -6.3731143568 -6.3730706275 -6.3635641590 -6.3632123456 -6.3629852879 -6.3599019708 -6.3598740177 -6.3534925060 -6.3502684810 -6.2443602919 -6.2398222687 -6.2392708410 -6.2302473385 -6.2227042132 -6.2226260482 -6.2184638960 -6.2180028654 -6.2083754768 -6.2022154259 -6.2018894419 -6.2014219061 -6.1972175635 -6.1961002274 -6.1911368738 -6.1907602004 -6.1859605756 -6.1848604983 -6.1702072709 -6.1701245292 -6.1647741673 -6.1630568960 -6.1588939539 -6.1518423862 -6.1067700580 -6.1064023101 -6.1057694814 -6.0996393913 -6.0982295359 -6.0971099983 -6.0969100415 -6.0968645522 -6.0928921390 -6.0895774470 -6.0887084630 -6.0881034503 -6.0877048591 -6.0873930719 -6.0859533447 -6.0825720266 -6.0806013901 -6.0796737466 -6.0779559060 -6.0776136410 -6.0764549795 -6.0729978290 -6.0693589567 -6.0670032299 -6.0603984429 -6.0580901180 -6.0543312800 -6.0513245750 -6.0444396689 -6.0438309713 -6.0423686891 -6.0420415553 -6.0346349252 -6.0328138469 -6.0279772257 -6.0276816573 -6.0268284970 -6.0238120263 -6.0192092401 -6.0146037196 -6.0104366256 -6.0087217353 -6.0069527820 -6.0034923685 -6.0027647381 -5.9999534132 -5.9911429933 -5.9868200614 -5.9854887037 -5.9842886719 -5.9805909213 -5.9787185372 -5.9759003699 -5.9731894992 -5.9714636731 -5.9704008719 -5.9684145350 -5.9677706401 -5.9668502768 -5.9661746648 -5.9652378852 -5.9637865009 -5.9630432807 -5.9601977822 -5.9592929030 -5.9584544832 -5.9575543552 -5.9568193652 -5.9558248042 -5.9549309306 -5.9535185192 -5.9520919182 -5.9510382821 -5.9484972523 -5.9475788776 -5.9460410117 -5.9455996170 -5.9447050127 -5.9426831510 -5.9420760717 -5.9394010927 -5.9375353109 -5.9357292510 -5.9347837277 -5.9330532962 -5.9308541343 -5.9282670562 -5.9250324679 -5.9234475603 -5.9205576367 -5.9182045504 -5.9177516736 -5.9138208281 -5.9137019976 -5.9115823153 -5.9091619161 -5.9073001773 -5.9056271521 -5.8885443909 -5.8878355073 -5.8840032833 -5.8821558129 -5.8776347853 -5.8760326626 -5.8742113814 -5.8698445803 -5.8685688787 -5.8680474340 -5.8662620087 -5.8623869543 -5.8595862602 -5.8573838142 -5.8523425776 -5.8500427515 -5.8462109078 -5.8451856816 -5.8438766103 -5.8400907438 -5.8394850897 -5.8355863829 -5.8328133892 -5.8298866147 -5.8288113379 -5.8278005561 -5.8242606007 -5.8217224561 -5.8192574301 -5.8162869333 -5.8105237484 -5.8103400805 -5.8070301082 -5.8027576777 -5.7966689138 -5.7918387000 -5.7541607067 -5.7541497163 -5.7313770983 -5.7313475441
-6.4136635500 -6.4073842402 -6.4071825653 -6.3946435554 -6.3944516135 -6.3942238179 -6.3884299538 -6.3883865604 -6.3875787879 -6.3844705015 -6.3806737938 -6.3785904514 -6.3785296119 -6.3761584045 -6.3761184600 -6.3749141855 -6.3748628400 -6.3696084151 -6.3662739511 -6.3662238526 -6.3628794443 -6.3628543748 -6.3597602759 -6.3564652914 -6.2383644160 -6.2345869336 -6.2342396497 -6.2249590350 -6.2231113603 -6.2230492373 -6.2175417485 -6.2168593509 -6.2142890772 -6.2066856669 -6.2063304227 -6.2013222771 -6.1951782273 -6.1906475115 -6.1879121585 -6.1869460636 -6.1823103972 -6.1813835030 -6.1739061190 -6.1736877605 -6.1689339094 -6.1672814744 -6.1648332277 -6.1589911335 -6.1035605473 -6.1028165527 -6.1023810140 -6.0967688487 -6.0964498921 -6.0962954875 -6.0951648154 -6.0939686373 -6.0911809744 -6.0909013051 -6.0891910777 -6.0882931809 -6.0875542299 -6.0867685608 -6.0852048172 -6.0836274631 -6.0823467364 -6.0819096582 -6.0798387556 -6.0785850582 -6.0779962040 -6.0756019527 -6.0723597165 -6.0700738918 -6.0565371633 -6.0546413830 -6.0508927412 -6.0480128919 -6.0449040104 -6.0436556222 -6.0426834838 -6.0416162434 -6.0373556172 -6.0354645894 -6.0313171430 -6.0303093761 -6.0242409574 -6.0206941198 -6.0175032326 -6.0136672169 -6.0108869738 -6.0093862472 -6.0071317103 -6.0052722174 -6.0038674465 -6.0013752499 -5.9904791461 -5.9868125621 -5.9833059930 -5.9821166117 -5.9790516784 -5.9779158791 -5.9756371031 -5.9737489975 -5.9719367912 -5.9711345958 -5.9690880071 -5.9673650019 -5.9658307962 -5.9649088155 -5.9639765961 -5.9634677008 -5.9619843545 -5.9601557869 -5.9597228574 -5.9584984509 -5.9575122385 -5.9564056715 -5.9554633653 -5.9551858962 -5.9539007590 -5.9518100654 -5.9490956024 -5.9489331638 -5.9472163007 -5.9464085963 -5.9456080482 -5.9439148805 -5.9424289761 -5.9416238081 -5.9405781216 -5.9392117069 -5.9382844711 -5.9365466058 -5.9350770059 -5.9335543523 -5.9257635274 -5.9227284994 -5.9211877276 -5.9187092291 -5.9183014499 -5.9175831032 -5.9147092208 -5.9139817097 -5.9133783522 -5.9114008718 -5.9097862124 -5.9079214144 -5.8860965512 -5.8855488230 -5.8825591584 -5.8811775587 -5.8783932097 -5.8763826622 -5.8739995759 -5.8702129916 -5.8682610023 -5.8681112043 -5.8658241951 -5.8631347574 -5.8577434378 -5.8560148213 -5.8515907716 -5.8502685463 -5.8457868270 -5.8440653633 -5.8430487804 -5.8405697049 -5.8381488425 -5.8361538135 -5.8329659792 -5.8310265204 -5.8287577579 -5.8281622360 -5.8238111677 -5.8229580179 -5.8192924473 -5.8185095891 -5.8110194898 -5.8109674934 -5.8063341187 -5.8033620825 -5.7971230718 -5.7935365797 -5.7538102364 -5.7538033010 -5.7309886442 -5.7309410258
-6.4075254455 -6.4041943708 -6.4038181087 -6.3979261075 -6.3975765935 -6.3939526951 -6.3881890024 -6.3852853948 -6.3852496372 -6.3791719473 -6.3791233157 -6.3784475904 -6.3758302088 -6.3754821008 -6.3754495121 -6.3746410229 -6.3719119991 -6.3718593691 -6.3693474535 -6.3692605504 -6.3661806780 -6.3658552996 -6.3656381030 -6.3625965013 -6.2323905307 -6.2299151722 -6.2297240784 -6.2241811747 -6.2241133051 -6.2203643842 -6.2199364728 -6.2164410480 -6.2152170552 -6.2113328219 -6.2102445797 -6.2063643688 -6.1882535977 -6.1856484558 -6.1845883570 -6.1819689826 -6.1788547966 -6.1787175966 -6.1769503112 -6.1764946412 -6.1744320269 -6.1713853871 -6.1692740242 -6.1660394340 -6.1004523196 -6.0996683254 -6.0993916421 -6.0964646902 -6.0964180452 -6.0942744140 -6.0938601929 -6.0926602130 -6.0919423636 -6.0899395608 -6.0893486717 -6.0883030460 -6.0878465644 -6.0870880143 -6.0853848697 -6.0841770160 -6.0836003680 -6.0827410954 -6.0804416009 -6.0796251870 -6.0779923712 -6.0770777479 -6.0750055524 -6.0730842487 -6.0529665280 -6.0516109459 -6.0482581190 -6.0465127515 -6.0455912508 -6.0446009167 -6.0417236060 -6.0406009212 -6.0386800531 -6.0374535273 -6.0349436618 -6.0337541329 -6.0208293020 -6.0177733708 -6.0166202661 -6.0137243909 -6.0116994076 -6.0111880817 -6.0066246636 -6.0061113182 -6.0043613891 -6.0029552184 -5.9896083883 -5.9877046836 -5.9809887961 -5.9801870336 -5.9774841102 -5.9771861431 -5.9757757901 -5.9747094003 -5.9734616704 -5.9730168244 -5.9680164195 -5.9667506154 -5.9654806754 -5.9650301843 -5.9626950326 -5.9620324270 -5.9610534114 -5.9606117080 -5.9600273906 -5.9593151925 -5.9582498232 -5.9574420815 -5.9545527701 -5.9543379665 -5.9527378291 -5.9515841131 -5.9499382350 -5.9490117187 -5.9468617177 -5.9458905305 -5.9445881993 -5.9431556141 -5.9418495046 -5.9416982070 -5.9409624531 -5.9404505583 -5.9395743190 -5.9380677423 -5.9368650413 -5.9361582159 -5.9233327304 -5.9209477271 -5.9190532462 -5.9184823322 -5.9183383264 -5.9167834637 -5.9155656249 -5.9142062656 -5.9139882453 -5.9134581971 -5.9117557012 -5.9101257042 -5.8839571360 -5.8837038617 -5.8818066436 -5.8803005943 -5.8795389034 -5.8775663381 -5.8731130040 -5.8710279754 -5.8680569932 -5.8680369823 -5.8653148045 -5.8639368036 -5.8555060259 -5.8545603237 -5.8521306805 -5.8512236854 -5.8451644287 -5.8434899536 -5.8418641588 -5.8413297443 -5.8369703955 -5.8364145280 -5.8337183426 -5.8314186312 -5.8286430763 -5.8286133892 -5.8243920707 -5.8218769971 -5.8208027075 -5.8194354279 -5.8114035852 -5.8113618312 -5.8055129955 -5.8039458548 -5.7969592966 -5.7950187470 -5.7535990558 -5.7535945438 -5.7307797046 -5.7307406230
-6.4022221507 -6.4022221507 -6.4008286787 -6.4008286786 -6.3994619798 -6.3994619798 -6.3825222336 -6.3825222336 -6.3821195551 -6.3821195551 -6.3817660314 -6.3817660314 -6.3729311624 -6.3729311624 -6.3723241862 -6.3723241862 -6.3717713703 -6.3717713703 -6.3689891628 -6.3689891628 -6.3688085391 -6.3688085391 -6.3685427640 -6.3685427640 -6.2269214090 -6.2269214090 -6.2261717291 -6.2261717291 -6.2257967534 -6.2257967534 -6.2160907302 -6.2160907302 -6.2143618333 -6.2143618332 -6.2105928647 -6.2105928647 -6.1820608453 -6.1820608453 -6.1815314699 -6.1815314699 -6.1808819106 -6.1808819106 -6.1766411160 -6.1766411160 -6.1727850346 -6.1727850346 -6.1725005052 -6.1725005052 -6.0974485941 -6.0974485941 -6.0973935683 -6.0973935683 -6.0972218238 -6.0972218238 -6.0919624151 -6.0919624151 -6.0902629039 -6.0902629039 -6.0901983078 -6.0901983078 -6.0861216750 -6.0861216750 -6.0859089409 -6.0859089409 -6.0836930882 -6.0836930882 -6.0799116824 -6.0799116824 -6.0772575031 -6.0772575031 -6.0756716537 -6.0756716537 -6.0504842438 -6.0504842438 -6.0470471796 -6.0470471796 -6.0459339418 -6.0459339418 -6.0397512066 -6.0397512066 -6.0383391945 -6.0383391945 -6.0366874489 -6.0366874489 -6.0180560783 -6.0180560783 -6.0149751051 -6.0149751051 -6.0122014003 -6.0122014003 -6.0062114832 -6.0062114832 -6.0041746362 -6.0041746362 -5.9886697956 -5.9886697956 -5.9796567148 -5.9796567148 -5.9765605919 -5.9765605919 -5.9753603258 -5.9753603258 -5.9745746045 -5.9745746045 -5.9668631152 -5.9668631152 -5.9654871406 -5.9654871406 -5.9613089243 -5.9613089243 -5.9607438946 -5.9607438946 -5.9601522829 -5.9601522829 -5.9585223036 -5.9585223035 -5.9539494025 -5.9539494025 -5.9510230801 -5.9510230801 -5.9509251419 -5.9509251419 -5.9454906723 -5.9454906723 -5.9431971675 -5.9431971675 -5.9430658338 -5.9430658338 -5.9400675278 -5.9400675278 -5.9387041009 -5.9387041009 -5.9381344534 -5.9381344534 -5.9212520571 -5.9212520571 -5.9185887385 -5.9185887385 -5.9172699818 -5.9172699818 -5.9150592589 -5.9150592589 -5.9140434602 -5.9140434602 -5.9119019529 -5.9119019529 -5.8828329154 -5.8828329154 -5.8811751389 -5.8811751389 -5.8789014185 -5.8789014185 -5.8720506106 -5.8720506106 -5.8679859088 -5.8679859088 -5.8646851610 -5.8646851610 -5.8533535378 -5.8533535378 -5.8530562535 -5.8530562535 -5.8440347971 -5.8440347971 -5.8414986838 -5.8414986838 -5.8365613693 -5.8365613693 -5.8328686116 -5.8328686116 -5.8286387695 -5.8286387695 -5.8232625569 -5.8232625569 -5.8202593786 -5.8202593786 -5.8115215594 -5.8115215594 -5.8046774322 -5.8046774322 -5.7962040952 -5.7962040952 -5.7535266450 -5.7535266450 -5.7307014968 -5.7307014968
