-6.4789865672 -6.4789865672 -6.4786024219 -6.4786024219 -6.4782804268 -6.4782804268 -6.4589244030 -6.4589244030 -6.4588528903 -6.4588528903 -6.4587022222 -6.4587022222 -6.4533338229 -6.4533338229 -6.4531967382 -6.4531967382 -6.4530426920 -6.4530426920 -6.4481098994 -6.4481098994 -6.4478419582 -6.4478419582 -6.4475815555 -6.4475815555 -6.2372117454 -6.2372117454 -6.2367417613 -6.2367417613 -6.2362819179 -6.2362819179 -6.2291875009 -6.2291875009 -6.2277134952 -6.2277134952 -6.2256044142 -6.2256044142 -6.2237321303 -6.2237321303 -6.2235454488 -6.2235454488 -6.2228815992 -6.2228815992 -6.2190848316 -6.2190848316 -6.2167453302 -6.2167453302 -6.2158280694 -6.2158280694 -6.0971406803 -6.0971406803 -6.0969685512 -6.0969685512 -6.0969061298 -6.0969061298 -6.0929038508 -6.0929038508 -6.0913060893 -6.0913060893 -6.0911137457 -6.0911137457 -6.0870236085 -6.0870236085 -6.0864604798 -6.0864604798 -6.0855507971 -6.0855507971 -6.0822641239 -6.0822641239 -6.0802093337 -6.0802093337 -6.0787570420 -6.0787570420 -6.0619060549 -6.0619060549 -6.0542063798 -6.0542063798 -6.0512596077 -6.0512596077 -6.0460456851 -6.0460456851 -6.0436417553 -6.0436417553 -6.0432479118 -6.0432479118 -6.0358204124 -6.0358204124 -6.0337255454 -6.0337255454 -6.0334364808 -6.0334364808 -6.0312195465 -6.0312195465 -6.0306020515 -6.0306020515 -6.0285285518 -6.0285285518 -5.9815955733 -5.9815955733 -5.9795650235 -5.9795650235 -5.9784909210 -5.9784909210 -5.9733238127 -5.9733238127 -5.9711524930 -5.9711524930 -5.9690621205 -5.9690621205 -5.9632825859 -5.9632825859 -5.9611236755 -5.9611236755 -5.9600242562 -5.9600242562 -5.9599665008 -5.9599665008 -5.9569300243 -5.9569300243 -5.9539829128 -5.9539829128 -5.9523438434 -5.9523438434 -5.9455589713 -5.9455589713 -5.9444034807 -5.9444034807 -5.9442872670 -5.9442872670 -5.9408508883 -5.9408508883 -5.9393935818 -5.9393935818 -5.9391469551 -5.9391469551 -5.9204127634 -5.9204127634 -5.9183442251 -5.9183442251 -5.9176020099 -5.9176020099 -5.9163803118 -5.9163803118 -5.9142951688 -5.9142951688 -5.9119046465 -5.9119046465 -5.8824508931 -5.8824508931 -5.8816301391 -5.8816301391 -5.8811515880 -5.8811515880 -5.8730510817 -5.8730510817 -5.8691262474 -5.8691262474 -5.8645371263 -5.8645371263 -5.8525638105 -5.8525638105 -5.8517732935 -5.8517732935 -5.8430019921 -5.8430019921 -5.8398844140 -5.8398844140 -5.8384942974 -5.8384942974 -5.8303715400 -5.8303715400 -5.8265036208 -5.8265036208 -5.8209343949 -5.8209343949 -5.8188279748 -5.8188279748 -5.8100625407 -5.8100625407 -5.8062513925 -5.8062513925 -5.7982582577 -5.7982582577 -5.7548629423 -5.7548629423 -5.7273611751 -5.7273611751
-6.4847833262 -6.4843835236 -6.4787806617 -6.4787651675 -6.4728731518 -6.4724395815 -6.4646512888 -6.4644669348 -6.4591688548 -6.4591579229 -6.4589153204 -6.4587348888 -6.4536490483 -6.4534530458 -6.4532817743 -6.4531832501 -6.4530769758 -6.4529807841 -6.4476784977 -6.4476358761 -6.4473645563 -6.4472749399 -6.4421457744 -6.4418391924 -6.2426984788 -6.2421165064 -6.2372697101 -6.2370717849 -6.2335863271 -6.2321246581 -6.2313834875 -6.2310525690 -6.2295479655 -6.2283236360 -6.2273034234 -6.2263724987 -6.2255765027 -6.2237346150 -6.2234486005 -6.2224060753 -6.2210694989 -6.2206942722 -6.2195028862 -6.2187029828 -6.2172728547 -6.2156938173 -6.2125877341 -6.2107097587 -6.0997349614 -6.0992540821 -6.0978244420 -6.0977186093 -6.0950334960 -6.0947288526 -6.0942527361 -6.0936673733 -6.0920840309 -6.0916552849 -6.0901613394 -6.0892310464 -6.0890108061 -6.0877595315 -6.0864764769 -6.0860390790 -6.0847736652 -6.0840265274 -6.0827912638 -6.0820949571 -6.0807960172 -6.0797159415 -6.0783883454 -6.0765044420 -6.0625163065 -6.0624802960 -6.0552617379 -6.0538155039 -6.0518550396 -6.0506637987 -6.0476398951 -6.0464804118 -6.0443572612 -6.0442514517 -6.0411795730 -6.0410543754 -6.0383738963 -6.0368965847 -6.0355880635 -6.0344478058 -6.0336767606 -6.0330427579 -6.0316015982 -6.0308742448 -6.0296204467 -6.0292218860 -6.0270079124 -6.0258616377 -5.9834232984 -5.9820269381 -5.9800237658 -5.9798480495 -5.9781986557 -5.9766199577 -5.9741946455 -5.9736398001 -5.9712459386 -5.9711406860 -5.9686832213 -5.9678558303 -5.9637267034 -5.9636241719 -5.9620431481 -5.9615864439 -5.9605740562 -5.9603432001 -5.9590637241 -5.9588911988 -5.9580579964 -5.9565443635 -5.9542896858 -5.9542093869 -5.9524942177 -5.9513520895 -5.9466686266 -5.9465533631 -5.9447166768 -5.9446187072 -5.9429958873 -5.9428201338 -5.9420322756 -5.9413197555 -5.9398747146 -5.9394018169 -5.9377919944 -5.9375452084 -5.9222113474 -5.9201487381 -5.9191695332 -5.9190047252 -5.9177154754 -5.9170645477 -5.9163157842 -5.9148087319 -5.9146593092 -5.9140216032 -5.9122169603 -5.9103818539 -5.8842031268 -5.8834663764 -5.8818432861 -5.8815035267 -5.8802003022 -5.8800712625 -5.8739739554 -5.8719709334 -5.8691452419 -5.8691389298 -5.8651818724 -5.8638648115 -5.8541925059 -5.8535692624 -5.8512748509 -5.8504103571 -5.8443982926 -5.8420822181 -5.8404530296 -5.8399981060 -5.8381645618 -5.8374488281 -5.8320966262 -5.8290195803 -5.8267465831 -5.8262226651 -5.8222013337 -5.8200233948 -5.8189888644 -5.8179438747 -5.8100075290 -5.8099078433 -5.8066082018 -5.8059518936 -5.7986374670 -5.7973919780 -5.7549148557 -5.7549137068 -5.7274767120 -5.7274487379
-6.4907570545 -6.4903784020 -6.4791381074 -6.4791084956 -6.4705063342 -6.4703159569 -6.4669715044 -6.4665236862 -6.4646231815 -6.4644046063 -6.4598881098 -6.4598575111 -6.4589872886 -6.4586647817 -6.4531494105 -6.4531203908 -6.4476444383 -6.4474928731 -6.4466174881 -6.4465416153 -6.4417687969 -6.4416211559 -6.4361062042 -6.4358151416 -6.2486342562 -6.2480240918 -6.2402443526 -6.2385339354 -6.2371220626 -6.2357875444 -6.2349930397 -6.2314398010 -6.2300316114 -6.2290222765 -6.2281433205 -6.2274470870 -6.2262191035 -6.2259654303 -6.2223061233 -6.2213817696 -6.2193892356 -6.2190358881 -6.2168341218 -6.2164644784 -6.2127124700 -6.2119220071 -6.2069677090 -6.2050143283 -6.1027572013 -6.1018281585 -6.0995466526 -6.0994080791 -6.0963729089 -6.0959999750 -6.0933320926 -6.0930844296 -6.0925980422 -6.0924733289 -6.0911417396 -6.0896446060 -6.0883224528 -6.0873796653 -6.0859444254 -6.0856648094 -6.0840316013 -6.0835495236 -6.0829916061 -6.0813725453 -6.0791861236 -6.0782235603 -6.0766617066 -6.0737533435 -6.0641682574 -6.0640161298 -6.0565072813 -6.0553454812 -6.0518702816 -6.0510673917 -6.0490371806 -6.0477591118 -6.0440507628 -6.0434850938 -6.0419624604 -6.0405338008 -6.0384133621 -6.0382384108 -6.0372988137 -6.0363486017 -6.0351553499 -6.0346769750 -6.0296854198 -6.0293532552 -6.0272750923 -6.0270363847 -6.0236935476 -6.0222243046 -5.9856648106 -5.9843704577 -5.9806150548 -5.9805440999 -5.9771120258 -5.9753103071 -5.9748971124 -5.9746482388 -5.9713136545 -5.9706269673 -5.9672842133 -5.9661669851 -5.9647747486 -5.9646683578 -5.9630769381 -5.9626188633 -5.9611739515 -5.9607930433 -5.9595307718 -5.9581343485 -5.9578302653 -5.9568563299 -5.9548430958 -5.9546798425 -5.9517716292 -5.9501489784 -5.9483210383 -5.9479909265 -5.9450160472 -5.9445509675 -5.9430532666 -5.9427636527 -5.9412827976 -5.9411987183 -5.9392550851 -5.9386861433 -5.9358511057 -5.9356096386 -5.9244206470 -5.9212695122 -5.9209262696 -5.9203275456 -5.9174025515 -5.9164852304 -5.9157782121 -5.9153628284 -5.9128928312 -5.9126032452 -5.9112967632 -5.9084915373 -5.8863812981 -5.8852823438 -5.8826012268 -5.8818647484 -5.8790636935 -5.8786337106 -5.8746141040 -5.8708922495 -5.8691801280 -5.8691576233 -5.8657983445 -5.8631810175 -5.8564130251 -5.8549045854 -5.8510707915 -5.8495276628 -5.8454064145 -5.8425152262 -5.8413119297 -5.8395181003 -5.8373704748 -5.8360297401 -5.8330777472 -5.8289679984 -5.8278816087 -5.8247811625 -5.8224339072 -5.8212835976 -5.8173571094 -5.8169447294 -5.8098974518 -5.8094826834 -5.8069999640 -5.8055710971 -5.7985126215 -5.7961420545 -5.7550694905 -5.7550670790 -5.7277729661 -5.7277299521
-6.4967461784 -6.4963891719 -6.4797178146 -6.4796745515 -6.4764340415 -6.4762424851 -6.4702261627 -6.4699850983 -6.4641923451 -6.4638752427 -6.4614515699 -6.4612677643 -6.4606669784 -6.4603716996 -6.4528002225 -6.4527712069 -6.4453363515 -6.4452421132 -6.4421624631 -6.4420156868 -6.4359582339 -6.4358249990 -6.4298934335 -6.4296169548 -6.2547120112 -6.2540771133 -6.2458922816 -6.2431359671 -6.2404756261 -6.2393172073 -6.2385045162 -6.2350717995 -6.2330207716 -6.2326777560 -6.2293025237 -6.2291221476 -6.2240333451 -6.2238985384 -6.2207073579 -6.2202425524 -6.2172656351 -6.2169641236 -6.2132871936 -6.2131690183 -6.2073913039 -6.2068559663 -6.2009145397 -6.1991853721 -6.1059515950 -6.1046708355 -6.1016727870 -6.1015262265 -6.0993331991 -6.0979752189 -6.0945281656 -6.0941730156 -6.0930702283 -6.0918413741 -6.0916629207 -6.0912834368 -6.0867587275 -6.0863822870 -6.0856579041 -6.0852115622 -6.0837857962 -6.0837082629 -6.0810796718 -6.0787825671 -6.0768757296 -6.0765488474 -6.0745526350 -6.0708219038 -6.0665047749 -6.0662290120 -6.0580990021 -6.0576695404 -6.0536142673 -6.0529292104 -6.0484049479 -6.0476925034 -6.0460612815 -6.0444254912 -6.0425907980 -6.0424099172 -6.0393283938 -6.0391323721 -6.0372289113 -6.0367027029 -6.0350085272 -6.0344195976 -6.0277037136 -6.0274568390 -6.0249879984 -6.0245720535 -6.0200235274 -6.0183175393 -5.9880246558 -5.9869708202 -5.9817639136 -5.9817005032 -5.9774588939 -5.9764313809 -5.9743453194 -5.9741873213 -5.9710351888 -5.9693732378 -5.9665077377 -5.9662387221 -5.9654096259 -5.9644421000 -5.9640260142 -5.9636052724 -5.9622374677 -5.9615024190 -5.9606262641 -5.9589228165 -5.9574262882 -5.9566306992 -5.9551038295 -5.9546488976 -5.9508924355 -5.9497643734 -5.9497095528 -5.9486016168 -5.9461214475 -5.9454114072 -5.9429670438 -5.9427731490 -5.9400748909 -5.9400061289 -5.9379814887 -5.9372748385 -5.9337579148 -5.9335925627 -5.9267915681 -5.9233102891 -5.9221171148 -5.9216222465 -5.9182243222 -5.9173323877 -5.9147201961 -5.9141130369 -5.9114507527 -5.9106764541 -5.9097158136 -5.9064539143 -5.8887284358 -5.8873188361 -5.8835976824 -5.8826492797 -5.8786025257 -5.8773840659 -5.8748118264 -5.8702263155 -5.8691505608 -5.8690074924 -5.8663669191 -5.8625371461 -5.8585403517 -5.8561948636 -5.8518289607 -5.8495634781 -5.8458524911 -5.8434504929 -5.8419194143 -5.8392784891 -5.8367245938 -5.8354367178 -5.8320083216 -5.8295882793 -5.8293952027 -5.8233747521 -5.8221430158 -5.8220271568 -5.8170099767 -5.8149613823 -5.8099254880 -5.8088150985 -5.8072941568 -5.8048450512 -5.7979712766 -5.7946219941 -5.7553292297 -5.7553208326 -5.7282202768 -5.7281746234
-6.5027431660 -6.5024077550 -6.4825675837 -6.4823737943 -6.4803463728 -6.4802881217 -6.4757426073 -6.4754791531 -6.4692506151 -6.4689442900 -6.4625104718 -6.4624664324 -6.4551755287 -6.4547106802 -6.4521952452 -6.4521690258 -6.4438868473 -6.4437801358 -6.4367681637 -6.4366117827 -6.4300660818 -6.4299403339 -6.4235501566 -6.4232854975 -6.2608775762 -6.2602152217 -6.2519434696 -6.2492129338 -6.2457812321 -6.2426657437 -6.2411488711 -6.2391757452 -6.2365861728 -6.2363522948 -6.2301622436 -6.2300735465 -6.2229097190 -6.2228057304 -6.2188381354 -6.2186493442 -6.2155261177 -6.2151728339 -6.2088071978 -6.2087236600 -6.2019412218 -6.2013474743 -6.1947357840 -6.1932903297 -6.1092496423 -6.1077162246 -6.1040305361 -6.1038775126 -6.1024683854 -6.1002227671 -6.0965929834 -6.0962326077 -6.0948648088 -6.0939743064 -6.0903108862 -6.0899012751 -6.0875519866 -6.0873272988 -6.0843303949 -6.0842223684 -6.0822328919 -6.0821314637 -6.0787489397 -6.0762945139 -6.0748988182 -6.0744707480 -6.0720701066 -6.0692567537 -6.0689195028 -6.0677942629 -6.0602946468 -6.0600516765 -6.0559545165 -6.0553093581 -6.0498343538 -6.0484541676 -6.0470329483 -6.0469485339 -6.0425532920 -6.0420885613 -6.0410566309 -6.0400105079 -6.0385327704 -6.0380194220 -6.0321234260 -6.0316919912 -6.0258383688 -6.0254463379 -6.0226262983 -6.0221020938 -6.0161877759 -6.0143003008 -5.9904458687 -5.9896466952 -5.9834429998 -5.9832967317 -5.9782693628 -5.9775710632 -5.9742755751 -5.9740742832 -5.9700172005 -5.9682625197 -5.9678446950 -5.9676419544 -5.9650691088 -5.9647661300 -5.9640056976 -5.9638441882 -5.9628585516 -5.9625048594 -5.9611280763 -5.9600127597 -5.9580552060 -5.9573508687 -5.9542095339 -5.9536614341 -5.9516733700 -5.9509650548 -5.9493858759 -5.9480201353 -5.9469555663 -5.9467634228 -5.9423525896 -5.9421150100 -5.9390968271 -5.9390303601 -5.9361817155 -5.9354164746 -5.9315915151 -5.9315187135 -5.9292397413 -5.9255597634 -5.9232316733 -5.9228402067 -5.9191430869 -5.9185253503 -5.9132635213 -5.9127690360 -5.9099488949 -5.9092059156 -5.9074846782 -5.9043434436 -5.8912148552 -5.8895451195 -5.8847905629 -5.8837659391 -5.8788734916 -5.8765412144 -5.8745669339 -5.8703468582 -5.8690666235 -5.8687845659 -5.8665791397 -5.8620688656 -5.8602363197 -5.8572472442 -5.8532492388 -5.8505451518 -5.8463276651 -5.8445465660 -5.8419673542 -5.8394968939 -5.8364115547 -5.8350288948 -5.8317134953 -5.8297472759 -5.8293941007 -5.8244263090 -5.8215115133 -5.8205782976 -5.8167782496 -5.8133344753 -5.8099569240 -5.8083099890 -5.8070927236 -5.8035992946 -5.7971360430 -5.7929130885 -5.7556950918 -5.7556737490 -5.7288020441 -5.7287587191
-6.5087414233 -6.5084270828 -6.4886196182 -6.4884234618 -6.4813729546 -6.4812511063 -6.4810250871 -6.4808216265 -6.4741945776 -6.4739013514 -6.4640724551 -6.4640280046 -6.4514129575 -6.4513885195 -6.4493215728 -6.4488598614 -6.4423623383 -6.4422462575 -6.4314460206 -6.4312654561 -6.4240821907 -6.4239521602 -6.4171130201 -6.4168570662 -6.2670999597 -6.2664056928 -6.2581178406 -6.2555836599 -6.2510825661 -6.2472362234 -6.2443878922 -6.2431188383 -6.2404567202 -6.2401616529 -6.2304695966 -6.2304229475 -6.2223234109 -6.2222250666 -6.2172234699 -6.2170926367 -6.2140308232 -6.2137168980 -6.2038000363 -6.2037412963 -6.1964076850 -6.1956902382 -6.1885375115 -6.1873652595 -6.1126165955 -6.1109081357 -6.1065561255 -6.1063967649 -6.1057181376 -6.1027715010 -6.0988894334 -6.0985885425 -6.0965367739 -6.0959421072 -6.0890327596 -6.0889308664 -6.0887365773 -6.0885594258 -6.0828289832 -6.0827003055 -6.0806137296 -6.0804904827 -6.0761305468 -6.0741450344 -6.0735433645 -6.0721682741 -6.0719867560 -6.0717923587 -6.0691925479 -6.0647697618 -6.0630672103 -6.0622845810 -6.0584153893 -6.0578113460 -6.0534513863 -6.0523689652 -6.0468489734 -6.0461429230 -6.0437713085 -6.0432717109 -6.0414203773 -6.0404052640 -6.0391825631 -6.0381828146 -6.0291138461 -6.0287863476 -6.0239565907 -6.0234360822 -6.0202249603 -6.0196397229 -6.0122615579 -6.0102295088 -5.9929091940 -5.9923632919 -5.9855014271 -5.9851946872 -5.9790896862 -5.9785583628 -5.9747738256 -5.9744680934 -5.9700502159 -5.9697945785 -5.9684837529 -5.9669721027 -5.9666700771 -5.9649263670 -5.9647685109 -5.9641168514 -5.9630237916 -5.9626590453 -5.9610097484 -5.9607060921 -5.9585337665 -5.9581699973 -5.9532411067 -5.9527456036 -5.9526998399 -5.9518953885 -5.9491908310 -5.9488075638 -5.9476752667 -5.9458638073 -5.9415703778 -5.9412864394 -5.9381633961 -5.9380959140 -5.9341588334 -5.9333685081 -5.9317344308 -5.9294404485 -5.9293355084 -5.9278972838 -5.9243148223 -5.9239848932 -5.9200749170 -5.9196592624 -5.9117972361 -5.9113749092 -5.9084314920 -5.9078209058 -5.9050682344 -5.9022006484 -5.8938183765 -5.8919557571 -5.8861425536 -5.8851241042 -5.8796839276 -5.8762194106 -5.8742162407 -5.8708508999 -5.8695849645 -5.8688587724 -5.8659367781 -5.8620460392 -5.8612254111 -5.8577697703 -5.8549237959 -5.8522270240 -5.8472019777 -5.8458204291 -5.8415106084 -5.8399275005 -5.8364844270 -5.8345099996 -5.8332782035 -5.8298284414 -5.8269977414 -5.8258410340 -5.8209673768 -5.8188423643 -5.8165125903 -5.8125214383 -5.8094614996 -5.8082335798 -5.8061585959 -5.8018270778 -5.7961043356 -5.7910645783 -5.7561673708 -5.7561244136 -5.7295134384 -5.7294725004
-6.5147343508 -6.5144401868 -6.4947466305 -6.4945514446 -6.4865032939 -6.4861924145 -6.4821953893 -6.4821254458 -6.4790468879 -6.4787678862 -6.4657186432 -6.4656757256 -6.4504630313 -6.4504443532 -6.4435073052 -6.4430480493 -6.4408096722 -6.4406869501 -6.4261765834 -6.4259623017 -6.4180041967 -6.4178589932 -6.4106109373 -6.4103609033 -6.2733585599 -6.2726278917 -6.2643496658 -6.2620447665 -6.2563968063 -6.2523715320 -6.2481252702 -6.2471350744 -6.2445517987 -6.2442397234 -6.2304311469 -6.2304054868 -6.2218696201 -6.2217763242 -6.2159219615 -6.2157791559 -6.2127482638 -6.2124733761 -6.1986243884 -6.1985631860 -6.1908118407 -6.1899785566 -6.1823678482 -6.1814371687 -6.1160337946 -6.1142065974 -6.1092461294 -6.1091075303 -6.1089609922 -6.1056014492 -6.1013598804 -6.1011152625 -6.0981143877 -6.0977063448 -6.0902774622 -6.0902489669 -6.0877019849 -6.0873522143 -6.0814076706 -6.0812188264 -6.0790656268 -6.0789494919 -6.0758611314 -6.0754385961 -6.0732825927 -6.0723557198 -6.0713409094 -6.0690625292 -6.0664607292 -6.0657175509 -6.0648735183 -6.0616573737 -6.0609823931 -6.0603515121 -6.0570807396 -6.0563145317 -6.0477035098 -6.0469109965 -6.0445132424 -6.0436489401 -6.0422114089 -6.0412491967 -6.0386262126 -6.0372333398 -6.0261224475 -6.0258569625 -6.0220488148 -6.0214084545 -6.0178097849 -6.0171874431 -6.0082833016 -6.0061296894 -5.9954061635 -5.9951068884 -5.9877922801 -5.9872708413 -5.9799416006 -5.9794941319 -5.9755336439 -5.9752263723 -5.9720287863 -5.9716889884 -5.9690512171 -5.9676006749 -5.9670975596 -5.9659998477 -5.9654967781 -5.9644297407 -5.9634110633 -5.9618212960 -5.9616702466 -5.9615135056 -5.9578777380 -5.9577316710 -5.9544457310 -5.9537581138 -5.9514990009 -5.9509134412 -5.9503044410 -5.9498458927 -5.9468867444 -5.9444665813 -5.9407189178 -5.9404016017 -5.9372254423 -5.9371654200 -5.9342477381 -5.9320017515 -5.9312675018 -5.9302706949 -5.9273506463 -5.9271027518 -5.9253226052 -5.9250371856 -5.9210001655 -5.9207246804 -5.9103271585 -5.9099472785 -5.9069107536 -5.9064333711 -5.9026084361 -5.9000545953 -5.8965088061 -5.8945444339 -5.8876198474 -5.8866517868 -5.8808397335 -5.8765544525 -5.8740481616 -5.8716217892 -5.8708644002 -5.8685296891 -5.8650326051 -5.8626040126 -5.8614847981 -5.8576310857 -5.8566107341 -5.8542874632 -5.8483395252 -5.8472237920 -5.8409774884 -5.8406980320 -5.8367899793 -5.8349941459 -5.8334746128 -5.8297664747 -5.8271428120 -5.8249575567 -5.8202358305 -5.8174199654 -5.8161003932 -5.8123880057 -5.8083634740 -5.8081148337 -5.8049746103 -5.7996120241 -5.7949359208 -5.7891058892 -5.7567458142 -5.7566705962 -5.7303539010 -5.7303152781
-6.5207153805 -6.5204402396 -6.5008962719 -6.5007024338 -6.4917321534 -6.4914015825 -6.4838737214 -6.4836284188 -6.4831646328 -6.4830891514 -6.4673956293 -6.4673555579 -6.4494179294 -6.4494040665 -6.4392916476 -6.4391600008 -6.4376729428 -6.4372231873 -6.4209399235 -6.4206876157 -6.4118355468 -6.4116691827 -6.4040661554 -6.4038197631 -6.2796383463 -6.2788676425 -6.2706064498 -6.2685308561 -6.2617279980 -6.2577038002 -6.2522578110 -6.2514036069 -6.2488587713 -6.2485523136 -6.2301837823 -6.2301687692 -6.2214435477 -6.2213561933 -6.2148734468 -6.2147255231 -6.2116413536 -6.2113983483 -6.1934388207 -6.1933296699 -6.1851737555 -6.1842510332 -6.1762540584 -6.1755286361 -6.1194904720 -6.1175848902 -6.1125019130 -6.1119597398 -6.1117836019 -6.1086530664 -6.1039678468 -6.1037483560 -6.0996331941 -6.0993397411 -6.0916940024 -6.0916404048 -6.0864770600 -6.0861503700 -6.0800710776 -6.0799004071 -6.0792567005 -6.0790171579 -6.0775585826 -6.0773752152 -6.0709935951 -6.0709125308 -6.0693596982 -6.0689472677 -6.0674709564 -6.0660193261 -6.0638297211 -6.0632185266 -6.0630362423 -6.0605922320 -6.0601924834 -6.0584642542 -6.0493971245 -6.0487678659 -6.0452007051 -6.0442774044 -6.0420829574 -6.0415132092 -6.0376707078 -6.0361336217 -6.0231972400 -6.0229456521 -6.0201166167 -6.0193390496 -6.0153968550 -6.0147505185 -6.0042761460 -6.0020157775 -5.9979420902 -5.9978563735 -5.9902231211 -5.9894554862 -5.9808639396 -5.9804501001 -5.9765003920 -5.9762283920 -5.9740973706 -5.9737297169 -5.9712021921 -5.9688098299 -5.9677170525 -5.9672238821 -5.9661082984 -5.9650686285 -5.9636061131 -5.9629577149 -5.9624037719 -5.9600248883 -5.9566297539 -5.9564798470 -5.9557011225 -5.9550291883 -5.9518807322 -5.9512295806 -5.9499183612 -5.9491345683 -5.9457848305 -5.9429524032 -5.9398418089 -5.9395072787 -5.9371191692 -5.9362588076 -5.9358627036 -5.9327554070 -5.9298452909 -5.9290746968 -5.9264970261 -5.9262033547 -5.9249753870 -5.9246999712 -5.9219186708 -5.9217057007 -5.9088563811 -5.9084980705 -5.9054069914 -5.9050787349 -5.9001948747 -5.8991644572 -5.8980106762 -5.8972168158 -5.8891848665 -5.8882968083 -5.8822545613 -5.8776538500 -5.8741609888 -5.8727270294 -5.8719115741 -5.8681721742 -5.8643756233 -5.8634403395 -5.8612099402 -5.8580849747 -5.8574841144 -5.8560989643 -5.8495754197 -5.8486831072 -5.8420093612 -5.8408314187 -5.8369804205 -5.8357981825 -5.8328892139 -5.8299825534 -5.8279712143 -5.8238620286 -5.8190008484 -5.8165283578 -5.8154268176 -5.8121585399 -5.8077911517 -5.8071056585 -5.8037228209 -5.7970808147 -5.7936559788 -5.7870562283 -5.7574294175 -5.7573091580 -5.7313232395 -5.7312890702
-6.5266781020 -6.5264206678 -6.5070466522 -6.5068541959 -6.4968784804 -6.4965295757 -6.4885741760 -6.4883242089 -6.4842504923 -6.4841737375 -6.4690682231 -6.4690318487 -6.4483075009 -6.4482973951 -6.4377710257 -6.4376316791 -6.4318763127 -6.4314382022 -6.4157188128 -6.4154272910 -6.4055841216 -6.4053949449 -6.3974959887 -6.3972514341 -6.2859276403 -6.2851146464 -6.2768669378 -6.2750101491 -6.2670771802 -6.2631158551 -6.2567240147 -6.2559525134 -6.2533538479 -6.2530637609 -6.2298029167 -6.2297931726 -6.2210167880 -6.2209358097 -6.2140427981 -6.2138992141 -6.2106859766 -6.2104697042 -6.1882984144 -6.1881061094 -6.1795149581 -6.1785294905 -6.1702146465 -6.1696591687 -6.1229799834 -6.1210252683 -6.1159437374 -6.1148306095 -6.1146468220 -6.1118640923 -6.1066876807 -6.1064725569 -6.1011202509 -6.1008964602 -6.0931252561 -6.0930097397 -6.0852836964 -6.0849731054 -6.0828736219 -6.0827710332 -6.0787431221 -6.0784867976 -6.0761969641 -6.0760425294 -6.0723582301 -6.0706537302 -6.0693463949 -6.0691155031 -6.0666808648 -6.0666312535 -6.0661422325 -6.0639638750 -6.0637412564 -6.0629675557 -6.0600151339 -6.0554158069 -6.0513096339 -6.0507846652 -6.0463196506 -6.0456199409 -6.0412100443 -6.0411400579 -6.0366615372 -6.0350685883 -6.0203859414 -6.0200807930 -6.0181587887 -6.0171991578 -6.0129994277 -6.0123374249 -6.0006816647 -6.0005211826 -6.0001926945 -5.9978747188 -5.9927428200 -5.9917107986 -5.9818824559 -5.9814663407 -5.9776544953 -5.9774407791 -5.9762274170 -5.9758419917 -5.9734896376 -5.9706555682 -5.9690778756 -5.9679740555 -5.9671061569 -5.9661251160 -5.9649717437 -5.9645215379 -5.9610944579 -5.9583329990 -5.9569674720 -5.9564946421 -5.9551568453 -5.9549655315 -5.9530417221 -5.9524873695 -5.9482922363 -5.9476677346 -5.9446369887 -5.9413278859 -5.9395570412 -5.9389675934 -5.9385584996 -5.9355198506 -5.9350591227 -5.9350060062 -5.9279791404 -5.9275713502 -5.9268906854 -5.9265724593 -5.9230811902 -5.9229410056 -5.9226406988 -5.9221345018 -5.9074061651 -5.9070441839 -5.9042070840 -5.9039173341 -5.9016132974 -5.9001984463 -5.8976124677 -5.8958237157 -5.8907671350 -5.8900174435 -5.8838855300 -5.8794170990 -5.8745459139 -5.8738939547 -5.8728076245 -5.8680376087 -5.8643301565 -5.8641506962 -5.8607793772 -5.8593208299 -5.8588747479 -5.8558044893 -5.8507931236 -5.8501429708 -5.8437670787 -5.8413577557 -5.8368286913 -5.8362772137 -5.8323514119 -5.8307896966 -5.8280640081 -5.8236218296 -5.8176445842 -5.8162258381 -5.8142723623 -5.8114845326 -5.8071793751 -5.8058837314 -5.8024496730 -5.7943991502 -5.7922327941 -5.7849300826 -5.7582162577 -5.7580359093 -5.7324209834 -5.7323946391
-6.5326163725 -6.5323752440 -6.5131811300 -6.5129899308 -6.5019487187 -6.5015831241 -6.4932527780 -6.4930160775 -6.4853086420 -6.4852304854 -6.4707092225 -6.4706771222 -6.4471594833 -6.4471491240 -6.4362985871 -6.4361526133 -6.4260733761 -6.4256544614 -6.4104992818 -6.4101688141 -6.3992604444 -6.3990492183 -6.3909143115 -6.3906701747 -6.2922169775 -6.2913611249 -6.2831155501 -6.2814631474 -6.2724448774 -6.2685689353 -6.2614825625 -6.2607672476 -6.2580177556 -6.2577472681 -6.2293323446 -6.2293249627 -6.2205836636 -6.2205093374 -6.2134011469 -6.2132673601 -6.2098664903 -6.2096734650 -6.1832165230 -6.1829261821 -6.1738573557 -6.1728304250 -6.1642640760 -6.1638457322 -6.1264979790 -6.1245157428 -6.1194316765 -6.1177855083 -6.1175948374 -6.1151878214 -6.1095035623 -6.1092844890 -6.1025945985 -6.1024114875 -6.0945737820 -6.0943829239 -6.0866263367 -6.0865393249 -6.0840921929 -6.0838037953 -6.0775496242 -6.0772585602 -6.0757587028 -6.0748311903 -6.0746592340 -6.0734692428 -6.0703174505 -6.0699451860 -6.0681908541 -6.0679774019 -6.0668189228 -6.0666720805 -6.0634300642 -6.0599139086 -6.0569209500 -6.0532996382 -6.0528026746 -6.0523044712 -6.0476441477 -6.0470541541 -6.0405119832 -6.0403104755 -6.0356738020 -6.0340797365 -6.0177436112 -6.0173054456 -6.0161549374 -6.0149542064 -6.0106351429 -6.0099650297 -6.0034591774 -6.0030222158 -5.9962445341 -5.9953052084 -5.9941374619 -5.9936340285 -5.9830202440 -5.9825688321 -5.9790210756 -5.9788842540 -5.9783448967 -5.9779674303 -5.9758135743 -5.9728477987 -5.9702934247 -5.9689927444 -5.9683416344 -5.9674693412 -5.9664429834 -5.9660191479 -5.9594714168 -5.9584485282 -5.9577490449 -5.9564138051 -5.9546039951 -5.9538727183 -5.9535503640 -5.9533394906 -5.9464880391 -5.9462164358 -5.9434625346 -5.9420703729 -5.9396460812 -5.9383394730 -5.9377228223 -5.9374573400 -5.9343537013 -5.9341098321 -5.9284368772 -5.9281657351 -5.9251755966 -5.9246697211 -5.9237525065 -5.9235413331 -5.9207156989 -5.9199918180 -5.9064577220 -5.9056853432 -5.9051622421 -5.9039017796 -5.9018518263 -5.9015359108 -5.8951529923 -5.8941952057 -5.8919770415 -5.8917569965 -5.8857011665 -5.8815640735 -5.8751668079 -5.8750394510 -5.8737461403 -5.8684449322 -5.8650775437 -5.8644651565 -5.8615670322 -5.8606982164 -5.8585295021 -5.8549702420 -5.8518726546 -5.8515373008 -5.8457565080 -5.8424080405 -5.8366067894 -5.8365701973 -5.8319537527 -5.8316990239 -5.8278761161 -5.8237647316 -5.8167405026 -5.8162480349 -5.8125970134 -5.8105190634 -5.8062490067 -5.8047129872 -5.8011616580 -5.7919321916 -5.7904044431 -5.7827402546 -5.7591032175 -5.7588453675 -5.7336490556 -5.7336273333
-6.5385243961 -6.5382981478 -6.5192864172 -6.5190962856 -6.5069500067 -6.5065694397 -6.4978923316 -6.4976687321 -6.4863495630 -6.4862717650 -6.4722951658 -6.4722677506 -6.4459954718 -6.4459800586 -6.4348795165 -6.4347270523 -6.4202663590 -6.4198712544 -6.4052702094 -6.4049016349 -6.3928761111 -6.3926446328 -6.3843326481 -6.3840878043 -6.2984984816 -6.2976010260 -6.2893403392 -6.2878762498 -6.2778315431 -6.2740491587 -6.2664989061 -6.2658204000 -6.2628387516 -6.2625858427 -6.2288008300 -6.2287944347 -6.2201473360 -6.2200799035 -6.2129220538 -6.2128008327 -6.2091713811 -6.2089991795 -6.1781960565 -6.1778028853 -6.1682218038 -6.1671684843 -6.1584149492 -6.1581029767 -6.1300414566 -6.1280479994 -6.1229548322 -6.1208182091 -6.1206208443 -6.1185933438 -6.1124057287 -6.1121801142 -6.1040704477 -6.1039080902 -6.0960900887 -6.0957786072 -6.0904897048 -6.0902863837 -6.0829355391 -6.0826503207 -6.0791432685 -6.0767836185 -6.0763095815 -6.0760092233 -6.0740294651 -6.0738354816 -6.0734638286 -6.0731423835 -6.0703819220 -6.0703081344 -6.0664983108 -6.0664043439 -6.0603404000 -6.0568413160 -6.0551967357 -6.0547820326 -6.0537906914 -6.0493720221 -6.0489489194 -6.0484891517 -6.0398209944 -6.0394808372 -6.0347338930 -6.0331803488 -6.0153132231 -6.0147672337 -6.0139826340 -6.0125863158 -6.0083741789 -6.0077687784 -6.0061172962 -6.0055213579 -5.9979559466 -5.9963888316 -5.9922117955 -5.9896141508 -5.9843068374 -5.9837857262 -5.9808442087 -5.9806426904 -5.9801551498 -5.9799852530 -5.9781086870 -5.9751708516 -5.9715616492 -5.9703517366 -5.9695858574 -5.9690458918 -5.9678424320 -5.9673759779 -5.9596847244 -5.9592630169 -5.9576500533 -5.9555164258 -5.9552670883 -5.9546047685 -5.9525670819 -5.9520415493 -5.9448010337 -5.9446914601 -5.9445325179 -5.9421813146 -5.9404621731 -5.9379979982 -5.9369094406 -5.9368143237 -5.9335005101 -5.9332214364 -5.9291821702 -5.9289359505 -5.9248796126 -5.9243904161 -5.9229419709 -5.9222560059 -5.9185492584 -5.9176626921 -5.9088123955 -5.9070043945 -5.9042875108 -5.9040089374 -5.9007572181 -5.9003592470 -5.8947041681 -5.8936405659 -5.8925294695 -5.8910004189 -5.8876694022 -5.8838672487 -5.8762362256 -5.8759835991 -5.8747859465 -5.8694056285 -5.8663612912 -5.8648874087 -5.8632521193 -5.8608569422 -5.8576240103 -5.8543229471 -5.8526675538 -5.8526219393 -5.8478071377 -5.8437531706 -5.8369104151 -5.8365743718 -5.8323381407 -5.8317374546 -5.8276731245 -5.8240180656 -5.8163583527 -5.8161492754 -5.8108396089 -5.8094841415 -5.8049762508 -5.8035955332 -5.7998345829 -5.7901326877 -5.7877941117 -5.7804998473 -5.7600854518 -5.7597302763 -5.7350140716 -5.7349744400
-6.5443967726 -6.5441839978 -6.5253517657 -6.5251625006 -6.5118887989 -6.5114949708 -6.5024971110 -6.5022862058 -6.4873548845 -6.4872791038 -6.4738042088 -6.4737817727 -6.4448315633 -6.4448087521 -6.4335224217 -6.4333635654 -6.4144504632 -6.4140831492 -6.4000227089 -6.3996170539 -6.3864428850 -6.3861932479 -6.3777609244 -6.3775144724 -6.3047655077 -6.3038295164 -6.2955320142 -6.2942393627 -6.2832376150 -6.2795518927 -6.2717410748 -6.2710812903 -6.2678096153 -6.2675700076 -6.2282302077 -6.2282242223 -6.2197151998 -6.2196548690 -6.2125809852 -6.2124736255 -6.2085906982 -6.2084376636 -6.1732356982 -6.1727402163 -6.1626272598 -6.1615574194 -6.1526791718 -6.1524433341 -6.1336082417 -6.1316161022 -6.1265081736 -6.1239211676 -6.1237171996 -6.1220607541 -6.1153868814 -6.1151541435 -6.1055602080 -6.1054032745 -6.0978416728 -6.0972579702 -6.0942057882 -6.0940331889 -6.0827545584 -6.0817293546 -6.0815015975 -6.0799680619 -6.0778224788 -6.0773287516 -6.0751718748 -6.0750254152 -6.0733911934 -6.0733060936 -6.0723662173 -6.0722202384 -6.0655083535 -6.0654243213 -6.0572503119 -6.0570313407 -6.0566848366 -6.0537612223 -6.0507026588 -6.0504308267 -6.0498960993 -6.0462567295 -6.0391332685 -6.0387379561 -6.0338547515 -6.0323744686 -6.0131002692 -6.0126658812 -6.0114966567 -6.0101551906 -6.0091871790 -6.0083773961 -6.0057877955 -6.0051896265 -6.0005989346 -5.9987649201 -5.9882802916 -5.9860946008 -5.9852391285 -5.9851600231 -5.9829570916 -5.9826067342 -5.9820073558 -5.9816771614 -5.9802813026 -5.9775633263 -5.9729438784 -5.9720138576 -5.9708055071 -5.9707041527 -5.9691742590 -5.9686624266 -5.9609637859 -5.9605720826 -5.9569108372 -5.9563009663 -5.9557908845 -5.9533388603 -5.9514767010 -5.9507594842 -5.9472630324 -5.9434912026 -5.9429074323 -5.9425472071 -5.9408386727 -5.9369062419 -5.9360853815 -5.9353239655 -5.9327576730 -5.9325249673 -5.9296968364 -5.9295093104 -5.9258091313 -5.9251898621 -5.9206785340 -5.9200718750 -5.9163762858 -5.9153273112 -5.9117743961 -5.9103439697 -5.9028983441 -5.9026330017 -5.8997924292 -5.8993368454 -5.8958676038 -5.8950348845 -5.8901828187 -5.8897133690 -5.8890705517 -5.8861842116 -5.8775023425 -5.8769832290 -5.8759521317 -5.8707113198 -5.8678350407 -5.8665566786 -5.8634612147 -5.8612905489 -5.8566805231 -5.8547241088 -5.8529874065 -5.8526893176 -5.8497003590 -5.8452639223 -5.8372482795 -5.8369944981 -5.8326200230 -5.8317401682 -5.8274933423 -5.8242541722 -5.8163499221 -5.8157570482 -5.8093337048 -5.8084881879 -5.8034331853 -5.8025335911 -5.7984062216 -5.7886227327 -5.7848379127 -5.7782242090 -5.7611553070 -5.7606805734 -5.7365099525 -5.7364324011
-6.5502285227 -6.5500278631 -6.5313683739 -6.5311797885 -6.5167707215 -6.5163652907 -6.5070710077 -6.5068723734 -6.4883072283 -6.4882350673 -6.4752150919 -6.4751978039 -6.4436815685 -6.4436502649 -6.4322351886 -6.4320700265 -6.4086206386 -6.4082844083 -6.3947495623 -6.3943079194 -6.3799722855 -6.3797065324 -6.3712079811 -6.3709591907 -6.3110124352 -6.3100426353 -6.3016833655 -6.3005448639 -6.2886635077 -6.2850764802 -6.2771797575 -6.2765205731 -6.2729244617 -6.2726941305 -6.2276392766 -6.2276332884 -6.2192969643 -6.2192438646 -6.2123550579 -6.2122620864 -6.2081147940 -6.2079798696 -6.1683327991 -6.1677382787 -6.1570905600 -6.1560102927 -6.1470681965 -6.1468775450 -6.1371966744 -6.1352156839 -6.1300884292 -6.1270869943 -6.1268764842 -6.1255769259 -6.1184405714 -6.1182007763 -6.1070784645 -6.1069125260 -6.1003820797 -6.0992127201 -6.0973742546 -6.0972048359 -6.0864332254 -6.0834034654 -6.0818767195 -6.0810128409 -6.0804902699 -6.0803203357 -6.0767279072 -6.0766462179 -6.0738979988 -6.0736627355 -6.0713635909 -6.0712515273 -6.0646047546 -6.0645347144 -6.0588745667 -6.0585169366 -6.0540665002 -6.0518012167 -6.0513885313 -6.0505957441 -6.0475869779 -6.0432881126 -6.0384626839 -6.0380831223 -6.0330438751 -6.0316618205 -6.0122829750 -6.0114651644 -6.0105865108 -6.0104149372 -6.0089227203 -6.0075913836 -6.0038845014 -6.0031091457 -6.0029709850 -6.0010947847 -5.9876992015 -5.9869665258 -5.9852434842 -5.9847009459 -5.9842538506 -5.9840502910 -5.9830236035 -5.9823314386 -5.9812190707 -5.9799840200 -5.9744693290 -5.9738210845 -5.9723635635 -5.9720379930 -5.9704743986 -5.9699438698 -5.9622634516 -5.9619353962 -5.9578931847 -5.9575006624 -5.9544213999 -5.9520320760 -5.9504210141 -5.9499881529 -5.9494362684 -5.9456128497 -5.9420000051 -5.9407227891 -5.9392457079 -5.9361505530 -5.9353326992 -5.9338137843 -5.9323237973 -5.9321042600 -5.9297038927 -5.9295348074 -5.9267750876 -5.9259716667 -5.9184430592 -5.9178927475 -5.9147640367 -5.9142033860 -5.9138900159 -5.9129116484 -5.9016778548 -5.9015033031 -5.8997480990 -5.8991954436 -5.8960788731 -5.8955942466 -5.8918530496 -5.8884810028 -5.8876858881 -5.8869864611 -5.8788412129 -5.8781424344 -5.8772492531 -5.8722498826 -5.8693247432 -5.8684368871 -5.8634424289 -5.8620961669 -5.8558873804 -5.8555703343 -5.8531202138 -5.8527685203 -5.8505291220 -5.8468495989 -5.8377268584 -5.8376096932 -5.8327427490 -5.8319646530 -5.8273020100 -5.8244165278 -5.8162469327 -5.8154258037 -5.8081314488 -5.8075741374 -5.8018428641 -5.8015310385 -5.7967792515 -5.7871719028 -5.7818167566 -5.7759340566 -5.7622999929 -5.7616809648 -5.7381274739 -5.7379968027
-6.5560150957 -6.5558252601 -6.5373289363 -6.5371408705 -6.5216006373 -6.5211851777 -6.5116172027 -6.5114304414 -6.4891906113 -6.4891236121 -6.4765067998 -6.4764945817 -6.4425575544 -6.4425170937 -6.4310251109 -6.4308537312 -6.4027721315 -6.4024694368 -6.3894447711 -6.3889683055 -6.3734754426 -6.3731954220 -6.3646819271 -6.3644302018 -6.3172345477 -6.3162370552 -6.3077888723 -6.3067870932 -6.2941096052 -6.2906242507 -6.2827890798 -6.2821119319 -6.2781772656 -6.2779534858 -6.2270456447 -6.2270391479 -6.2189036120 -6.2188577288 -6.2122227223 -6.2121442519 -6.2077338385 -6.2076164389 -6.1634846923 -6.1627956248 -6.1516266203 -6.1505395936 -6.1415920042 -6.1414172282 -6.1408045428 -6.1388434030 -6.1336932067 -6.1303084299 -6.1300914975 -6.1291325578 -6.1215606204 -6.1213140359 -6.1086515321 -6.1084590959 -6.1039696998 -6.1025209859 -6.0994067038 -6.0992164057 -6.0902534502 -6.0869928555 -6.0859236601 -6.0846001074 -6.0800143333 -6.0799220028 -6.0793273940 -6.0790529620 -6.0729350375 -6.0727229442 -6.0703986592 -6.0702788840 -6.0638598320 -6.0638189017 -6.0605495192 -6.0602335060 -6.0531400907 -6.0526763905 -6.0509170809 -6.0476025373 -6.0445019399 -6.0404353143 -6.0377565444 -6.0375108938 -6.0323058817 -6.0310386892 -6.0150106887 -6.0137240317 -6.0090299535 -6.0087048013 -6.0064379646 -6.0062425580 -6.0048786640 -6.0037246520 -6.0014046882 -6.0007053295 -5.9898173438 -5.9890225676 -5.9869212255 -5.9868206641 -5.9859690768 -5.9851142308 -5.9841266789 -5.9824922930 -5.9801648071 -5.9772823824 -5.9761070841 -5.9756406665 -5.9738852044 -5.9733281266 -5.9717630415 -5.9712356168 -5.9635816364 -5.9633154847 -5.9590052606 -5.9587123837 -5.9530485587 -5.9524975656 -5.9508178252 -5.9494053546 -5.9484369153 -5.9482145313 -5.9406835019 -5.9392828565 -5.9373180518 -5.9355892822 -5.9346378241 -5.9333766320 -5.9325585574 -5.9310771006 -5.9289380077 -5.9288671259 -5.9277782930 -5.9267290804 -5.9178191338 -5.9178023665 -5.9157882234 -5.9155991231 -5.9120391186 -5.9106616110 -5.9020884164 -5.9013648479 -5.8994785417 -5.8992725824 -5.8955434517 -5.8954687400 -5.8933711723 -5.8903231393 -5.8852512334 -5.8850315498 -5.8802236628 -5.8794411109 -5.8786623460 -5.8739703865 -5.8707598428 -5.8701375895 -5.8637663181 -5.8632167717 -5.8561471927 -5.8552927818 -5.8547953605 -5.8522665571 -5.8499337337 -5.8483631010 -5.8385190120 -5.8380532379 -5.8329260965 -5.8323866383 -5.8270555003 -5.8244959937 -5.8160507339 -5.8151381987 -5.8071646819 -5.8067591018 -5.8006190095 -5.8004236781 -5.7948798127 -5.7857426466 -5.7788223038 -5.7736627834 -5.7634959898 -5.7627043596 -5.7398570915 -5.7396584123
-6.5617523671 -6.5615721422 -6.5432273163 -6.5430396410 -6.5263827530 -6.5259587337 -6.5161382952 -6.5159630467 -6.4899902493 -6.4899298688 -6.4776588655 -6.4776508303 -6.4414700973 -6.4414200049 -6.4298991302 -6.4297216329 -6.3969006992 -6.3966329126 -6.3841032219 -6.3835932376 -6.3669630803 -6.3666704049 -6.3581903923 -6.3579352435 -6.3234279659 -6.3224099237 -6.3138444107 -6.3129620672 -6.2995762633 -6.2961977492 -6.2885467687 -6.2878321049 -6.2835615259 -6.2833428369 -6.2264667057 -6.2264591968 -6.2185465736 -6.2185076754 -6.2121635099 -6.2120993930 -6.2074377412 -6.2073376410 -6.1586892068 -6.1579104053 -6.1462494052 -6.1451580971 -6.1444332599 -6.1424962016 -6.1373207475 -6.1362555844 -6.1360769668 -6.1335768656 -6.1333543870 -6.1327194705 -6.1247408323 -6.1244877928 -6.1103552886 -6.1101326793 -6.1079048509 -6.1062999979 -6.1009519628 -6.1008671174 -6.0941403289 -6.0907947140 -6.0899134812 -6.0883726852 -6.0832914130 -6.0831861952 -6.0782191064 -6.0779583443 -6.0720133749 -6.0718296167 -6.0694955011 -6.0693610009 -6.0635610692 -6.0634543906 -6.0618290053 -6.0616408395 -6.0544270633 -6.0539764825 -6.0477825987 -6.0445645167 -6.0414480837 -6.0382061788 -6.0370045873 -6.0365265785 -6.0316434331 -6.0304949874 -6.0178731312 -6.0163754550 -6.0090997673 -6.0071922762 -6.0068549101 -6.0060473258 -6.0039351878 -6.0026260275 -5.9993763306 -5.9987096811 -5.9921798530 -5.9913727532 -5.9893493989 -5.9885147657 -5.9876663454 -5.9867746141 -5.9858405990 -5.9848394439 -5.9782751359 -5.9776987896 -5.9767302114 -5.9749722433 -5.9747743128 -5.9734535023 -5.9724735340 -5.9724077292 -5.9649195409 -5.9647085158 -5.9601450117 -5.9599381066 -5.9550849714 -5.9517927197 -5.9508499582 -5.9497103891 -5.9484137395 -5.9474151313 -5.9394891869 -5.9381617075 -5.9354603119 -5.9353246992 -5.9339318599 -5.9335832428 -5.9328407061 -5.9299496339 -5.9288685438 -5.9279599903 -5.9273720670 -5.9273045690 -5.9212277534 -5.9205656541 -5.9136976405 -5.9134784223 -5.9098853991 -5.9084319779 -5.9037042245 -5.9028475500 -5.8989729279 -5.8983594723 -5.8965734401 -5.8955059855 -5.8928728218 -5.8911069251 -5.8833273661 -5.8828625859 -5.8814393748 -5.8808315261 -5.8801481619 -5.8758058778 -5.8721091250 -5.8716335804 -5.8645747937 -5.8645139620 -5.8569386413 -5.8560927330 -5.8549671119 -5.8519960354 -5.8493465413 -5.8490227955 -5.8392989833 -5.8385236566 -5.8332625170 -5.8329570404 -5.8267401262 -5.8245129750 -5.8157904893 -5.8148871417 -5.8063687820 -5.8060499008 -5.7997683732 -5.7993147704 -5.7927383969 -5.7843386490 -5.7759289468 -5.7714792053 -5.7646932090 -5.7636902362 -5.7416855247 -5.7414041544
-6.5674366318 -6.5672648864 -6.5490583138 -6.5488709315 -6.5311207280 -6.5306895015 -6.5206364433 -6.5204723853 -6.4906923494 -6.4906399174 -6.4786524341 -6.4786451471 -6.4404286069 -6.4403685183 -6.4288640339 -6.4286805401 -6.3910027775 -6.3907698087 -6.3787204486 -6.3781784852 -6.3604455668 -6.3601416211 -6.3517407204 -6.3514817519 -6.3295896103 -6.3285587737 -6.3198470268 -6.3190672833 -6.3050638206 -6.3018004851 -6.2944337493 -6.2936602472 -6.2890703270 -6.2888561292 -6.2259202948 -6.2259114466 -6.2182367994 -6.2182043762 -6.2121580516 -6.2121079265 -6.2072162976 -6.2071335273 -6.1539448332 -6.1530809718 -6.1480809755 -6.1461747024 -6.1409754040 -6.1409645193 -6.1398773611 -6.1368947767 -6.1366669967 -6.1363265616 -6.1310593528 -6.1308646623 -6.1279736811 -6.1277147165 -6.1127929339 -6.1124970215 -6.1110518519 -6.1098066221 -6.1025475731 -6.1024177725 -6.0980074419 -6.0947906956 -6.0938339674 -6.0922395238 -6.0867717448 -6.0866585429 -6.0770333398 -6.0767750145 -6.0712013934 -6.0710544102 -6.0686583050 -6.0685102017 -6.0643995794 -6.0641181967 -6.0620549564 -6.0619812951 -6.0556540143 -6.0552193500 -6.0446568735 -6.0415452824 -6.0385196409 -6.0373118785 -6.0364698492 -6.0340993342 -6.0310572023 -6.0299970127 -6.0207628327 -6.0190648656 -6.0117611656 -6.0088547134 -6.0052879169 -6.0050882709 -6.0016976998 -6.0003578016 -5.9975211027 -5.9968792961 -5.9946849883 -5.9938593432 -5.9918950344 -5.9902771537 -5.9892960873 -5.9885245830 -5.9873918154 -5.9869628067 -5.9799699023 -5.9796210585 -5.9773478394 -5.9763014034 -5.9745515390 -5.9743870651 -5.9714012821 -5.9687190666 -5.9662794210 -5.9661133127 -5.9613096734 -5.9611897967 -5.9576647994 -5.9535118524 -5.9506248553 -5.9486712712 -5.9474715614 -5.9464556794 -5.9386536488 -5.9373345619 -5.9355036108 -5.9348066928 -5.9336194129 -5.9329338684 -5.9322855159 -5.9300151558 -5.9289608605 -5.9283508049 -5.9267907174 -5.9253006060 -5.9244521604 -5.9229837354 -5.9114716367 -5.9113932082 -5.9077571894 -5.9068055653 -5.9049736002 -5.9046788988 -5.9002757741 -5.8984937241 -5.8964043953 -5.8956397503 -5.8916902408 -5.8905559352 -5.8836355043 -5.8824543716 -5.8818074017 -5.8805994220 -5.8803842463 -5.8776597984 -5.8733447999 -5.8729520767 -5.8659466681 -5.8657119158 -5.8588738116 -5.8559144178 -5.8552029023 -5.8524389100 -5.8491229692 -5.8481086309 -5.8399920923 -5.8390159107 -5.8337521749 -5.8336101766 -5.8263756872 -5.8244986282 -5.8154987575 -5.8146734292 -5.8057081395 -5.8054492361 -5.7990149209 -5.7984677300 -5.7904638783 -5.7829831305 -5.7732759664 -5.7695777720 -5.7657589418 -5.7644565846 -5.7435921873 -5.7432155178
-6.5730646000 -6.5729002858 -6.5548175109 -6.5546303542 -6.5358177742 -6.5353805718 -6.5251134786 -6.5249603219 -6.4912839833 -6.4912406496 -6.4794694195 -6.4794584367 -6.4394416104 -6.4393712382 -6.4279266188 -6.4277372784 -6.3850756708 -6.3848753440 -6.3732924708 -6.3727204172 -6.3539330147 -6.3536189873 -6.3453401662 -6.3450770662 -6.3357171633 -6.3346814772 -6.3257947476 -6.3251015430 -6.3105726206 -6.3074369269 -6.3004335239 -6.2995771455 -6.2946964883 -6.2944866609 -6.2254251166 -6.2254148261 -6.2179835788 -6.2179568276 -6.2121885420 -6.2121518230 -6.2070594972 -6.2069942320 -6.1517454568 -6.1498737762 -6.1492506961 -6.1483063002 -6.1446379297 -6.1402685790 -6.1400624475 -6.1398952545 -6.1357984652 -6.1346998056 -6.1312593876 -6.1309942868 -6.1260109027 -6.1258025115 -6.1168685552 -6.1157360931 -6.1129043794 -6.1123332666 -6.1045341310 -6.1039682999 -6.1015712055 -6.0988765568 -6.0977402636 -6.0962007173 -6.0903904250 -6.0902730389 -6.0758312326 -6.0755745928 -6.0705496370 -6.0704482953 -6.0679759059 -6.0678661111 -6.0655076424 -6.0652838309 -6.0618354890 -6.0617703377 -6.0567904038 -6.0563789882 -6.0415512740 -6.0385553256 -6.0368252014 -6.0367369719 -6.0348859698 -6.0315900952 -6.0305440200 -6.0293559495 -6.0236682201 -6.0217739442 -6.0145412537 -6.0113642245 -6.0037273836 -6.0035654050 -5.9996336315 -5.9982747285 -5.9973243168 -5.9964248553 -5.9960162419 -5.9954203502 -5.9944195343 -5.9921834103 -5.9909140554 -5.9904464956 -5.9886269318 -5.9884815283 -5.9818460729 -5.9815562623 -5.9787134931 -5.9777632443 -5.9758969475 -5.9756473866 -5.9678527770 -5.9676434567 -5.9675289346 -5.9646483048 -5.9625225880 -5.9624776787 -5.9602006637 -5.9561700467 -5.9495720225 -5.9476807810 -5.9465654726 -5.9455488299 -5.9387953737 -5.9369224672 -5.9355736982 -5.9349698676 -5.9335887125 -5.9326066738 -5.9310534118 -5.9305599323 -5.9295253081 -5.9281738324 -5.9280392402 -5.9252485813 -5.9243507065 -5.9227827430 -5.9096468927 -5.9094448601 -5.9078021687 -5.9064248330 -5.9056251626 -5.9035103867 -5.9025161317 -5.9002414084 -5.8954376552 -5.8947719356 -5.8905192691 -5.8896126745 -5.8850316730 -5.8839577077 -5.8832559959 -5.8796364331 -5.8789433212 -5.8779923071 -5.8743869317 -5.8740703735 -5.8673586372 -5.8670786094 -5.8608541948 -5.8563780415 -5.8554656708 -5.8527076312 -5.8483215645 -5.8472465581 -5.8405549524 -5.8395117767 -5.8343704050 -5.8342591286 -5.8259952847 -5.8244824276 -5.8152042818 -5.8145013050 -5.8051666385 -5.8049584516 -5.7983642091 -5.7978371124 -5.7881662944 -5.7817242567 -5.7712890846 -5.7685496437 -5.7662565531 -5.7644341762 -5.7455419079 -5.7450644159
-6.5786334061 -6.5784755557 -6.5605011791 -6.5603142090 -6.5404767533 -6.5400346867 -6.5295710036 -6.5294284850 -6.4917530994 -6.4917197769 -6.4800924167 -6.4800760189 -6.4385169903 -6.4384361087 -6.4270938374 -6.4268988366 -6.3791177766 -6.3789449013 -6.3678156996 -6.3672159219 -6.3474356043 -6.3471126095 -6.3418091833 -6.3407766130 -6.3389959565 -6.3387284626 -6.3316861760 -6.3310645027 -6.3161030515 -6.3131126073 -6.3065315614 -6.3055644854 -6.3004327094 -6.3002273525 -6.2250007795 -6.2249891041 -6.2177932215 -6.2177710940 -6.2122397032 -6.2122155099 -6.2069580038 -6.2069104069 -6.1554271610 -6.1535936746 -6.1483256001 -6.1446076714 -6.1437835420 -6.1436290839 -6.1434908851 -6.1433051551 -6.1345868352 -6.1343162374 -6.1307540440 -6.1296589895 -6.1213736242 -6.1211140136 -6.1207599877 -6.1196776367 -6.1146336630 -6.1142373940 -6.1075272648 -6.1057317541 -6.1041665562 -6.1029101679 -6.1016095561 -6.1002486398 -6.0941454632 -6.0940248784 -6.0746191521 -6.0743658156 -6.0701371056 -6.0701034879 -6.0680388231 -6.0679398064 -6.0657550439 -6.0657059834 -6.0617068751 -6.0616625600 -6.0577816288 -6.0574113105 -6.0385143017 -6.0364117323 -6.0363507522 -6.0355882920 -6.0320375820 -6.0302137725 -6.0300840907 -6.0276604877 -6.0265810973 -6.0244854290 -6.0173574430 -6.0139290450 -6.0024274200 -6.0022956625 -5.9999820520 -5.9990821755 -5.9978434261 -5.9971667178 -5.9964346523 -5.9955522898 -5.9945519711 -5.9939523152 -5.9924218323 -5.9922772575 -5.9892669101 -5.9891199607 -5.9837114919 -5.9834622039 -5.9800644178 -5.9792254890 -5.9772257074 -5.9770262826 -5.9690881051 -5.9689693098 -5.9642408274 -5.9638498138 -5.9637308948 -5.9625677998 -5.9605678854 -5.9588315480 -5.9485996877 -5.9467174689 -5.9456969902 -5.9446817000 -5.9402326692 -5.9371192272 -5.9352477291 -5.9351824047 -5.9340062930 -5.9331171172 -5.9321629966 -5.9316154704 -5.9291328760 -5.9280705207 -5.9275377895 -5.9262036977 -5.9225783559 -5.9204910279 -5.9102612751 -5.9097284757 -5.9067439302 -5.9064880176 -5.9051433536 -5.9032048075 -5.9024799915 -5.9013609674 -5.8945115356 -5.8937373793 -5.8896133674 -5.8890617506 -5.8864024836 -5.8853964026 -5.8843987745 -5.8813027051 -5.8776745428 -5.8764064014 -5.8748324883 -5.8744664012 -5.8686974896 -5.8684861200 -5.8628162193 -5.8581524967 -5.8549222379 -5.8527193620 -5.8474389511 -5.8464997556 -5.8409550655 -5.8399891023 -5.8350186111 -5.8348740095 -5.8256289182 -5.8244877085 -5.8149300406 -5.8143762665 -5.8047380313 -5.8045786598 -5.7978245765 -5.7973877069 -5.7859344303 -5.7806564868 -5.7707609887 -5.7688142780 -5.7653534696 -5.7632493057 -5.7474674685 -5.7469035121
-6.5841406501 -6.5839883730 -6.5661062509 -6.5659194535 -6.5451002855 -6.5446543540 -6.5340104886 -6.5338783634 -6.4920887400 -6.4920660485 -6.4805083699 -6.4804861248 -6.4376622015 -6.4375706375 -6.4263729452 -6.4261725136 -6.3731286947 -6.3729741239 -6.3622869158 -6.3616623976 -6.3478663005 -6.3468438833 -6.3409617444 -6.3406304188 -6.3375245668 -6.3369613076 -6.3327128952 -6.3324407013 -6.3216556032 -6.3188341610 -6.3127146978 -6.3116042260 -6.3062716555 -6.3060709450 -6.2246672402 -6.2246542780 -6.2176681413 -6.2176493596 -6.2123001815 -6.2122869003 -6.2069038847 -6.2068737569 -6.1591256944 -6.1573334975 -6.1520309913 -6.1474460154 -6.1469383665 -6.1466998224 -6.1400147476 -6.1389188941 -6.1379444969 -6.1376687883 -6.1259977077 -6.1254891815 -6.1248569813 -6.1238295209 -6.1166114946 -6.1164820176 -6.1160538707 -6.1159270209 -6.1112582659 -6.1083526556 -6.1066018991 -6.1060199203 -6.1050564857 -6.1043398826 -6.0980270921 -6.0979026820 -6.0734144284 -6.0731716504 -6.0703262855 -6.0702106451 -6.0686225608 -6.0685425370 -6.0651915879 -6.0650093410 -6.0618449182 -6.0617868366 -6.0585410529 -6.0582449415 -6.0365156684 -6.0361708219 -6.0350668910 -6.0327506749 -6.0299314438 -6.0298662859 -6.0294672338 -6.0288573950 -6.0271645478 -6.0250224740 -6.0201980324 -6.0165258698 -6.0029941140 -6.0018785651 -6.0012941859 -6.0012213935 -5.9998333741 -5.9974402131 -5.9966446414 -5.9954780164 -5.9950390207 -5.9945442208 -5.9936207442 -5.9930125157 -5.9890808661 -5.9888512399 -5.9854890813 -5.9852870925 -5.9812547577 -5.9806108701 -5.9784403489 -5.9783385478 -5.9705436514 -5.9704235280 -5.9660252704 -5.9650193519 -5.9644482769 -5.9614895474 -5.9603780607 -5.9565138414 -5.9476935377 -5.9457603576 -5.9448693062 -5.9438370287 -5.9425187762 -5.9383723475 -5.9367803317 -5.9349811525 -5.9346400438 -5.9343068642 -5.9323962699 -5.9317496825 -5.9294934084 -5.9283279221 -5.9261009511 -5.9253059789 -5.9205062896 -5.9181360240 -5.9121910410 -5.9114834452 -5.9079877795 -5.9054554181 -5.9043139920 -5.9039385116 -5.9012521302 -5.8993045689 -5.8938839257 -5.8928856299 -5.8895385961 -5.8893071595 -5.8877211491 -5.8865496469 -5.8845755165 -5.8826995096 -5.8776863742 -5.8767694870 -5.8738975043 -5.8728047288 -5.8698691696 -5.8697636016 -5.8647545626 -5.8601664483 -5.8543674935 -5.8527511420 -5.8466344932 -5.8459329661 -5.8411713054 -5.8404230881 -5.8355728533 -5.8354364677 -5.8252985008 -5.8245317372 -5.8146936838 -5.8143041211 -5.8044208065 -5.8043111726 -5.7974039057 -5.7970992189 -5.7838520676 -5.7799579794 -5.7711687250 -5.7696401149 -5.7634952404 -5.7617347214 -5.7492255916 -5.7486422600
-6.5895844958 -6.5894369735 -6.5716303633 -6.5714437478 -6.5496908919 -6.5492419954 -6.5384333894 -6.5383114260 -6.4922815334 -6.4922697077 -6.4807092848 -6.4806811614 -6.4368844984 -6.4367821275 -6.4257716701 -6.4255660884 -6.3671087475 -6.3669597406 -6.3567034688 -6.3560578968 -6.3538865797 -6.3528806966 -6.3433048898 -6.3427877814 -6.3345236311 -6.3341855062 -6.3272324904 -6.3265097170 -6.3262308121 -6.3246043883 -6.3189691485 -6.3176775369 -6.3122056371 -6.3120097981 -6.2244434856 -6.2244292398 -6.2176071914 -6.2175900543 -6.2123651605 -6.2123568229 -6.2068921581 -6.2068771203 -6.1628408386 -6.1610925737 -6.1557539540 -6.1511606401 -6.1503348255 -6.1500863444 -6.1413364425 -6.1410557211 -6.1354751744 -6.1343109441 -6.1300877934 -6.1282261561 -6.1212641933 -6.1202427205 -6.1185369337 -6.1177866699 -6.1151047582 -6.1122371333 -6.1119191073 -6.1116123945 -6.1101326483 -6.1086002808 -6.1075021804 -6.1073378358 -6.1019812556 -6.1018548056 -6.0723115451 -6.0721548029 -6.0711677506 -6.0710034217 -6.0687326500 -6.0687177875 -6.0643328712 -6.0641305428 -6.0622975710 -6.0621822961 -6.0590086588 -6.0588149492 -6.0362076334 -6.0361283244 -6.0324666238 -6.0321553754 -6.0306428382 -6.0304811669 -6.0290901049 -6.0287830731 -6.0259512885 -6.0230692018 -6.0222415078 -6.0191470074 -6.0056819406 -6.0044829341 -6.0027279519 -6.0010327707 -6.0009244789 -5.9999210131 -5.9974104557 -5.9970410882 -5.9950732681 -5.9942656420 -5.9936799053 -5.9930573396 -5.9884416500 -5.9882477308 -5.9870578407 -5.9869243000 -5.9821065606 -5.9817829409 -5.9794464289 -5.9793428252 -5.9720396779 -5.9719150743 -5.9684174797 -5.9664116500 -5.9659423039 -5.9640854468 -5.9568228469 -5.9525114533 -5.9468643137 -5.9453484682 -5.9447916952 -5.9440186942 -5.9430020949 -5.9416415392 -5.9378683870 -5.9358814849 -5.9343782455 -5.9343510162 -5.9327758193 -5.9319616800 -5.9296772463 -5.9290565668 -5.9241303227 -5.9238945305 -5.9183946070 -5.9159810005 -5.9140112896 -5.9132942633 -5.9104659877 -5.9074912629 -5.9024144889 -5.9021457242 -5.8992228965 -5.8973612575 -5.8938232107 -5.8925797544 -5.8905420887 -5.8896931564 -5.8890335984 -5.8875216695 -5.8840170438 -5.8834421233 -5.8782964282 -5.8776047645 -5.8723074039 -5.8712171005 -5.8706344917 -5.8702026873 -5.8666639924 -5.8622945196 -5.8538608810 -5.8529056146 -5.8460011155 -5.8456168981 -5.8412010232 -5.8407892281 -5.8359458608 -5.8358784655 -5.8250189028 -5.8246272636 -5.8145089434 -5.8142908646 -5.8042159794 -5.8041577996 -5.7971099331 -5.7969610591 -5.7820279824 -5.7798897565 -5.7714515732 -5.7705153717 -5.7616865396 -5.7606360349 -5.7505044105 -5.7500879118
-6.5949637960 -6.5948202771 -6.5770719467 -6.5768855420 -6.5542511488 -6.5538001074 -6.5428412730 -6.5427292481 -6.4923252057 -6.4923223071 -6.4806925988 -6.4806587362 -6.4361911579 -6.4360779023 -6.4252983848 -6.4250879922 -6.3610580506 -6.3609015180 -6.3598736676 -6.3588898756 -6.3510625938 -6.3504010315 -6.3490327531 -6.3485510897 -6.3328314109 -6.3304570227 -6.3281350992 -6.3277855748 -6.3252989208 -6.3237799178 -6.3203748821 -6.3201004933 -6.3182090508 -6.3180230249 -6.2243453812 -6.2243296843 -6.2176075541 -6.2175897637 -6.2124353798 -6.2124206032 -6.2069262775 -6.2069107381 -6.1665727467 -6.1648707492 -6.1594943403 -6.1549042642 -6.1537277129 -6.1534719171 -6.1447488869 -6.1444637336 -6.1346074193 -6.1326368820 -6.1309731753 -6.1297220312 -6.1217428076 -6.1203348740 -6.1186309543 -6.1165921001 -6.1165181941 -6.1160036208 -6.1131648770 -6.1123673986 -6.1094086306 -6.1092364000 -6.1079382448 -6.1078952345 -6.1052783086 -6.1051859612 -6.0727674788 -6.0725199706 -6.0709681768 -6.0708023055 -6.0686109287 -6.0685496909 -6.0636037118 -6.0635735898 -6.0626664624 -6.0626521680 -6.0592300480 -6.0591388179 -6.0364079681 -6.0361079246 -6.0351547980 -6.0331259706 -6.0298398659 -6.0297189263 -6.0288297320 -6.0263941232 -6.0259371985 -6.0229639715 -6.0217748003 -6.0194537490 -6.0084952504 -6.0072173867 -6.0054297556 -6.0026513865 -6.0015250018 -6.0013807650 -5.9991269936 -5.9988726484 -5.9949276897 -5.9946477491 -5.9935931689 -5.9930330750 -5.9883275933 -5.9881650744 -5.9880076502 -5.9879073001 -5.9825013155 -5.9824016702 -5.9800391363 -5.9797388387 -5.9735872852 -5.9734720049 -5.9708645445 -5.9680758762 -5.9673636448 -5.9664616710 -5.9534830094 -5.9487226198 -5.9484528194 -5.9459134899 -5.9455030856 -5.9438061695 -5.9432381059 -5.9420192190 -5.9386784044 -5.9368066592 -5.9344755196 -5.9341716603 -5.9332807840 -5.9324786932 -5.9297879827 -5.9294855798 -5.9223182888 -5.9221982444 -5.9174162786 -5.9162065653 -5.9145454263 -5.9133221669 -5.9124053027 -5.9098910136 -5.9005218043 -5.9001108635 -5.8973074557 -5.8958628410 -5.8944585177 -5.8930346805 -5.8917135862 -5.8903159001 -5.8896261469 -5.8886753804 -5.8835640507 -5.8834965533 -5.8787898144 -5.8784082508 -5.8716894926 -5.8715755834 -5.8699930731 -5.8685945467 -5.8680563061 -5.8644904654 -5.8534515262 -5.8532062651 -5.8456203680 -5.8456032785 -5.8410676657 -5.8410645804 -5.8361297952 -5.8360649440 -5.8248004360 -5.8247839537 -5.8143873017 -5.8143428619 -5.8041264442 -5.8041210657 -5.7969688085 -5.7969507580 -5.7806345993 -5.7806102438 -5.7712093296 -5.7711763836 -5.7605734920 -5.7605554449 -5.7508531936 -5.7508209874
-6.5961494745 -6.5936305718 -6.5778688807 -6.5760717834 -6.5561278250 -6.5519083512 -6.5451621758 -6.5404065533 -6.4961947301 -6.4884303276 -6.4843989454 -6.4769301831 -6.4398252877 -6.4324416510 -6.4287051778 -6.4216800230 -6.3637089646 -6.3620316796 -6.3582562947 -6.3567527336 -6.3536136257 -6.3512945149 -6.3478300127 -6.3463497626 -6.3328748356 -6.3305687701 -6.3296459072 -6.3262773796 -6.3259093288 -6.3230662853 -6.3218778815 -6.3195572397 -6.3186039996 -6.3166761164 -6.2283426775 -6.2213318944 -6.2203592096 -6.2162487506 -6.2138867774 -6.2106198701 -6.2086298659 -6.2032468562 -6.1669889374 -6.1644851605 -6.1596536973 -6.1554852429 -6.1546937008 -6.1517608705 -6.1463825649 -6.1428213684 -6.1346411331 -6.1326642405 -6.1310317890 -6.1297727770 -6.1223567071 -6.1201598347 -6.1184559662 -6.1176344810 -6.1162730643 -6.1152415960 -6.1139109319 -6.1115170369 -6.1105777075 -6.1094627832 -6.1080108895 -6.1067616994 -6.1063085962 -6.1036662405 -6.0748360513 -6.0728463281 -6.0705115068 -6.0703500727 -6.0689564285 -6.0667642014 -6.0655261083 -6.0648052106 -6.0616875027 -6.0609541845 -6.0605039649 -6.0574031751 -6.0379886584 -6.0356669332 -6.0345400385 -6.0331066558 -6.0309643808 -6.0291001956 -6.0280492742 -6.0263198371 -6.0259485930 -6.0229891687 -6.0217691225 -6.0194402145 -6.0085977878 -6.0072314972 -6.0054208968 -6.0030878137 -6.0026010803 -6.0004066251 -5.9998364081 -5.9975611221 -5.9961547072 -5.9940320509 -5.9934409800 -5.9926623855 -5.9899342464 -5.9895189567 -5.9865469613 -5.9863360482 -5.9837688238 -5.9816908725 -5.9803791327 -5.9788361877 -5.9743612443 -5.9727820218 -5.9708095250 -5.9686415003 -5.9671945558 -5.9660495685 -5.9535416726 -5.9487560515 -5.9484879389 -5.9462932946 -5.9455160806 -5.9443230860 -5.9430569029 -5.9412690650 -5.9393548678 -5.9362335787 -5.9354087045 -5.9343749250 -5.9329525701 -5.9316650295 -5.9308103113 -5.9283468186 -5.9229420869 -5.9216712287 -5.9179383597 -5.9158860062 -5.9148709124 -5.9134110489 -5.9123502330 -5.9094368747 -5.9008246237 -5.8998573433 -5.8973747270 -5.8957747281 -5.8946187212 -5.8928841616 -5.8918235803 -5.8905007374 -5.8895452241 -5.8884307222 -5.8842566299 -5.8828034699 -5.8795931247 -5.8775571129 -5.8726751868 -5.8707194276 -5.8699156790 -5.8685890001 -5.8680096404 -5.8644808860 -5.8543721171 -5.8523057537 -5.8464847146 -5.8448231159 -5.8418278958 -5.8403517358 -5.8367910566 -5.8353538394 -5.8266347285 -5.8229236448 -5.8156621525 -5.8131286036 -5.8056482044 -5.8025723494 -5.7980940791 -5.7957908964 -5.7806523297 -5.7806117470 -5.7713689626 -5.7710432924 -5.7606817768 -5.7604751099 -5.7509802635 -5.7507368907
-6.5974302292 -6.5923361231 -6.5788307680 -6.5750602939 -6.5582800295 -6.5497164775 -6.5475628719 -6.5379999812 -6.5000436804 -6.4881166864 -6.4845144713 -6.4731454714 -6.4435670628 -6.4323200264 -6.4286880499 -6.4180611067 -6.3663571542 -6.3646637710 -6.3565977860 -6.3554017870 -6.3545262980 -6.3534916115 -6.3450110889 -6.3440177282 -6.3330043411 -6.3312535716 -6.3308904952 -6.3268623413 -6.3247110762 -6.3233997351 -6.3217863155 -6.3210688631 -6.3170974853 -6.3151482373 -6.2323802842 -6.2250941969 -6.2200982875 -6.2164002557 -6.2143550554 -6.2101900078 -6.2048497297 -6.1996021557 -6.1677398691 -6.1638368705 -6.1600257067 -6.1571604825 -6.1543580488 -6.1500330414 -6.1480085074 -6.1411719299 -6.1347532151 -6.1327477860 -6.1311928468 -6.1299234108 -6.1235465113 -6.1203258073 -6.1190540344 -6.1174445354 -6.1162280101 -6.1154967442 -6.1136851212 -6.1121009284 -6.1108910742 -6.1101637378 -6.1080364917 -6.1067031484 -6.1047113669 -6.1020703808 -6.0769634374 -6.0749479226 -6.0721075626 -6.0685326973 -6.0675603745 -6.0670393740 -6.0669056806 -6.0648380171 -6.0625843939 -6.0598500890 -6.0584132146 -6.0555874938 -6.0399602379 -6.0358081290 -6.0348091047 -6.0329868675 -6.0307578884 -6.0291737548 -6.0269545391 -6.0260476605 -6.0256994711 -6.0230618253 -6.0217421907 -6.0193993854 -6.0088381016 -6.0073021875 -6.0054359396 -6.0045717284 -6.0028116014 -6.0013498338 -5.9983980679 -5.9975688375 -5.9962068039 -5.9942131903 -5.9933480156 -5.9916303642 -5.9914638516 -5.9908534707 -5.9853457142 -5.9848836459 -5.9847014954 -5.9813877630 -5.9805454882 -5.9773608236 -5.9753016981 -5.9721830423 -5.9705884002 -5.9695565769 -5.9670631350 -5.9651877670 -5.9537500486 -5.9488782373 -5.9485949408 -5.9470966611 -5.9457093131 -5.9454115392 -5.9421323562 -5.9405653699 -5.9398551031 -5.9367775445 -5.9357335171 -5.9348104823 -5.9323229746 -5.9317109023 -5.9302156458 -5.9270902538 -5.9237161680 -5.9212475236 -5.9187839286 -5.9160075728 -5.9153262744 -5.9136713271 -5.9118220262 -5.9085561881 -5.9013195350 -5.8995435333 -5.8974809703 -5.8956743988 -5.8948431901 -5.8926219523 -5.8920461083 -5.8909228302 -5.8892654225 -5.8879479959 -5.8849232272 -5.8822158226 -5.8803349966 -5.8765624924 -5.8737425344 -5.8703128787 -5.8694687416 -5.8685512753 -5.8678350159 -5.8644473983 -5.8554179882 -5.8513229379 -5.8474392363 -5.8441376441 -5.8425927820 -5.8397559431 -5.8373543055 -5.8346059202 -5.8284137421 -5.8210722963 -5.8169882593 -5.8119691846 -5.8071198270 -5.8011078876 -5.7990748142 -5.7946131346 -5.7806962966 -5.7806238572 -5.7715689734 -5.7709219237 -5.7608262486 -5.7604133940 -5.7511631990 -5.7506819392
-6.5987109894 -6.5910317422 -6.5797809894 -6.5740275191 -6.5604173690 -6.5499819370 -6.5474882179 -6.5355965982 -6.5038701321 -6.4918118790 -6.4805763176 -6.4693381929 -6.4473029834 -6.4359325328 -6.4249303270 -6.4144414031 -6.3689951124 -6.3673061954 -6.3592647430 -6.3566053755 -6.3528544081 -6.3514246737 -6.3421859882 -6.3418984862 -6.3332462855 -6.3328048283 -6.3314873476 -6.3275989716 -6.3249512755 -6.3231211878 -6.3226588818 -6.3203180310 -6.3155931945 -6.3136223534 -6.2364411893 -6.2288771006 -6.2239661647 -6.2181185212 -6.2124711817 -6.2065163608 -6.2010944755 -6.1959900530 -6.1685941610 -6.1631856017 -6.1605097000 -6.1588415441 -6.1538781667 -6.1496243292 -6.1482930196 -6.1395162996 -6.1349447686 -6.1328891414 -6.1314558587 -6.1301772370 -6.1248772026 -6.1211659106 -6.1198191874 -6.1172776034 -6.1162604678 -6.1156633225 -6.1140232406 -6.1129274989 -6.1113949401 -6.1103622126 -6.1078784376 -6.1054334156 -6.1030906118 -6.1004721549 -6.0791178797 -6.0771033811 -6.0738244668 -6.0696630413 -6.0690714878 -6.0666334298 -6.0650470568 -6.0642069825 -6.0628733876 -6.0580704632 -6.0562971846 -6.0537298213 -6.0420270704 -6.0367337801 -6.0355629221 -6.0329608076 -6.0294549437 -6.0292326158 -6.0266642321 -6.0260912657 -6.0243780347 -6.0231705826 -6.0216589729 -6.0193242986 -6.0091698544 -6.0075271204 -6.0062057266 -6.0052932946 -6.0035415562 -6.0016560094 -5.9990140755 -5.9969813975 -5.9949633438 -5.9946344824 -5.9937083439 -5.9929663442 -5.9919608480 -5.9900095864 -5.9869791288 -5.9832837539 -5.9831936933 -5.9811915594 -5.9805275516 -5.9762997582 -5.9756676439 -5.9719826211 -5.9705575413 -5.9699617355 -5.9669351418 -5.9642373069 -5.9541197346 -5.9491796202 -5.9488283152 -5.9478092270 -5.9469157720 -5.9455408679 -5.9416933676 -5.9410186826 -5.9385902482 -5.9378750357 -5.9369326541 -5.9339316887 -5.9333420842 -5.9304723615 -5.9290036321 -5.9258906577 -5.9244997665 -5.9212115355 -5.9195390523 -5.9167112327 -5.9161080902 -5.9133031678 -5.9111733504 -5.9075715731 -5.9018391722 -5.8994175264 -5.8974682664 -5.8959532546 -5.8947093324 -5.8926737626 -5.8920058691 -5.8913430863 -5.8889403333 -5.8874922776 -5.8853674424 -5.8823149145 -5.8803659189 -5.8755676889 -5.8748281326 -5.8702795165 -5.8689846896 -5.8684000365 -5.8674225234 -5.8643875361 -5.8564605500 -5.8503947031 -5.8484620385 -5.8437073933 -5.8432268328 -5.8394359575 -5.8376192311 -5.8338956900 -5.8300636127 -5.8195206115 -5.8180620757 -5.8109217950 -5.8085101250 -5.8007907797 -5.7988292620 -5.7934405383 -5.7807590890 -5.7806499308 -5.7717916142 -5.7708273696 -5.7609985205 -5.7603760274 -5.7513878317 -5.7506682123
-6.5999935744 -6.5897156788 -6.5807217469 -6.5729713945 -6.5625350214 -6.5523755835 -6.5452695538 -6.5331980006 -6.5076739926 -6.4954844721 -6.4766158719 -6.4655082883 -6.4510325735 -6.4395423046 -6.4211688440 -6.4108212656 -6.3716201340 -6.3699426182 -6.3620291763 -6.3592146107 -6.3501945433 -6.3488862175 -6.3401435482 -6.3393613959 -6.3343874190 -6.3336515508 -6.3321786263 -6.3279437914 -6.3264902705 -6.3242010481 -6.3215465536 -6.3188463830 -6.3140898210 -6.3120970469 -6.2405238747 -6.2326796531 -6.2278528433 -6.2219080702 -6.2085722450 -6.2028664242 -6.1973653457 -6.1924115473 -6.1694975568 -6.1627016046 -6.1609528264 -6.1604911397 -6.1533388167 -6.1512184853 -6.1465420832 -6.1378562507 -6.1352177315 -6.1330913860 -6.1318206252 -6.1305396357 -6.1262591784 -6.1223849201 -6.1205393102 -6.1179955644 -6.1161615532 -6.1159239750 -6.1144113530 -6.1140724504 -6.1119671508 -6.1100191828 -6.1066114591 -6.1041988412 -6.1014645472 -6.0988772300 -6.0812940667 -6.0793004473 -6.0755288963 -6.0718250257 -6.0711650767 -6.0657912000 -6.0648198570 -6.0630967712 -6.0608812078 -6.0563343376 -6.0541933130 -6.0518416962 -6.0441531440 -6.0385107619 -6.0358392406 -6.0329512694 -6.0296011779 -6.0277364302 -6.0265868375 -6.0261093083 -6.0234045164 -6.0230072332 -6.0213691613 -6.0191873455 -6.0095710837 -6.0082636584 -6.0072662222 -6.0055783991 -6.0043247244 -6.0015676021 -6.0004773322 -5.9958016466 -5.9955293650 -5.9949496051 -5.9939085456 -5.9934009365 -5.9922018737 -5.9886475172 -5.9885422987 -5.9824397867 -5.9815987695 -5.9809210741 -5.9799591646 -5.9772758828 -5.9739455048 -5.9724279394 -5.9709453595 -5.9693501491 -5.9667610900 -5.9632781449 -5.9546645428 -5.9498568604 -5.9492172103 -5.9482571824 -5.9480191420 -5.9455999337 -5.9428504834 -5.9399559780 -5.9390101063 -5.9381977024 -5.9371444425 -5.9348725758 -5.9324825170 -5.9292077371 -5.9277803701 -5.9256528770 -5.9243855332 -5.9218020797 -5.9200635387 -5.9175772865 -5.9169332390 -5.9126489259 -5.9105510560 -5.9065880028 -5.9023647031 -5.8995214239 -5.8973860903 -5.8963505167 -5.8944393403 -5.8929631121 -5.8919330508 -5.8914821373 -5.8886755628 -5.8873081142 -5.8853294842 -5.8830426504 -5.8797332884 -5.8759302973 -5.8745839418 -5.8703104377 -5.8688600477 -5.8681261939 -5.8667131573 -5.8642933994 -5.8574821193 -5.8496456174 -5.8494637521 -5.8441997506 -5.8430906647 -5.8394724434 -5.8375024706 -5.8333794266 -5.8313665446 -5.8201495281 -5.8170071714 -5.8103298601 -5.8094935612 -5.8016399096 -5.7973140086 -5.7922845732 -5.7808388879 -5.7806866110 -5.7720340193 -5.7707598450 -5.7611980754 -5.7603610005 -5.7516531970 -5.7506953494
-6.6012802469 -6.5883859834 -6.5816555395 -6.5718898197 -6.5646303295 -6.5547656943 -6.5430385374 -6.5308056667 -6.5114552438 -6.4991344758 -6.4726332255 -6.4616557693 -6.4547554110 -6.4431489799 -6.4174040372 -6.4072010932 -6.3742300152 -6.3725669992 -6.3647798075 -6.3618438107 -6.3475318618 -6.3464263015 -6.3389260957 -6.3366074969 -6.3359000035 -6.3343251675 -6.3328448347 -6.3280558857 -6.3277111228 -6.3257335307 -6.3199626572 -6.3173348064 -6.3125855065 -6.3105705958 -6.2446269643 -6.2365011308 -6.2317566933 -6.2257227619 -6.2047047231 -6.1992409214 -6.1936636371 -6.1888676571 -6.1704332671 -6.1627374219 -6.1621945368 -6.1608972763 -6.1530901518 -6.1524788087 -6.1447803105 -6.1362023090 -6.1355704577 -6.1333571142 -6.1322872302 -6.1310171448 -6.1276579826 -6.1236842308 -6.1214986499 -6.1186479874 -6.1173354679 -6.1164574763 -6.1151710224 -6.1138581500 -6.1128206069 -6.1087199168 -6.1051808735 -6.1029977336 -6.0998395701 -6.0972889231 -6.0834883750 -6.0815296698 -6.0772420646 -6.0740258217 -6.0732394573 -6.0673454190 -6.0630784364 -6.0611371773 -6.0588772820 -6.0546277816 -6.0521077375 -6.0499417399 -6.0463179915 -6.0404843662 -6.0360817155 -6.0329428344 -6.0298911851 -6.0267694856 -6.0265795012 -6.0255217425 -6.0235206015 -6.0224071560 -6.0205984581 -6.0188696300 -6.0101314714 -6.0095695408 -6.0077554908 -6.0065074316 -6.0044991296 -6.0020183559 -6.0013248384 -5.9970237957 -5.9963857004 -5.9945534072 -5.9941615411 -5.9926196491 -5.9916990405 -5.9902484351 -5.9870684193 -5.9823079224 -5.9810272991 -5.9797747455 -5.9786640407 -5.9781780169 -5.9733752830 -5.9722286860 -5.9709268236 -5.9686569458 -5.9665106738 -5.9623302306 -5.9553896225 -5.9508981854 -5.9497407122 -5.9491064608 -5.9482714267 -5.9456737743 -5.9439903783 -5.9402880694 -5.9395311879 -5.9385312556 -5.9361655241 -5.9357380670 -5.9313334625 -5.9279499497 -5.9267524544 -5.9263174912 -5.9233232903 -5.9227097267 -5.9206970153 -5.9187876793 -5.9171584872 -5.9119663212 -5.9099867696 -5.9056514921 -5.9028830742 -5.8997778229 -5.8976810099 -5.8963249704 -5.8943886453 -5.8931162240 -5.8921860754 -5.8911634321 -5.8886533569 -5.8872317729 -5.8848576661 -5.8838431754 -5.8789407089 -5.8770324660 -5.8736439223 -5.8703459501 -5.8688719622 -5.8678646784 -5.8658910384 -5.8641350727 -5.8584609620 -5.8507221379 -5.8488642848 -5.8448534480 -5.8429583556 -5.8396000040 -5.8373477520 -5.8335889873 -5.8316356944 -5.8215462135 -5.8152520466 -5.8113187979 -5.8089769177 -5.8024908970 -5.7956416209 -5.7911577272 -5.7809348968 -5.7807271872 -5.7722931157 -5.7707192915 -5.7614243540 -5.7603659890 -5.7519586509 -5.7507629349
-6.6025733690 -6.5870408781 -6.5825849595 -6.5707809088 -6.5667007709 -6.5571467423 -6.5408000205 -6.5284210425 -6.5152139047 -6.5027619297 -6.4686285170 -6.4584711887 -6.4577805956 -6.4467522217 -6.4136363715 -6.4035813120 -6.3768227955 -6.3751754234 -6.3675075993 -6.3644717218 -6.3448750884 -6.3441789655 -6.3383266409 -6.3375666582 -6.3351694627 -6.3337043857 -6.3334953892 -6.3296113541 -6.3274977838 -6.3265687463 -6.3183703043 -6.3157942903 -6.3110780746 -6.3090409664 -6.2487491534 -6.2403408535 -6.2356764040 -6.2295612676 -6.2008700979 -6.1956406003 -6.1899907291 -6.1853593654 -6.1713940276 -6.1638766926 -6.1632486956 -6.1604497226 -6.1545039553 -6.1520549951 -6.1430085048 -6.1360290313 -6.1345904632 -6.1336443362 -6.1328546443 -6.1316149490 -6.1290495783 -6.1249822323 -6.1226684989 -6.1194171787 -6.1186354172 -6.1174737153 -6.1160055024 -6.1143745704 -6.1120434436 -6.1073148122 -6.1037127474 -6.1018274181 -6.0982199597 -6.0957096320 -6.0856980065 -6.0837842414 -6.0789864843 -6.0762496569 -6.0752875051 -6.0688757089 -6.0613923233 -6.0591736818 -6.0568798446 -6.0529387183 -6.0500505569 -6.0486863367 -6.0478629941 -6.0425412145 -6.0363483936 -6.0329385933 -6.0302312934 -6.0267977214 -6.0265656345 -6.0242833651 -6.0234672502 -6.0222247227 -6.0198994718 -6.0180332294 -6.0114351663 -6.0103071652 -6.0081744689 -6.0077191085 -6.0044410586 -6.0034761928 -6.0011562255 -5.9983988828 -5.9978546775 -5.9949428461 -5.9931176972 -5.9924645356 -5.9917022369 -5.9904567120 -5.9855792199 -5.9824134782 -5.9810398548 -5.9793354232 -5.9780938282 -5.9768491338 -5.9744670361 -5.9711776949 -5.9701314128 -5.9680046634 -5.9661452941 -5.9614014649 -5.9562826124 -5.9521593548 -5.9504105340 -5.9498109261 -5.9483615897 -5.9457773604 -5.9450834617 -5.9413375410 -5.9407308213 -5.9375911216 -5.9371765021 -5.9344480224 -5.9302218556 -5.9275673554 -5.9266477077 -5.9253114918 -5.9239368552 -5.9222359183 -5.9213855970 -5.9201118018 -5.9169946272 -5.9113188952 -5.9094874579 -5.9048201414 -5.9033531088 -5.9001104421 -5.8983284968 -5.8959896845 -5.8945999136 -5.8932709572 -5.8921777563 -5.8908264031 -5.8888995949 -5.8869574953 -5.8849063048 -5.8838750681 -5.8782543087 -5.8779982075 -5.8727866487 -5.8703481646 -5.8689234348 -5.8676125944 -5.8651913263 -5.8638086870 -5.8593658104 -5.8519443778 -5.8484623218 -5.8453972371 -5.8430097998 -5.8396719030 -5.8375587140 -5.8340159962 -5.8311031634 -5.8229904125 -5.8136607429 -5.8123782815 -5.8084175620 -5.8031182839 -5.7939383744 -5.7900754699 -5.7810469677 -5.7807603538 -5.7725652476 -5.7707053514 -5.7616765106 -5.7603882147 -5.7523034970 -5.7508705047
-6.6038753331 -6.5856795817 -6.5835119479 -6.5696464762 -6.5687402311 -6.5595156361 -6.5385559516 -6.5260455616 -6.5189500147 -6.5063668898 -6.4646019211 -6.4621792946 -6.4538830760 -6.4503517024 -6.4098663335 -6.3999623699 -6.3793966671 -6.3777647806 -6.3702076275 -6.3670890314 -6.3424836647 -6.3422273709 -6.3391809450 -6.3380785375 -6.3359693091 -6.3341317897 -6.3312217785 -6.3308752485 -6.3289593237 -6.3251108768 -6.3167682124 -6.3142286898 -6.3095650034 -6.3075057699 -6.2528891833 -6.2441981628 -6.2396107075 -6.2334223002 -6.1970698211 -6.1920662445 -6.1863480965 -6.1818875976 -6.1723757548 -6.1655167423 -6.1639941067 -6.1598674320 -6.1560759173 -6.1514625241 -6.1412288472 -6.1365660925 -6.1343022327 -6.1335303382 -6.1327245809 -6.1323292888 -6.1304086181 -6.1262520673 -6.1239474985 -6.1208459413 -6.1194711749 -6.1185432331 -6.1172784458 -6.1144400962 -6.1109471978 -6.1058766058 -6.1022362374 -6.1006838719 -6.0966089419 -6.0941416259 -6.0879203130 -6.0860591928 -6.0807868582 -6.0784866361 -6.0772934944 -6.0703863152 -6.0597456899 -6.0572180369 -6.0549057652 -6.0512921289 -6.0508046360 -6.0479972073 -6.0460577683 -6.0446489246 -6.0366451083 -6.0329414181 -6.0306154452 -6.0270048708 -6.0265939604 -6.0241477339 -6.0224606869 -6.0219298690 -6.0196130544 -6.0167001682 -6.0130169635 -6.0108141748 -6.0090520664 -6.0085520771 -6.0052094350 -6.0041085654 -6.0011581472 -5.9996356568 -5.9992643957 -5.9954884299 -5.9935930260 -5.9923917669 -5.9914751178 -5.9891418303 -5.9842036714 -5.9825340403 -5.9810985405 -5.9802744532 -5.9764191532 -5.9756816010 -5.9750217082 -5.9709853870 -5.9685090793 -5.9673888850 -5.9656270413 -5.9604974966 -5.9573151185 -5.9535355008 -5.9511521697 -5.9504306672 -5.9484409929 -5.9462133178 -5.9458352330 -5.9424006145 -5.9418762343 -5.9386154857 -5.9362105560 -5.9331512467 -5.9293965989 -5.9282930180 -5.9257019863 -5.9248445321 -5.9241117861 -5.9228457778 -5.9216464749 -5.9205025040 -5.9166518019 -5.9107303549 -5.9090507954 -5.9044071103 -5.9034733505 -5.9004834197 -5.8990780402 -5.8958621407 -5.8946590025 -5.8936439108 -5.8918400698 -5.8906549653 -5.8890995014 -5.8866475407 -5.8854923290 -5.8830982621 -5.8792751064 -5.8772559648 -5.8721133776 -5.8702461242 -5.8689821550 -5.8673622876 -5.8648200611 -5.8631725929 -5.8601497066 -5.8532315225 -5.8484656075 -5.8458011595 -5.8430959087 -5.8398789458 -5.8380563077 -5.8339682389 -5.8304184996 -5.8244055592 -5.8139233472 -5.8117342079 -5.8080878114 -5.8033637691 -5.7922346221 -5.7890581768 -5.7811754298 -5.7807682469 -5.7728459888 -5.7707172834 -5.7619532863 -5.7604243388 -5.7526868479 -5.7510174978
-6.6051885277 -6.5844942433 -6.5842459725 -6.5707644436 -6.5684665972 -6.5618690559 -6.5363079382 -6.5236807142 -6.5226635691 -6.5099494228 -6.4658795742 -6.4605536420 -6.4539471456 -6.4499630569 -6.4060944300 -6.3963447366 -6.3819499293 -6.3803323778 -6.3728757906 -6.3696891698 -6.3419322121 -6.3407832520 -6.3395776286 -6.3380718462 -6.3365392240 -6.3343276893 -6.3327802523 -6.3305134957 -6.3281211648 -6.3231523686 -6.3151547305 -6.3126392924 -6.3080433630 -6.3059622021 -6.2570458329 -6.2480724139 -6.2435583525 -6.2373045884 -6.1933053428 -6.1885186877 -6.1827373696 -6.1784532329 -6.1733755740 -6.1671551106 -6.1648103471 -6.1592879672 -6.1576290166 -6.1508694920 -6.1394518187 -6.1371933370 -6.1349213048 -6.1342789540 -6.1331427612 -6.1317440670 -6.1310411851 -6.1274828203 -6.1252744590 -6.1224680682 -6.1207312329 -6.1191074086 -6.1186766017 -6.1142335038 -6.1098349788 -6.1044231220 -6.1007691965 -6.0995589591 -6.0950095083 -6.0925900265 -6.0901498133 -6.0883503559 -6.0826674379 -6.0807309710 -6.0792373920 -6.0718808287 -6.0581275890 -6.0552925363 -6.0533226902 -6.0527563148 -6.0495508137 -6.0468220740 -6.0459932729 -6.0441420440 -6.0369696936 -6.0329529570 -6.0310401575 -6.0272628270 -6.0266784202 -6.0243378475 -6.0222940513 -6.0205411924 -6.0194833312 -6.0153068450 -6.0145364993 -6.0113425990 -6.0103285216 -6.0090072062 -6.0067432975 -6.0040383906 -6.0018532754 -6.0008264398 -5.9999541769 -5.9963171666 -5.9946939111 -5.9923987211 -5.9902897458 -5.9878398263 -5.9834755148 -5.9823378606 -5.9814966987 -5.9805969239 -5.9768491263 -5.9746891000 -5.9732941721 -5.9708531267 -5.9673738975 -5.9663397656 -5.9649344953 -5.9596310170 -5.9584471789 -5.9549659754 -5.9519825685 -5.9510105078 -5.9485401089 -5.9472218756 -5.9460356635 -5.9434828716 -5.9428796536 -5.9397986981 -5.9350819120 -5.9319458543 -5.9298516427 -5.9279709791 -5.9262688217 -5.9243503298 -5.9238242802 -5.9230663435 -5.9227246329 -5.9194183037 -5.9162129723 -5.9102150746 -5.9086696141 -5.9047340666 -5.9029348274 -5.9008840415 -5.8998549159 -5.8962082231 -5.8943848104 -5.8940149928 -5.8914397260 -5.8907955037 -5.8889992352 -5.8867537489 -5.8855015463 -5.8822290869 -5.8803851583 -5.8764341132 -5.8717741998 -5.8699781207 -5.8689810191 -5.8671256489 -5.8647117527 -5.8623431690 -5.8607373913 -5.8545786839 -5.8488466756 -5.8461973366 -5.8430960575 -5.8404850234 -5.8383001405 -5.8336461431 -5.8297107981 -5.8257326957 -5.8150081064 -5.8107860184 -5.8076757708 -5.8031793895 -5.7905521169 -5.7881325163 -5.7813203438 -5.7807245200 -5.7731299954 -5.7707538502 -5.7622528825 -5.7604703880 -5.7531075135 -5.7512032169
-6.6065153082 -6.5853899518 -6.5828841988 -6.5727473451 -6.5672637251 -6.5642026028 -6.5340574789 -6.5263548769 -6.5213276913 -6.5135096035 -6.4695716031 -6.4575382044 -6.4564839080 -6.4460207725 -6.4023211889 -6.3927289120 -6.3844809573 -6.3828757821 -6.3755082780 -6.3722667678 -6.3425852808 -6.3422846773 -6.3386331350 -6.3372147370 -6.3369735419 -6.3343890941 -6.3333282362 -6.3319565091 -6.3253582019 -6.3209569796 -6.3135280959 -6.3110260678 -6.3065097392 -6.3044069705 -6.2612179146 -6.2519629713 -6.2475181004 -6.2412068743 -6.1895781162 -6.1849988562 -6.1791606367 -6.1750580113 -6.1743899209 -6.1687860498 -6.1656686322 -6.1593883611 -6.1585109356 -6.1502919833 -6.1381097777 -6.1374963754 -6.1357959017 -6.1351072014 -6.1340003977 -6.1329655575 -6.1293727446 -6.1286680293 -6.1266209129 -6.1241143278 -6.1222258806 -6.1203809918 -6.1191454872 -6.1139296831 -6.1087389895 -6.1029620376 -6.0993386546 -6.0984318311 -6.0934293625 -6.0924150241 -6.0910319056 -6.0906430700 -6.0846442893 -6.0829800384 -6.0811034968 -6.0733621058 -6.0565525391 -6.0555228532 -6.0533227334 -6.0509997183 -6.0490152119 -6.0478503366 -6.0440269005 -6.0422631627 -6.0373137072 -6.0329733120 -6.0315029710 -6.0275560937 -6.0268282573 -6.0245405407 -6.0223082168 -6.0194292715 -6.0190008980 -6.0162881303 -6.0136734359 -6.0120521935 -6.0114451803 -6.0094932603 -6.0083040932 -6.0041434896 -6.0029823129 -6.0021093606 -5.9999029833 -5.9975467220 -5.9954285740 -5.9924017270 -5.9890843902 -5.9865789278 -5.9836009052 -5.9826322153 -5.9817738837 -5.9797101202 -5.9780378487 -5.9730100830 -5.9715457501 -5.9706809662 -5.9669136261 -5.9648819702 -5.9639369076 -5.9597055151 -5.9587564521 -5.9564213658 -5.9529225161 -5.9515483160 -5.9487294015 -5.9481977140 -5.9463147557 -5.9445188928 -5.9437397479 -5.9409388267 -5.9340356009 -5.9313454352 -5.9302713332 -5.9282311281 -5.9262317263 -5.9253498953 -5.9245174814 -5.9226597633 -5.9216369347 -5.9183292136 -5.9156894447 -5.9097848938 -5.9083352721 -5.9052320196 -5.9023435736 -5.9013061807 -5.9006007215 -5.8967628307 -5.8947538712 -5.8936291011 -5.8913992985 -5.8908373292 -5.8887794011 -5.8870150267 -5.8850135023 -5.8815665474 -5.8812591787 -5.8756306772 -5.8717744047 -5.8697736787 -5.8687204589 -5.8669389454 -5.8647024617 -5.8616643507 -5.8608880335 -5.8559787349 -5.8494452597 -5.8467203818 -5.8432566360 -5.8410458736 -5.8383158939 -5.8332816546 -5.8290104463 -5.8268909326 -5.8160850679 -5.8107996721 -5.8066373769 -5.8026776425 -5.7889194128 -5.7873281899 -5.7814799383 -5.7805938130 -5.7734108839 -5.7708131463 -5.7625727858 -5.7605217209 -5.7535638554 -5.7514267817
-6.6078579651 -6.5863373485 -6.5814592647 -6.5746976927 -6.5665316451 -6.5660048287 -6.5318060557 -6.5300236962 -6.5189882327 -6.5170474969 -6.4732550312 -6.4611245878 -6.4523930160 -6.4420563274 -6.3985471656 -6.3891154948 -6.3869881632 -6.3853927058 -6.3781014552 -6.3748171524 -6.3440699794 -6.3435219720 -6.3395796174 -6.3382051784 -6.3360225443 -6.3343629890 -6.3338637362 -6.3310065178 -6.3226185522 -6.3186384884 -6.3118865123 -6.3093882854 -6.3049601514 -6.3028362130 -6.2654042717 -6.2558692054 -6.2514887255 -6.2451279152 -6.1858896159 -6.1815079641 -6.1756518960 -6.1753881048 -6.1716992186 -6.1704088200 -6.1665563856 -6.1608787006 -6.1580228818 -6.1497395329 -6.1388549394 -6.1369693055 -6.1360703939 -6.1357613794 -6.1348620021 -6.1341007359 -6.1298452177 -6.1279996057 -6.1276357750 -6.1257508336 -6.1237868062 -6.1219246085 -6.1192645008 -6.1135732185 -6.1076686015 -6.1014985174 -6.0980052521 -6.0972502447 -6.0946586232 -6.0929981578 -6.0918249299 -6.0895047330 -6.0867160274 -6.0852336361 -6.0828884223 -6.0748324008 -6.0579227459 -6.0549151713 -6.0515010112 -6.0512259327 -6.0491017979 -6.0461344909 -6.0421160766 -6.0404386275 -6.0376464904 -6.0329999632 -6.0320017971 -6.0278790007 -6.0270544629 -6.0247193911 -6.0223475151 -6.0193874485 -6.0178602674 -6.0175314756 -6.0132644046 -6.0122454511 -6.0120795806 -6.0102692470 -6.0095801832 -6.0049379919 -6.0040272779 -6.0029163480 -5.9998133073 -5.9988847472 -5.9959496404 -5.9924087183 -5.9879087895 -5.9854006798 -5.9840255218 -5.9834457915 -5.9817705323 -5.9792834491 -5.9781930378 -5.9714238862 -5.9705502096 -5.9696742138 -5.9665738326 -5.9638424984 -5.9623971699 -5.9609416619 -5.9580875500 -5.9578072906 -5.9539269315 -5.9520647395 -5.9494691689 -5.9487016188 -5.9468128161 -5.9453501342 -5.9444996838 -5.9420002141 -5.9334321605 -5.9317331759 -5.9300923115 -5.9286317921 -5.9268510946 -5.9260913777 -5.9249538924 -5.9214354221 -5.9204907219 -5.9173375812 -5.9150538333 -5.9094501278 -5.9080434551 -5.9057440385 -5.9021510649 -5.9016622655 -5.9010856560 -5.8973887963 -5.8953265717 -5.8931402478 -5.8917304342 -5.8906530792 -5.8886940392 -5.8868497482 -5.8843995531 -5.8826290334 -5.8803894637 -5.8748604835 -5.8719992677 -5.8698195129 -5.8681736802 -5.8668638939 -5.8646416529 -5.8616016934 -5.8601920575 -5.8574192784 -5.8501428664 -5.8473610903 -5.8440063226 -5.8409488046 -5.8383651851 -5.8330087836 -5.8283464332 -5.8277531734 -5.8171144956 -5.8114531270 -5.8052161588 -5.8019791234 -5.7874136552 -5.7866378929 -5.7816473037 -5.7803362330 -5.7736811580 -5.7708923212 -5.7629095017 -5.7605730759 -5.7540535649 -5.7516870641
-6.6092186893 -6.5873022636 -6.5800113531 -6.5766105686 -6.5688014298 -6.5647381030 -6.5336704427 -6.5295548674 -6.5205632843 -6.5166635804 -6.4769295160 -6.4647060314 -6.4482812396 -6.4380698854 -6.3947729697 -6.3894700692 -6.3878815158 -6.3855046036 -6.3806518538 -6.3773360493 -6.3456886345 -6.3448797918 -6.3407395713 -6.3393343584 -6.3376484901 -6.3354305775 -6.3317997119 -6.3287466739 -6.3199075298 -6.3162604008 -6.3102281866 -6.3077249300 -6.3033899760 -6.3012454186 -6.2696037759 -6.2597904890 -6.2554690183 -6.2490664848 -6.1822414428 -6.1780506715 -6.1764636861 -6.1721117926 -6.1720218143 -6.1683849029 -6.1674638988 -6.1624380021 -6.1574929624 -6.1492215899 -6.1398284076 -6.1382050300 -6.1371370802 -6.1358480980 -6.1352705024 -6.1338384442 -6.1309924265 -6.1293513285 -6.1273754845 -6.1259365934 -6.1253710564 -6.1234785753 -6.1193117378 -6.1131794296 -6.1066277019 -6.1000403242 -6.0970378751 -6.0967302628 -6.0959323845 -6.0953017841 -6.0902850868 -6.0889031438 -6.0879700965 -6.0874858220 -6.0846011618 -6.0762934986 -6.0603214015 -6.0535964542 -6.0532973318 -6.0496039799 -6.0472617797 -6.0444056969 -6.0403230985 -6.0388639914 -6.0377394423 -6.0330245924 -6.0325337728 -6.0282288328 -6.0273620952 -6.0248622952 -6.0224009370 -6.0196083525 -6.0191406810 -6.0162288329 -6.0144924823 -6.0126824730 -6.0117506546 -6.0109912683 -6.0099939608 -6.0062176673 -6.0052614296 -6.0031137618 -6.0006109114 -5.9993326560 -5.9963975585 -5.9924148529 -5.9868099574 -5.9848703719 -5.9844592368 -5.9837815239 -5.9817464129 -5.9804830111 -5.9765518053 -5.9706581051 -5.9694919404 -5.9679619150 -5.9662416872 -5.9630142111 -5.9623383653 -5.9604985719 -5.9593901252 -5.9573978566 -5.9548533857 -5.9525859488 -5.9505454159 -5.9490063767 -5.9475415356 -5.9459595250 -5.9451550302 -5.9429398383 -5.9340412883 -5.9313043389 -5.9309997405 -5.9284550168 -5.9275657885 -5.9274710740 -5.9239513095 -5.9202293084 -5.9193519696 -5.9164875560 -5.9142748533 -5.9092198283 -5.9078054431 -5.9062218295 -5.9027205840 -5.9020621265 -5.9008472507 -5.8980451032 -5.8959439934 -5.8930916081 -5.8916998839 -5.8907220959 -5.8885408606 -5.8863022119 -5.8838572908 -5.8836106662 -5.8794667720 -5.8741544233 -5.8723765151 -5.8699710052 -5.8676109114 -5.8669147685 -5.8643964141 -5.8616062859 -5.8592756602 -5.8588713635 -5.8508818087 -5.8480634553 -5.8450940234 -5.8404225741 -5.8385983174 -5.8329005355 -5.8283188821 -5.8276184495 -5.8180844438 -5.8123539420 -5.8037856769 -5.8011144453 -5.7864947405 -5.7856814713 -5.7818005871 -5.7799206322 -5.7739322259 -5.7709871248 -5.7632581404 -5.7606187900 -5.7545732935 -5.7519825890
-6.6105995338 -6.5882901439 -6.5786836727 -6.5783410128 -6.5710475523 -6.5634190101 -6.5372949392 -6.5273055770 -6.5240569231 -6.5143553384 -6.4805947242 -6.4682822482 -6.4441489183 -6.4340616292 -6.3919250650 -6.3910004051 -6.3903381699 -6.3831562928 -6.3818994834 -6.3798179125 -6.3473289054 -6.3463547785 -6.3420624246 -6.3405355334 -6.3392976968 -6.3370436083 -6.3292613710 -6.3263550534 -6.3172303317 -6.3138603265 -6.3085513289 -6.3060350468 -6.3017938986 -6.2996293739 -6.2738153221 -6.2637261935 -6.2594577892 -6.2530213746 -6.1786378771 -6.1775243390 -6.1746093884 -6.1736298032 -6.1686517746 -6.1683960329 -6.1651002290 -6.1640003937 -6.1569933023 -6.1487499368 -6.1409413586 -6.1395325358 -6.1383346013 -6.1369235530 -6.1361901405 -6.1322682027 -6.1319278837 -6.1307356784 -6.1289421843 -6.1269941527 -6.1250383039 -6.1241964080 -6.1193044211 -6.1127555813 -6.1056181847 -6.0992476074 -6.0985842550 -6.0976022864 -6.0957759449 -6.0945491023 -6.0911087974 -6.0897790553 -6.0887286292 -6.0864827699 -6.0862539570 -6.0777468228 -6.0627593922 -6.0558766586 -6.0517571375 -6.0478091333 -6.0454541104 -6.0426740114 -6.0392330600 -6.0380041546 -6.0365938340 -6.0331101777 -6.0330034384 -6.0286058691 -6.0277461370 -6.0249716817 -6.0224803971 -6.0209320596 -6.0192647627 -6.0161841454 -6.0146209493 -6.0133693909 -6.0131629092 -6.0109378380 -6.0092296744 -6.0075578806 -6.0065660063 -6.0033527714 -6.0018146218 -5.9991986221 -5.9968133526 -5.9924116093 -5.9861395366 -5.9855482455 -5.9844990291 -5.9832414900 -5.9817803256 -5.9813818541 -5.9748395309 -5.9704479165 -5.9679735742 -5.9663520393 -5.9657825563 -5.9636860381 -5.9621867449 -5.9608726805 -5.9586830827 -5.9573976677 -5.9552740430 -5.9531223178 -5.9516637591 -5.9495137802 -5.9482102732 -5.9466514452 -5.9456044027 -5.9437226157 -5.9351660925 -5.9324447131 -5.9302220574 -5.9296562599 -5.9290625200 -5.9265271744 -5.9228752511 -5.9190761014 -5.9182242421 -5.9157652830 -5.9133696740 -5.9091073141 -5.9076670105 -5.9065931618 -5.9034769243 -5.9025357042 -5.9004251629 -5.8987054857 -5.8965982594 -5.8935367682 -5.8914311073 -5.8908293031 -5.8881641333 -5.8855984651 -5.8848414809 -5.8830134550 -5.8785459256 -5.8736830930 -5.8727331567 -5.8701484175 -5.8673940046 -5.8668031447 -5.8639478060 -5.8615871767 -5.8602687157 -5.8583395989 -5.8516316355 -5.8487816644 -5.8462434523 -5.8397614795 -5.8390899256 -5.8329328955 -5.8284124680 -5.8269944845 -5.8189838799 -5.8133532409 -5.8025511318 -5.8000346054 -5.7862206245 -5.7845117849 -5.7818674742 -5.7793407291 -5.7741545654 -5.7710911592 -5.7636117596 -5.7606533547 -5.7551180126 -5.7523113765
-6.6120023722 -6.5893083303 -6.5803510883 -6.5770160714 -6.5732459703 -6.5620573743 -6.5408974316 -6.5275286720 -6.5250593172 -6.5120649367 -6.4842503312 -6.4718529655 -6.4399964180 -6.4300317664 -6.3943515252 -6.3927657297 -6.3872261030 -6.3856115543 -6.3822683917 -6.3782910743 -6.3489837542 -6.3479064646 -6.3435137149 -6.3418005063 -6.3409640090 -6.3386735844 -6.3267563097 -6.3239323277 -6.3145926203 -6.3114621775 -6.3068540822 -6.3043180470 -6.3001659324 -6.2979821756 -6.2780378175 -6.2676756844 -6.2634538736 -6.2569913951 -6.1785921865 -6.1752297070 -6.1750669113 -6.1712126379 -6.1693496930 -6.1655602450 -6.1652243537 -6.1618632967 -6.1565365874 -6.1483414217 -6.1421923531 -6.1408841415 -6.1396165994 -6.1380993500 -6.1371120317 -6.1333541804 -6.1321538195 -6.1304565227 -6.1301739705 -6.1286095572 -6.1265712722 -6.1224791328 -6.1192434023 -6.1123065132 -6.1046413037 -6.1014863946 -6.1000355236 -6.0970676802 -6.0948122918 -6.0935478082 -6.0930002031 -6.0920187198 -6.0878718681 -6.0872135751 -6.0850027230 -6.0791935101 -6.0652263793 -6.0582304203 -6.0501847792 -6.0460708263 -6.0436838162 -6.0409657114 -6.0394183440 -6.0365415004 -6.0350931909 -6.0336668856 -6.0328775048 -6.0290169393 -6.0281892078 -6.0250716572 -6.0227723871 -6.0220728350 -6.0192712669 -6.0174537201 -6.0150191750 -6.0138496062 -6.0133332900 -6.0113450325 -6.0091435959 -6.0080096493 -6.0076805009 -6.0042288739 -6.0024052304 -5.9990571857 -5.9972053802 -5.9923876349 -5.9869115507 -5.9854826272 -5.9843383485 -5.9830543126 -5.9825983172 -5.9807056594 -5.9731099632 -5.9702761849 -5.9666776369 -5.9654984286 -5.9650905843 -5.9643448744 -5.9623613364 -5.9613903056 -5.9583271807 -5.9567545844 -5.9550916124 -5.9536040576 -5.9527406591 -5.9502722252 -5.9486473691 -5.9475393067 -5.9458657005 -5.9443489496 -5.9364008646 -5.9338021882 -5.9310705351 -5.9305958666 -5.9291331949 -5.9254645344 -5.9217939201 -5.9180048947 -5.9171106953 -5.9151040585 -5.9124109099 -5.9091408904 -5.9076808237 -5.9067715558 -5.9042341626 -5.9030162078 -5.9000854955 -5.8993079098 -5.8972882209 -5.8941206048 -5.8917846678 -5.8903022053 -5.8876661838 -5.8859531830 -5.8847601914 -5.8823015738 -5.8776427599 -5.8740166371 -5.8724960284 -5.8703225231 -5.8675965046 -5.8664137719 -5.8634047678 -5.8620895007 -5.8609834813 -5.8574506747 -5.8523674728 -5.8494818278 -5.8473611290 -5.8399177255 -5.8389998621 -5.8330083252 -5.8282316909 -5.8263924368 -5.8197986635 -5.8143904614 -5.8016008232 -5.7987176306 -5.7861871275 -5.7837559685 -5.7816416463 -5.7786197600 -5.7743380962 -5.7711946658 -5.7639603211 -5.7606726234 -5.7556798540 -5.7526706767
-6.6134288568 -6.5903656816 -6.5821498986 -6.5757178010 -6.5751661740 -6.5606518773 -6.5444780311 -6.5309784733 -6.5228176061 -6.5097939030 -6.4878960221 -6.4754179177 -6.4358241390 -6.4259805314 -6.3967479282 -6.3951576824 -6.3880151295 -6.3846743661 -6.3834524587 -6.3746928840 -6.3506522367 -6.3495141018 -6.3450648050 -6.3431372526 -6.3426454303 -6.3403151925 -6.3242894241 -6.3215151929 -6.3120008132 -6.3090822125 -6.3051343216 -6.3025739396 -6.2984995578 -6.2962973783 -6.2822701459 -6.2716383144 -6.2674561357 -6.2609753750 -6.1796637624 -6.1768186094 -6.1715505674 -6.1703137216 -6.1678471301 -6.1671158090 -6.1618512608 -6.1586681959 -6.1561329946 -6.1480226584 -6.1435639806 -6.1422405250 -6.1409471638 -6.1393356608 -6.1380688308 -6.1345833320 -6.1335874128 -6.1319083637 -6.1302275773 -6.1283100902 -6.1280903248 -6.1207764372 -6.1191095272 -6.1118371827 -6.1037924183 -6.1036609480 -6.1023784224 -6.0958244037 -6.0955352653 -6.0943773780 -6.0938866906 -6.0916723992 -6.0894338518 -6.0857199675 -6.0835433996 -6.0806343941 -6.0677141520 -6.0606218320 -6.0486136426 -6.0444053512 -6.0419594099 -6.0399622214 -6.0391809188 -6.0352309114 -6.0344755996 -6.0336350753 -6.0322963492 -6.0294824274 -6.0286540416 -6.0252661928 -6.0236883796 -6.0223629762 -6.0193061893 -6.0187787377 -6.0165756207 -6.0143031853 -6.0124878459 -6.0117161893 -6.0104524732 -6.0091905998 -6.0066750242 -6.0055714678 -6.0025448484 -5.9989605879 -5.9975702443 -5.9923291244 -5.9878651587 -5.9858265385 -5.9842378157 -5.9839808826 -5.9820125689 -5.9796868148 -5.9714191301 -5.9700790089 -5.9665663712 -5.9659285790 -5.9643341600 -5.9638339890 -5.9627483325 -5.9606303397 -5.9593878532 -5.9556173159 -5.9547119750 -5.9541226172 -5.9531940059 -5.9510825487 -5.9489749473 -5.9485159963 -5.9460530578 -5.9448465132 -5.9376698307 -5.9351747547 -5.9324836034 -5.9320676979 -5.9281307346 -5.9244401870 -5.9207218103 -5.9170374787 -5.9160293244 -5.9144318035 -5.9115027273 -5.9093352285 -5.9077372070 -5.9068618939 -5.9048852798 -5.9034973958 -5.9002396507 -5.8994579867 -5.8980093022 -5.8947250192 -5.8923267684 -5.8895992241 -5.8873968748 -5.8866969811 -5.8839405546 -5.8815850061 -5.8768010634 -5.8747669079 -5.8720360521 -5.8704662858 -5.8678672442 -5.8660598763 -5.8636712087 -5.8624312517 -5.8608458260 -5.8566504215 -5.8530517858 -5.8501357853 -5.8484062610 -5.8409238875 -5.8382774305 -5.8330670699 -5.8279021674 -5.8258280619 -5.8205104051 -5.8154331095 -5.8008870966 -5.7972480424 -5.7863118291 -5.7836192199 -5.7810021986 -5.7778061156 -5.7744728460 -5.7712827382 -5.7642890780 -5.7606762160 -5.7562459673 -5.7530565081
-6.6148803778 -6.5914725681 -6.5839115848 -6.5775415298 -6.5738683129 -6.5592010027 -6.5480368673 -6.5344065497 -6.5205816793 -6.5075437941 -6.4915314917 -6.4789768464 -6.4316325185 -6.4219081883 -6.3991125935 -6.3975143117 -6.3903645486 -6.3870329509 -6.3796851895 -6.3710990648 -6.3523345152 -6.3511670692 -6.3466944742 -6.3445629778 -6.3443308647 -6.3419673776 -6.3218649148 -6.3191227929 -6.3094624314 -6.3067320604 -6.3033892422 -6.3008033945 -6.2967880674 -6.2945684276 -6.2865109992 -6.2756134109 -6.2714634697 -6.2649721587 -6.1807430044 -6.1784012013 -6.1712921710 -6.1686673727 -6.1680772310 -6.1645193840 -6.1585340757 -6.1557952855 -6.1555184237 -6.1478393305 -6.1450193897 -6.1436046038 -6.1422859634 -6.1406208055 -6.1390728329 -6.1358910506 -6.1350131078 -6.1333108207 -6.1318271684 -6.1295905891 -6.1264280294 -6.1193807917 -6.1186194368 -6.1113564805 -6.1060213864 -6.1047398987 -6.1027792928 -6.0980757753 -6.0966728336 -6.0941774673 -6.0930097513 -6.0911149534 -6.0901737952 -6.0842480857 -6.0821287026 -6.0820477871 -6.0702096193 -6.0630487756 -6.0470438242 -6.0428564587 -6.0405480633 -6.0401288971 -6.0376372077 -6.0350667358 -6.0345792683 -6.0325383763 -6.0311667025 -6.0300189914 -6.0290694078 -6.0258595471 -6.0242445471 -6.0224656436 -6.0200803557 -6.0194235033 -6.0179683097 -6.0148296817 -6.0125567668 -6.0118875889 -6.0112533488 -6.0103642576 -6.0070161669 -6.0056055151 -6.0026124230 -5.9989330946 -5.9978992506 -5.9922210194 -5.9887941147 -5.9863142125 -5.9853560892 -5.9840008003 -5.9810749480 -5.9785644993 -5.9702513433 -5.9694143889 -5.9679405796 -5.9656154796 -5.9652972565 -5.9630719930 -5.9612371674 -5.9605653548 -5.9596796277 -5.9563199865 -5.9551594113 -5.9533575834 -5.9526277557 -5.9515945411 -5.9495389652 -5.9492162765 -5.9462388443 -5.9452258742 -5.9389400196 -5.9365377445 -5.9339283247 -5.9334990474 -5.9271544684 -5.9234838391 -5.9196653840 -5.9161815025 -5.9150192046 -5.9136991161 -5.9108543687 -5.9095372531 -5.9077105834 -5.9071020045 -5.9052749607 -5.9039611940 -5.9008135873 -5.8992552959 -5.8987261739 -5.8953064447 -5.8929086471 -5.8889248230 -5.8881832874 -5.8862730898 -5.8831073151 -5.8808897384 -5.8763546736 -5.8752805634 -5.8717672037 -5.8705031949 -5.8681271931 -5.8658478201 -5.8648189678 -5.8618373595 -5.8605151460 -5.8560470707 -5.8535986801 -5.8507168607 -5.8493445232 -5.8420776823 -5.8375563357 -5.8331160516 -5.8275199648 -5.8253087662 -5.8210977734 -5.8164567243 -5.8003361988 -5.7957263508 -5.7865512960 -5.7838342336 -5.7802478684 -5.7769746805 -5.7745502278 -5.7713336055 -5.7645763150 -5.7606719228 -5.7567946378 -5.7534628126
-6.6163580269 -6.5926406809 -6.5856338183 -6.5795541324 -6.5722738973 -6.5577033216 -6.5515740797 -6.5378130122 -6.5183528940 -6.5053162073 -6.4951564438 -6.4825295007 -6.4274220340 -6.4178150352 -6.4014438228 -6.3998341988 -6.3926578701 -6.3893466572 -6.3759196210 -6.3675109853 -6.3540310932 -6.3528598881 -6.3483876306 -6.3461462586 -6.3459543089 -6.3436312139 -6.3194864922 -6.3167670429 -6.3069865870 -6.3044203256 -6.3016146993 -6.2990075530 -6.2950254166 -6.2927912945 -6.2907563956 -6.2796002431 -6.2754747915 -6.2689805939 -6.1818278380 -6.1799761520 -6.1722820365 -6.1702140809 -6.1646548947 -6.1612339143 -6.1555877687 -6.1552391196 -6.1524292344 -6.1478748200 -6.1465099390 -6.1449749494 -6.1435770813 -6.1419475872 -6.1401161636 -6.1372967363 -6.1363929482 -6.1346792634 -6.1334007069 -6.1310579192 -6.1245342838 -6.1189824210 -6.1170887016 -6.1108989023 -6.1082447337 -6.1070981639 -6.1019010481 -6.1004337034 -6.0989832934 -6.0928853009 -6.0924839337 -6.0921373612 -6.0889039320 -6.0835050829 -6.0828056164 -6.0806957072 -6.0726862084 -6.0655082416 -6.0454756302 -6.0417566335 -6.0406093155 -6.0386367466 -6.0364092673 -6.0355792009 -6.0343966638 -6.0313971699 -6.0307087957 -6.0299524193 -6.0292161741 -6.0267620738 -6.0242699860 -6.0227852145 -6.0210507864 -6.0201692649 -6.0186410181 -6.0153668846 -6.0135365428 -6.0126674740 -6.0119038354 -6.0103144669 -6.0084485220 -6.0046854695 -6.0026923009 -5.9989907921 -5.9981864482 -5.9920504637 -5.9896695315 -5.9869118215 -5.9864129434 -5.9841279852 -5.9799936502 -5.9774091264 -5.9700615819 -5.9694035215 -5.9678220206 -5.9667920175 -5.9653223169 -5.9623733523 -5.9614261019 -5.9594322703 -5.9589049677 -5.9573449283 -5.9562507953 -5.9531497782 -5.9522161410 -5.9508364795 -5.9502805572 -5.9493732127 -5.9464908157 -5.9454432922 -5.9401806518 -5.9378702754 -5.9353865398 -5.9348732875 -5.9262279914 -5.9226105411 -5.9186297999 -5.9154316773 -5.9141223316 -5.9129129659 -5.9108509749 -5.9093530068 -5.9079231461 -5.9072267683 -5.9053734644 -5.9043509013 -5.9014028826 -5.8996114037 -5.8989181342 -5.8958309227 -5.8935122463 -5.8893731662 -5.8880094620 -5.8856288028 -5.8822953380 -5.8802728142 -5.8769639295 -5.8748070488 -5.8718752003 -5.8703668074 -5.8683236293 -5.8663085077 -5.8652939104 -5.8612806096 -5.8600347150 -5.8558551515 -5.8538409571 -5.8512018172 -5.8501197563 -5.8432853308 -5.8368553469 -5.8331906939 -5.8271489571 -5.8248378619 -5.8215436482 -5.8174344418 -5.7999077290 -5.7942187554 -5.7868722168 -5.7841962560 -5.7795874226 -5.7762253083 -5.7745665350 -5.7713208598 -5.7647911833 -5.7606822935 -5.7572893783 -5.7538798344
-6.6178625672 -6.5938824204 -6.5873166710 -6.5814864539 -6.5706377839 -6.5561576055 -6.5550897704 -6.5411979994 -6.5161326015 -6.5031128026 -6.4987705761 -6.4860756374 -6.4231932093 -6.4137014111 -6.4037398905 -6.4021161344 -6.3948935495 -6.3916119807 -6.3721581224 -6.3639297918 -6.3557426233 -6.3545897095 -6.3501331694 -6.3478669800 -6.3475349433 -6.3453096355 -6.3171572559 -6.3144560541 -6.3045845718 -6.3021536302 -6.2998047046 -6.2971888706 -6.2950198105 -6.2932012162 -6.2909491152 -6.2835978733 -6.2794889824 -6.2729994936 -6.1829167792 -6.1815435025 -6.1732832063 -6.1717563353 -6.1612874850 -6.1580044493 -6.1554134869 -6.1521353342 -6.1495082058 -6.1482686545 -6.1478982790 -6.1463142640 -6.1447360420 -6.1433011404 -6.1411779452 -6.1387778701 -6.1377218190 -6.1360192320 -6.1349341620 -6.1324829384 -6.1226305680 -6.1187565470 -6.1153523008 -6.1109990885 -6.1099557645 -6.1093880685 -6.1028109527 -6.1013124937 -6.1010424030 -6.0941564506 -6.0914948379 -6.0911526781 -6.0876681787 -6.0849324877 -6.0814121256 -6.0793336684 -6.0750751605 -6.0679932540 -6.0439120161 -6.0419662927 -6.0396478202 -6.0372714051 -6.0365506018 -6.0353235559 -6.0339270550 -6.0317014703 -6.0301177551 -6.0297640128 -6.0284175153 -6.0275358826 -6.0242191965 -6.0235197916 -6.0218580591 -6.0208549812 -6.0186565945 -6.0159191686 -6.0148472368 -6.0133348247 -6.0129766891 -6.0100746173 -6.0095435588 -6.0039936939 -6.0027701383 -5.9991295034 -5.9984429834 -5.9918170352 -5.9904684914 -5.9877658601 -5.9871736829 -5.9842949999 -5.9788578398 -5.9762438933 -5.9709339522 -5.9699230211 -5.9682603824 -5.9663204725 -5.9650966743 -5.9632361230 -5.9606135449 -5.9588670361 -5.9581413633 -5.9574947953 -5.9573043399 -5.9538808720 -5.9519699202 -5.9507256727 -5.9503580287 -5.9484998979 -5.9468151635 -5.9454163542 -5.9413486130 -5.9391468542 -5.9368308807 -5.9361842869 -5.9253677981 -5.9218274835 -5.9176226338 -5.9147822519 -5.9133608601 -5.9122421488 -5.9111486648 -5.9090303166 -5.9085417631 -5.9069497428 -5.9053968585 -5.9045089359 -5.9019368064 -5.9003568491 -5.8988103474 -5.8962568173 -5.8941344937 -5.8903592560 -5.8872762822 -5.8849548556 -5.8815730022 -5.8798963093 -5.8776275418 -5.8742326077 -5.8722427714 -5.8702108347 -5.8683780595 -5.8671783430 -5.8652268712 -5.8608763730 -5.8594121631 -5.8561262222 -5.8538112702 -5.8516002077 -5.8506119732 -5.8444635641 -5.8361842961 -5.8333271596 -5.8268338167 -5.8244096444 -5.8218536523 -5.8183262165 -5.7995842763 -5.7927773113 -5.7872425492 -5.7846345693 -5.7790760450 -5.7756511802 -5.7745335755 -5.7712298440 -5.7648954821 -5.7607477716 -5.7576760181 -5.7542908964
-6.6193944130 -6.5952096991 -6.5889610318 -6.5833202033 -6.5689640975 -6.5585843229 -6.5545625424 -6.5445616661 -6.5139221774 -6.5023739290 -6.5009349562 -6.4896150177 -6.4189466297 -6.4095677145 -6.4059990656 -6.4043590928 -6.3970704901 -6.3938271506 -6.3684021706 -6.3603584406 -6.3574697268 -6.3563537941 -6.3519221635 -6.3496302034 -6.3491640935 -6.3470070877 -6.3148795299 -6.3121954255 -6.3022704139 -6.2999394860 -6.2992897376 -6.2979402469 -6.2953372381 -6.2913231765 -6.2890578648 -6.2876027593 -6.2835044758 -6.2770274820 -6.1840087145 -6.1831030306 -6.1742943509 -6.1732941317 -6.1579909162 -6.1554879783 -6.1548067999 -6.1497650872 -6.1494830606 -6.1487758192 -6.1475381113 -6.1463445234 -6.1456490823 -6.1446282604 -6.1422299965 -6.1402669291 -6.1390059411 -6.1373100057 -6.1364127393 -6.1338467192 -6.1207258956 -6.1185455380 -6.1136025139 -6.1129214448 -6.1118796460 -6.1095863066 -6.1052018532 -6.1036184506 -6.1002363464 -6.0956780836 -6.0906525258 -6.0898216649 -6.0866411079 -6.0863471031 -6.0801397508 -6.0782098427 -6.0770211178 -6.0704833317 -6.0426515764 -6.0422760108 -6.0385956993 -6.0375045087 -6.0359962821 -6.0351365534 -6.0332074203 -6.0323063001 -6.0301083920 -6.0291382270 -6.0280592886 -6.0273150374 -6.0251215744 -6.0237468570 -6.0227940540 -6.0206020097 -6.0184593287 -6.0165782381 -6.0160594345 -6.0145080708 -6.0135100765 -6.0113566319 -6.0092295137 -6.0037224238 -6.0027158548 -5.9993327315 -5.9986874676 -5.9916055202 -5.9911109817 -5.9887180950 -5.9877352833 -5.9844534344 -5.9776992891 -5.9750788307 -5.9723838552 -5.9701954204 -5.9694950852 -5.9656570313 -5.9645599907 -5.9639488231 -5.9599491371 -5.9596217922 -5.9586700309 -5.9574502987 -5.9558303781 -5.9547457507 -5.9523135338 -5.9508153630 -5.9502650238 -5.9477961608 -5.9466171481 -5.9450022732 -5.9423604688 -5.9403280165 -5.9382300871 -5.9374188567 -5.9245908584 -5.9211342825 -5.9166601331 -5.9142603917 -5.9128168766 -5.9121401434 -5.9109632909 -5.9095055388 -5.9084374211 -5.9068008897 -5.9054295218 -5.9043111186 -5.9023561787 -5.9010698236 -5.8988391357 -5.8965442939 -5.8947650416 -5.8913074105 -5.8865298387 -5.8842762082 -5.8812604027 -5.8798423524 -5.8777183426 -5.8742111351 -5.8723954312 -5.8701384642 -5.8683165454 -5.8678131749 -5.8651884919 -5.8606007422 -5.8587358024 -5.8565896259 -5.8538353814 -5.8519621923 -5.8507024005 -5.8455181326 -5.8355519821 -5.8335516211 -5.8266015919 -5.8240079812 -5.8220831237 -5.8190640124 -5.7993582124 -5.7914763384 -5.7876138625 -5.7851096846 -5.7787214152 -5.7752775211 -5.7744927968 -5.7710892957 -5.7648606496 -5.7609037552 -5.7579032263 -5.7546660328
-6.6209536187 -6.5966321818 -6.5905680425 -6.5850436563 -6.5672528828 -6.5620576548 -6.5529175062 -6.5479041833 -6.5117230964 -6.5059654636 -6.4987851530 -6.4931473760 -6.4146830249 -6.4082195957 -6.4065623710 -6.4054143121 -6.3991880176 -6.3959908070 -6.3646550549 -6.3592146459 -6.3581733687 -6.3567772904 -6.3537442355 -6.3514207098 -6.3508515692 -6.3487286400 -6.3126547618 -6.3099888173 -6.3035555546 -6.3000566416 -6.2977760070 -6.2960322221 -6.2934639171 -6.2916257322 -6.2893791852 -6.2875448186 -6.2870751832 -6.2810620145 -6.1851042672 -6.1846528180 -6.1753143570 -6.1748275028 -6.1557749612 -6.1547549258 -6.1520471663 -6.1510880172 -6.1500051262 -6.1493968048 -6.1470850771 -6.1459979967 -6.1453669333 -6.1438950304 -6.1431339140 -6.1415975129 -6.1401054170 -6.1384928128 -6.1377952725 -6.1351154329 -6.1189383015 -6.1183128907 -6.1150310280 -6.1142138761 -6.1118021940 -6.1091260426 -6.1076010982 -6.1058950683 -6.0994535635 -6.0972014672 -6.0899036358 -6.0884707236 -6.0877829484 -6.0860832756 -6.0798158255 -6.0782576282 -6.0765439883 -6.0728883097 -6.0432996620 -6.0407696416 -6.0383323232 -6.0380301190 -6.0359213660 -6.0344705085 -6.0331885099 -6.0321956435 -6.0301797741 -6.0288252490 -6.0279127486 -6.0265545612 -6.0262448199 -6.0246932287 -6.0224791614 -6.0200401697 -6.0182888532 -6.0174674461 -6.0167530006 -6.0157700094 -6.0139019023 -6.0127203683 -6.0089772667 -6.0039210816 -6.0025354355 -5.9996301676 -5.9988892855 -5.9919816702 -5.9910979223 -5.9895708214 -5.9881906104 -5.9845722709 -5.9765309557 -5.9739447420 -5.9738371714 -5.9713661334 -5.9699856115 -5.9660392829 -5.9648417033 -5.9630504098 -5.9607497742 -5.9600934622 -5.9586797405 -5.9572217320 -5.9556444122 -5.9540730066 -5.9525583707 -5.9514220740 -5.9499282632 -5.9482928503 -5.9457837581 -5.9442161874 -5.9428755615 -5.9413210660 -5.9395379662 -5.9385484757 -5.9239144415 -5.9205246862 -5.9157904170 -5.9140083515 -5.9127845638 -5.9119556304 -5.9107422584 -5.9100327333 -5.9079728423 -5.9069894794 -5.9053787991 -5.9039476262 -5.9025975071 -5.9015975215 -5.8990457546 -5.8967422970 -5.8953483947 -5.8921565002 -5.8858019105 -5.8836089901 -5.8818948897 -5.8794435484 -5.8774132295 -5.8749021778 -5.8721097606 -5.8700465181 -5.8686119953 -5.8678123458 -5.8652408075 -5.8604165360 -5.8581179106 -5.8570628167 -5.8539846657 -5.8522525806 -5.8505481879 -5.8463167368 -5.8349701752 -5.8338746462 -5.8264588119 -5.8236252172 -5.8223301686 -5.8195503488 -5.7992254517 -5.7904877976 -5.7878760988 -5.7855584661 -5.7785180136 -5.7750597330 -5.7744882508 -5.7709714236 -5.7647163371 -5.7611140908 -5.7579774507 -5.7549512947
-6.6225398768 -6.5981553367 -6.5921385646 -6.5866506449 -6.5655153953 -6.5654982810 -6.5512287945 -6.5512186542 -6.5095897790 -6.5094924785 -6.4967018160 -6.4966353288 -6.4104479100 -6.4103557291 -6.4087243583 -6.4012778657 -6.4012105111 -6.3981016094 -6.3610201744 -6.3609180366 -6.3599577766 -6.3556171801 -6.3532446261 -6.3532213633 -6.3525801774 -6.3504771035 -6.3104843372 -6.3078887200 -6.3077746905 -6.2979620087 -6.2957618770 -6.2955741210 -6.2940401598 -6.2915958625 -6.2915000983 -6.2873815771 -6.2852471505 -6.2849358797 -6.1862593355 -6.1861356903 -6.1763647175 -6.1763339331 -6.1563568109 -6.1526376026 -6.1524458474 -6.1512208640 -6.1505710381 -6.1491349380 -6.1476780203 -6.1468212786 -6.1447269454 -6.1436546364 -6.1426670205 -6.1422372452 -6.1400066310 -6.1394135763 -6.1385129767 -6.1362247975 -6.1189644706 -6.1170109607 -6.1167509344 -6.1161655849 -6.1100862037 -6.1099795006 -6.1090432292 -6.1077133768 -6.0987813288 -6.0986460810 -6.0892321531 -6.0891799651 -6.0874029894 -6.0863755199 -6.0802999176 -6.0775528492 -6.0759579513 -6.0743611171 -6.0440483802 -6.0393132165 -6.0391566063 -6.0382699496 -6.0361722481 -6.0341873900 -6.0328740115 -6.0320782619 -6.0300882174 -6.0287100727 -6.0282272411 -6.0268384564 -6.0262631818 -6.0250412624 -6.0217728955 -6.0197274095 -6.0189641585 -6.0173302392 -6.0171401494 -6.0168561923 -6.0143199152 -6.0139200528 -6.0088988318 -6.0043755594 -6.0024747748 -6.0000954087 -5.9989857758 -5.9925775805 -5.9909859616 -5.9902363798 -5.9884226549 -5.9846273903 -5.9754161910 -5.9752940734 -5.9727935396 -5.9727804265 -5.9704688007 -5.9666525401 -5.9653302496 -5.9624617792 -5.9612736206 -5.9609409820 -5.9582218222 -5.9574561923 -5.9561039593 -5.9527528526 -5.9523503364 -5.9519329087 -5.9499805527 -5.9489982988 -5.9454141969 -5.9440832295 -5.9424802050 -5.9415999705 -5.9405417364 -5.9394814012 -5.9233533880 -5.9199916168 -5.9152510880 -5.9140573281 -5.9127434286 -5.9119121740 -5.9109348528 -5.9099432466 -5.9075734543 -5.9071959184 -5.9054010136 -5.9036902354 -5.9027643318 -5.9015751751 -5.8993738252 -5.8970931374 -5.8957334320 -5.8928297882 -5.8851437035 -5.8830434212 -5.8828931880 -5.8788718695 -5.8773389598 -5.8755123972 -5.8718617636 -5.8698278352 -5.8689973773 -5.8675560052 -5.8653849845 -5.8603095937 -5.8577447092 -5.8574005051 -5.8541189418 -5.8524193504 -5.8504420789 -5.8466905311 -5.8345110567 -5.8342349434 -5.8264013733 -5.8233466966 -5.8225743277 -5.8197280847 -5.7991828401 -5.7901299881 -5.7879019255 -5.7857959702 -5.7784547599 -5.7749794321 -5.7745020324 -5.7709295526 -5.7646147745 -5.7612263199 -5.7579809962 -5.7550623353
-6.6161003924 -6.5918233744 -6.5858885440 -6.5804200913 -6.5620851129 -6.5620669807 -6.5479449565 -6.5479357008 -6.5068248819 -6.5067308449 -6.4939111659 -6.4938480057 -6.4146266009 -6.4145340799 -6.4054646195 -6.4053973144 -6.4001278625 -6.3897260277 -6.3649752742 -6.3649415152 -6.3567991700 -6.3567932034 -6.3525948706 -6.3481245454 -6.3455549572 -6.3434321364 -6.3190703980 -6.3061379560 -6.3037122510 -6.3035867673 -6.3021383856 -6.2955083056 -6.2919585991 -6.2917231051 -6.2873815047 -6.2872363800 -6.2811050491 -6.2808545918 -6.1810173363 -6.1808831072 -6.1712707700 -6.1712393512 -6.1550024830 -6.1544213371 -6.1532451471 -6.1524136014 -6.1505150409 -6.1476522129 -6.1466638454 -6.1457159445 -6.1450855248 -6.1438509642 -6.1427866289 -6.1420196651 -6.1396336629 -6.1369502005 -6.1357861610 -6.1317450510 -6.1159798946 -6.1159282413 -6.1148546424 -6.1124241542 -6.1087522225 -6.1086782830 -6.1055648924 -6.1041910250 -6.0972666485 -6.0971284940 -6.0915186360 -6.0878229410 -6.0877636779 -6.0843247297 -6.0816203686 -6.0785722757 -6.0740685355 -6.0722936211 -6.0410254642 -6.0407104337 -6.0404802295 -6.0363659555 -6.0359576205 -6.0354148897 -6.0336696979 -6.0324733339 -6.0305268902 -6.0294492661 -6.0267836710 -6.0261103733 -6.0251969578 -6.0246227799 -6.0241487697 -6.0205808221 -6.0182449014 -6.0171058570 -6.0140079042 -6.0135561081 -6.0111589391 -6.0107098039 -6.0091605413 -6.0032504635 -6.0016726162 -5.9990224951 -5.9976175377 -5.9916874272 -5.9901302742 -5.9879515910 -5.9873992263 -5.9843699385 -5.9748004994 -5.9746623766 -5.9721917435 -5.9720872550 -5.9680218692 -5.9643376383 -5.9633591615 -5.9626394751 -5.9612298926 -5.9593436498 -5.9580013038 -5.9565241444 -5.9552567113 -5.9544854146 -5.9541867397 -5.9532155577 -5.9488865714 -5.9461146592 -5.9452067374 -5.9443358427 -5.9434997671 -5.9419016697 -5.9376852408 -5.9358232509 -5.9253824411 -5.9220172916 -5.9162990908 -5.9144418613 -5.9133470625 -5.9115449724 -5.9108417777 -5.9101723022 -5.9084121613 -5.9078670729 -5.9049640238 -5.9041341130 -5.9031457654 -5.9013557962 -5.8978448783 -5.8949597739 -5.8945874675 -5.8905506955 -5.8878387378 -5.8832518011 -5.8816374628 -5.8802346407 -5.8765145145 -5.8743761722 -5.8725233288 -5.8710026794 -5.8687019600 -5.8673352666 -5.8650704777 -5.8605641683 -5.8578487539 -5.8571958565 -5.8538575297 -5.8516546594 -5.8504361934 -5.8456489164 -5.8356844717 -5.8334769066 -5.8266920011 -5.8239737367 -5.8217454589 -5.8192883633 -5.7993459916 -5.7909195215 -5.7886214322 -5.7847067524 -5.7786735694 -5.7752833822 -5.7744645686 -5.7709966859 -5.7652403734 -5.7608064094 -5.7578729510 -5.7545743808
-6.6095794129 -6.5854216112 -6.5795592787 -6.5741112500 -6.5584880545 -6.5584687139 -6.5444495155 -6.5444410636 -6.5041097091 -6.5040189831 -6.4912040166 -6.4911437555 -6.4186531826 -6.4185610778 -6.4094076049 -6.4093415733 -6.3914799821 -6.3812784802 -6.3692059815 -6.3691707292 -6.3605736745 -6.3605705047 -6.3451762629 -6.3406985680 -6.3385272678 -6.3364176827 -6.3276703878 -6.3143451954 -6.3102459400 -6.3036643883 -6.2997302307 -6.2996102281 -6.2883317585 -6.2880932158 -6.2830487635 -6.2828864579 -6.2767931456 -6.2766046620 -6.1758192633 -6.1756740483 -6.1662268008 -6.1661885321 -6.1582720080 -6.1577718034 -6.1556344861 -6.1537016315 -6.1502658156 -6.1494694985 -6.1483180588 -6.1465693320 -6.1452040239 -6.1443058393 -6.1411852854 -6.1383278192 -6.1347274793 -6.1327833134 -6.1312271540 -6.1266620889 -6.1148907606 -6.1148628445 -6.1109358587 -6.1085694247 -6.1073952133 -6.1072580320 -6.1020347051 -6.1006494643 -6.0972180329 -6.0957715657 -6.0956632541 -6.0877406875 -6.0865357263 -6.0864839517 -6.0810205414 -6.0762854164 -6.0716144378 -6.0698178758 -6.0425000195 -6.0420797738 -6.0390992884 -6.0379498478 -6.0363593283 -6.0360720940 -6.0335455789 -6.0328291408 -6.0319127046 -6.0298501012 -6.0284157318 -6.0252909912 -6.0246475470 -6.0235512205 -6.0231866367 -6.0216418154 -6.0165500162 -6.0150448117 -6.0106403906 -6.0102717335 -6.0096927479 -6.0077661430 -6.0073754261 -6.0040507201 -5.9995202116 -5.9991321269 -5.9952730201 -5.9930465673 -5.9877472266 -5.9860995983 -5.9851501239 -5.9836693829 -5.9742751077 -5.9740916526 -5.9715776414 -5.9714312892 -5.9657783499 -5.9651058650 -5.9627291236 -5.9618283004 -5.9606125649 -5.9589472211 -5.9572179233 -5.9569930754 -5.9559912304 -5.9558222400 -5.9541092266 -5.9531988596 -5.9477166275 -5.9458833760 -5.9455282168 -5.9444973375 -5.9417123295 -5.9405152704 -5.9341473810 -5.9318629375 -5.9274649391 -5.9241090376 -5.9179304693 -5.9151225703 -5.9142330063 -5.9124288531 -5.9107352812 -5.9101896942 -5.9096951371 -5.9087349527 -5.9053003651 -5.9049554885 -5.9025580749 -5.8997244012 -5.8962026631 -5.8932894628 -5.8926324897 -5.8907611495 -5.8881986556 -5.8859089142 -5.8802999411 -5.8796656007 -5.8765103865 -5.8742979861 -5.8725558904 -5.8717046286 -5.8693356604 -5.8660062786 -5.8657216068 -5.8603169160 -5.8577586326 -5.8570705582 -5.8537642034 -5.8504656019 -5.8496742459 -5.8441270588 -5.8370602420 -5.8332543460 -5.8272966737 -5.8241060673 -5.8207866177 -5.8186144512 -5.7998195945 -5.7923625563 -5.7901469920 -5.7832191433 -5.7791712017 -5.7759811293 -5.7745332046 -5.7708662320 -5.7667535292 -5.7610243138 -5.7565789969 -5.7532123864
-6.6029768177 -6.5789505096 -6.5731511931 -6.5677245943 -6.5547270322 -6.5547061983 -6.5407389689 -6.5407312112 -6.5014399173 -6.5013525613 -6.4885747766 -6.4885170427 -6.4225317671 -6.4224412256 -6.4131073118 -6.4130434608 -6.3827867984 -6.3735984065 -6.3735636796 -6.3727573498 -6.3645553483 -6.3645512378 -6.3377951248 -6.3362745515 -6.3333348543 -6.3315322025 -6.3294481964 -6.3225667226 -6.3183509055 -6.3118302657 -6.2959373814 -6.2958197279 -6.2848308046 -6.2846030379 -6.2786276549 -6.2784736796 -6.2724030695 -6.2722610938 -6.1706701872 -6.1705137929 -6.1617096834 -6.1613120752 -6.1612302082 -6.1611825049 -6.1590395986 -6.1570644760 -6.1529579452 -6.1514899690 -6.1496805907 -6.1484125538 -6.1472755476 -6.1412997173 -6.1374610525 -6.1332345793 -6.1294514331 -6.1293733843 -6.1258946742 -6.1214076872 -6.1137622979 -6.1137285471 -6.1069721442 -6.1061323458 -6.1059604831 -6.1043330663 -6.1030778091 -6.0985242406 -6.0971265606 -6.0944775889 -6.0943566196 -6.0934440575 -6.0853822819 -6.0853252783 -6.0784851270 -6.0738373157 -6.0692428009 -6.0674114099 -6.0444918529 -6.0438538001 -6.0421413260 -6.0380626003 -6.0374220351 -6.0364124361 -6.0348404262 -6.0326500321 -6.0322981093 -6.0315069371 -6.0279356592 -6.0272454478 -6.0240696758 -6.0236845331 -6.0212537795 -6.0184701926 -6.0143350932 -6.0126052158 -6.0112639673 -6.0070362660 -6.0064327212 -6.0053599776 -6.0043658492 -6.0040267123 -5.9998557579 -5.9970918784 -5.9947223102 -5.9928555271 -5.9853568633 -5.9842972439 -5.9827465579 -5.9824811054 -5.9740427533 -5.9736795075 -5.9709884841 -5.9707792454 -5.9679439378 -5.9648229952 -5.9630637719 -5.9611518467 -5.9600361243 -5.9595479874 -5.9585233802 -5.9570714399 -5.9561825558 -5.9541396786 -5.9528593708 -5.9525063306 -5.9470037202 -5.9464422764 -5.9461199721 -5.9446856575 -5.9384174308 -5.9378368676 -5.9305258391 -5.9295946653 -5.9278367984 -5.9262148857 -5.9198487457 -5.9161736083 -5.9152719141 -5.9135028312 -5.9117268555 -5.9111504932 -5.9100894515 -5.9095787504 -5.9058779726 -5.9057676970 -5.9011389466 -5.8979280161 -5.8946710676 -5.8937592244 -5.8916741568 -5.8901329499 -5.8892010666 -5.8856564504 -5.8794917886 -5.8791900456 -5.8768092865 -5.8757837471 -5.8724116831 -5.8713533064 -5.8692041898 -5.8677342423 -5.8641956990 -5.8596109133 -5.8574412823 -5.8568313186 -5.8534435025 -5.8494067698 -5.8481457902 -5.8426510204 -5.8383962112 -5.8337912867 -5.8276131462 -5.8238829412 -5.8198551490 -5.8179058391 -5.8005580886 -5.7940645240 -5.7919313553 -5.7827956200 -5.7796438409 -5.7770531986 -5.7743930711 -5.7706304947 -5.7682859017 -5.7622113300 -5.7542414840 -5.7514057499
-6.5962924057 -6.5724104215 -6.5666647320 -6.5612607028 -6.5508072989 -6.5507844601 -6.5368135321 -6.5368063285 -6.4988106488 -6.4987267325 -6.4860180989 -6.4859625696 -6.4262680727 -6.4261800174 -6.4165716295 -6.4165105037 -6.3781288596 -6.3780914190 -6.3740523382 -6.3687252943 -6.3687233190 -6.3641767978 -6.3448769359 -6.3307945141 -6.3304689229 -6.3264570704 -6.3260594800 -6.3245634162 -6.3225294332 -6.3200078468 -6.2922768108 -6.2921572974 -6.2814191693 -6.2812002858 -6.2741556697 -6.2740193862 -6.2680085178 -6.2678981210 -6.1655893268 -6.1654333238 -6.1652505681 -6.1649559709 -6.1625662451 -6.1605372673 -6.1565480874 -6.1563064575 -6.1562311534 -6.1548896222 -6.1529682095 -6.1517469524 -6.1442943623 -6.1383584250 -6.1341452657 -6.1285904571 -6.1256030916 -6.1239740596 -6.1206830818 -6.1161563272 -6.1125625357 -6.1125216347 -6.1093138552 -6.1047208048 -6.1046402811 -6.1027118621 -6.1003688033 -6.0994734073 -6.0952004525 -6.0940846672 -6.0929206356 -6.0927309677 -6.0843361656 -6.0842726364 -6.0759588174 -6.0714162288 -6.0669906301 -6.0651051921 -6.0468894403 -6.0458160949 -6.0449630543 -6.0399421277 -6.0397084504 -6.0390752555 -6.0347900224 -6.0332127252 -6.0326616837 -6.0311515291 -6.0303557788 -6.0254169522 -6.0241234511 -6.0233473577 -6.0184147696 -6.0153181369 -6.0128324249 -6.0117841977 -6.0097739154 -6.0069196446 -6.0034044056 -6.0028938398 -6.0016089414 -6.0009925619 -6.0002512380 -5.9965075250 -5.9947367190 -5.9904769723 -5.9829783683 -5.9825533790 -5.9811695084 -5.9801407998 -5.9747442487 -5.9736620542 -5.9707094068 -5.9701658790 -5.9696464810 -5.9672318106 -5.9643687264 -5.9632598393 -5.9604805218 -5.9574776522 -5.9570990887 -5.9567738520 -5.9554284362 -5.9527751265 -5.9516048031 -5.9510756243 -5.9475272393 -5.9471686503 -5.9456569838 -5.9445485935 -5.9353334725 -5.9342444251 -5.9318376111 -5.9284643792 -5.9268124994 -5.9237434715 -5.9219152438 -5.9176597718 -5.9164272332 -5.9147167116 -5.9132221385 -5.9123130722 -5.9105604650 -5.9103538642 -5.9065032423 -5.9062273973 -5.8998664199 -5.8970304961 -5.8957318721 -5.8932636181 -5.8918788970 -5.8900033800 -5.8876299842 -5.8834593493 -5.8803171312 -5.8791725136 -5.8776638378 -5.8760393879 -5.8727290927 -5.8711992428 -5.8695249822 -5.8678349925 -5.8628156956 -5.8588346388 -5.8569902693 -5.8562345649 -5.8528533130 -5.8483347188 -5.8463993733 -5.8418890473 -5.8390734839 -5.8349101567 -5.8274718842 -5.8235689187 -5.8189863313 -5.8172216886 -5.8015167135 -5.7959543259 -5.7938623934 -5.7836114635 -5.7802469991 -5.7784887082 -5.7737114781 -5.7716078910 -5.7683768430 -5.7636842513 -5.7516430529 -5.7493840461
-6.5895260992 -6.5658017597 -6.5601005075 -6.5547205970 -6.5467364973 -6.5467105839 -6.5326774253 -6.5326706054 -6.4962165788 -6.4961361822 -6.4835288858 -6.4834752829 -6.4298689794 -6.4297840071 -6.4198146744 -6.4197563949 -6.3827838500 -6.3827459118 -6.3730680538 -6.3730647751 -6.3652850466 -6.3555361332 -6.3534716979 -6.3390202555 -6.3345582354 -6.3281879465 -6.3232114915 -6.3189072191 -6.3176073115 -6.3156664411 -6.2887046237 -6.2885755864 -6.2780585503 -6.2778425286 -6.2696751273 -6.2695553773 -6.2636674317 -6.2635769631 -6.1689755652 -6.1687567841 -6.1661920222 -6.1641022669 -6.1605404668 -6.1603806930 -6.1601758625 -6.1584537572 -6.1564156469 -6.1552074366 -6.1514503542 -6.1513338936 -6.1413007756 -6.1354524430 -6.1309922745 -6.1249600634 -6.1208583707 -6.1186138055 -6.1160046804 -6.1153612905 -6.1113351814 -6.1112748034 -6.1108712332 -6.1057251397 -6.1032816760 -6.1032094035 -6.0986455431 -6.0963445349 -6.0929134407 -6.0925791286 -6.0905254200 -6.0895912670 -6.0833811030 -6.0832937997 -6.0735028269 -6.0690724579 -6.0648682102 -6.0629119474 -6.0497428090 -6.0480118572 -6.0474300997 -6.0429574807 -6.0419953422 -6.0410766647 -6.0377894790 -6.0340296090 -6.0330109167 -6.0326175092 -6.0283197221 -6.0244788748 -6.0242285023 -6.0217300016 -6.0154622460 -6.0145249147 -6.0121207785 -6.0094651464 -6.0082321849 -6.0069948116 -6.0025437426 -5.9999910770 -5.9994448779 -5.9987481361 -5.9977104768 -5.9972093524 -5.9923560072 -5.9880851044 -5.9810957827 -5.9806010218 -5.9796084612 -5.9776524269 -5.9768822994 -5.9745713543 -5.9714246583 -5.9700802460 -5.9694764651 -5.9688841104 -5.9673947640 -5.9660566707 -5.9582549118 -5.9569515667 -5.9567500975 -5.9548082829 -5.9537779046 -5.9518603941 -5.9505253339 -5.9489283807 -5.9482603182 -5.9478798159 -5.9450794730 -5.9443421005 -5.9341542696 -5.9320002782 -5.9307280920 -5.9304141032 -5.9241342141 -5.9232589248 -5.9199142861 -5.9195302293 -5.9176329821 -5.9159452650 -5.9146569554 -5.9136434879 -5.9112411111 -5.9111008188 -5.9069749439 -5.9066324663 -5.9010642492 -5.8970299486 -5.8960361258 -5.8939125908 -5.8906972687 -5.8883271100 -5.8851563387 -5.8822633482 -5.8818144026 -5.8797533748 -5.8788516507 -5.8755992959 -5.8729851962 -5.8721196804 -5.8686490505 -5.8669132387 -5.8616002802 -5.8581093785 -5.8564540539 -5.8552163049 -5.8521151707 -5.8472873247 -5.8446337575 -5.8425009803 -5.8386341225 -5.8359444449 -5.8270965206 -5.8232817055 -5.8182010006 -5.8165779014 -5.8026599807 -5.7979959549 -5.7958922579 -5.7850776898 -5.7813517210 -5.7800941688 -5.7743083597 -5.7720438074 -5.7674047242 -5.7651081689 -5.7490237039 -5.7472657941
-6.5826779802 -6.5591250317 -6.5534593447 -6.5481064614 -6.5425243551 -6.5424927185 -6.5283387590 -6.5283321269 -6.4936518120 -6.4935750251 -6.4811021975 -6.4810502829 -6.4333428179 -6.4332611936 -6.4228550967 -6.4227993997 -6.3875471051 -6.3875083801 -6.3775721039 -6.3775683368 -6.3620537524 -6.3564895541 -6.3472387250 -6.3468369814 -6.3426508397 -6.3363636261 -6.3160364284 -6.3119140078 -6.3106512814 -6.3088633875 -6.2851789960 -6.2850306832 -6.2747139344 -6.2744962974 -6.2652288169 -6.2651198630 -6.2594234891 -6.2593447911 -6.1727983584 -6.1726519629 -6.1698926179 -6.1677408806 -6.1639562549 -6.1621542365 -6.1600134744 -6.1587971377 -6.1555531053 -6.1553642182 -6.1466705599 -6.1464983406 -6.1382875151 -6.1325602089 -6.1279116835 -6.1223138537 -6.1218229567 -6.1157635110 -6.1133780635 -6.1121774487 -6.1108165934 -6.1099519825 -6.1098493429 -6.1058409965 -6.1018641908 -6.1017912939 -6.0946468295 -6.0926455049 -6.0914828659 -6.0912980196 -6.0872414756 -6.0862062119 -6.0824550738 -6.0822747652 -6.0711341532 -6.0668305442 -6.0628813985 -6.0608428289 -6.0528395763 -6.0504383264 -6.0497437805 -6.0461024869 -6.0443263848 -6.0432546899 -6.0406893394 -6.0368517460 -6.0333224247 -6.0330355980 -6.0259199637 -6.0248295865 -6.0237930873 -6.0190073647 -6.0163283974 -6.0124697129 -6.0108077687 -6.0089021056 -6.0061760135 -6.0049837538 -6.0033906167 -6.0007811465 -5.9964840221 -5.9960279571 -5.9946980169 -5.9941135339 -5.9899371971 -5.9856949633 -5.9812088551 -5.9792872776 -5.9783097498 -5.9776866582 -5.9763322316 -5.9751570198 -5.9730864532 -5.9726325070 -5.9691133191 -5.9686683208 -5.9684709122 -5.9676770410 -5.9572327316 -5.9568697559 -5.9553886681 -5.9526373511 -5.9521510367 -5.9511212440 -5.9495458328 -5.9486153099 -5.9485632638 -5.9466305417 -5.9445871420 -5.9441261273 -5.9364828010 -5.9328804701 -5.9286230440 -5.9267703283 -5.9262958287 -5.9218149309 -5.9205335991 -5.9184381349 -5.9181611271 -5.9160212639 -5.9152135546 -5.9150694995 -5.9119884416 -5.9117456547 -5.9073627871 -5.9069368630 -5.9039146947 -5.8992077144 -5.8954155100 -5.8921467997 -5.8890622531 -5.8868365746 -5.8838505451 -5.8833851694 -5.8822919673 -5.8808639033 -5.8781736586 -5.8770724535 -5.8724523913 -5.8712241568 -5.8677011631 -5.8659917690 -5.8605247783 -5.8574088987 -5.8557527280 -5.8539872775 -5.8513507278 -5.8465293761 -5.8433980210 -5.8427868131 -5.8390390682 -5.8355699966 -5.8266617595 -5.8230832827 -5.8175171016 -5.8159731156 -5.8039710366 -5.8001510711 -5.7979801911 -5.7868674789 -5.7830364031 -5.7816287094 -5.7765972953 -5.7715552718 -5.7662062262 -5.7659678831 -5.7464698780 -5.7451240783
-6.5757482782 -6.5523808426 -6.5467423260 -6.5414252527 -6.5381822975 -6.5381361046 -6.5238091581 -6.5238025011 -6.4911097084 -6.4910366317 -6.4787331268 -6.4786827002 -6.4366996887 -6.4366214052 -6.4257142889 -6.4256606434 -6.3924019389 -6.3923624120 -6.3822249578 -6.3822209301 -6.3706177432 -6.3554412062 -6.3507305875 -6.3476729053 -6.3445293530 -6.3380891373 -6.3089602222 -6.3050946243 -6.3037107433 -6.3021225331 -6.2816623494 -6.2814840739 -6.2713561628 -6.2711345567 -6.2608567829 -6.2607521659 -6.2553101129 -6.2552379626 -6.1767452031 -6.1766481829 -6.1736618161 -6.1714534274 -6.1677773016 -6.1659534511 -6.1637547746 -6.1625179426 -6.1506440594 -6.1504446702 -6.1419831249 -6.1417268829 -6.1352426849 -6.1296711602 -6.1290504147 -6.1248656012 -6.1188517002 -6.1188066888 -6.1106763374 -6.1087594337 -6.1086845097 -6.1081363659 -6.1058466859 -6.1009720955 -6.1004600956 -6.1002720717 -6.0916243587 -6.0911259508 -6.0895014263 -6.0878432490 -6.0841149813 -6.0834475704 -6.0812586159 -6.0806611258 -6.0688625415 -6.0647078238 -6.0610383501 -6.0589160547 -6.0560140692 -6.0530430518 -6.0520972111 -6.0491556498 -6.0468750811 -6.0456161614 -6.0434544781 -6.0398503844 -6.0335890471 -6.0333105466 -6.0255737852 -6.0253029447 -6.0214768184 -6.0182570323 -6.0161042695 -6.0127401991 -6.0095740513 -6.0065468487 -6.0058696363 -6.0035814340 -6.0027857465 -6.0010880969 -5.9931358290 -5.9927030045 -5.9916837668 -5.9909755290 -5.9874641346 -5.9843333602 -5.9832222246 -5.9812532823 -5.9776424872 -5.9767395550 -5.9759451055 -5.9757487138 -5.9748973278 -5.9726629222 -5.9688980094 -5.9684005045 -5.9681028508 -5.9677358919 -5.9571030847 -5.9568817472 -5.9532011158 -5.9513929434 -5.9505945484 -5.9503022815 -5.9498472873 -5.9489491441 -5.9470639385 -5.9446512645 -5.9441537983 -5.9436698441 -5.9388748540 -5.9351199458 -5.9287170819 -5.9252692992 -5.9240810124 -5.9233572107 -5.9207314326 -5.9195685190 -5.9177503608 -5.9167675321 -5.9158566159 -5.9128236417 -5.9125898669 -5.9115298309 -5.9077806947 -5.9070882755 -5.9064035675 -5.9023645065 -5.8936787760 -5.8904582955 -5.8878179049 -5.8869444859 -5.8848764106 -5.8843594749 -5.8820696881 -5.8801729607 -5.8799874694 -5.8759673600 -5.8711759970 -5.8697847409 -5.8669047135 -5.8651939608 -5.8595326668 -5.8566949089 -5.8549431094 -5.8527382601 -5.8506386589 -5.8465789982 -5.8432478940 -5.8413775298 -5.8399487368 -5.8341866794 -5.8262491642 -5.8230136162 -5.8169530564 -5.8153995495 -5.8054638502 -5.8023706026 -5.8000688730 -5.7888634582 -5.7851522461 -5.7830889406 -5.7791277720 -5.7722166225 -5.7656849664 -5.7649171415 -5.7440237768 -5.7430091067
-6.5687373540 -6.5455699213 -6.5399509491 -6.5347363681 -6.5337230206 -6.5335950854 -6.5191032366 -6.5190963375 -6.4885826608 -6.4885134058 -6.4764166598 -6.4763675573 -6.4399517066 -6.4398765724 -6.4284148867 -6.4283626413 -6.3973316218 -6.3972913016 -6.3870147963 -6.3870105388 -6.3791585492 -6.3636239916 -6.3587934114 -6.3526797361 -6.3388426152 -6.3292978253 -6.3020017331 -6.2984392000 -6.2968349951 -6.2954423892 -6.2781213939 -6.2779002176 -6.2679619987 -6.2677346346 -6.2565958746 -6.2564903861 -6.2513540214 -6.2512854171 -6.1808084908 -6.1807370124 -6.1774959059 -6.1752369232 -6.1716702494 -6.1698483097 -6.1676309074 -6.1663635455 -6.1458048534 -6.1455961920 -6.1374145383 -6.1370251431 -6.1359485586 -6.1321445986 -6.1267773706 -6.1256747386 -6.1218355910 -6.1158805410 -6.1073506729 -6.1073045800 -6.1056410806 -6.1033501816 -6.1011802440 -6.0990811689 -6.0990150539 -6.0959572804 -6.0905152195 -6.0903411737 -6.0857749945 -6.0838433321 -6.0822636260 -6.0820148763 -6.0788046395 -6.0776936835 -6.0666949055 -6.0627260450 -6.0593797642 -6.0592046471 -6.0572238429 -6.0557041830 -6.0545254072 -6.0521161060 -6.0496094042 -6.0481386292 -6.0461124730 -6.0428298032 -6.0338424898 -6.0335582196 -6.0260664055 -6.0258085131 -6.0203029014 -6.0184216372 -6.0148926461 -6.0131731095 -6.0086378800 -6.0068413536 -6.0053049132 -6.0029063990 -6.0005813823 -5.9983686091 -5.9898662695 -5.9894622319 -5.9887938120 -5.9881338228 -5.9876187115 -5.9849241125 -5.9845934246 -5.9810705088 -5.9805025477 -5.9802112608 -5.9749246126 -5.9742543516 -5.9733288043 -5.9702268879 -5.9686010061 -5.9682818749 -5.9675366707 -5.9671920421 -5.9570326577 -5.9568807679 -5.9515705781 -5.9512177503 -5.9504949157 -5.9498633209 -5.9491915443 -5.9475011064 -5.9450178739 -5.9440096125 -5.9439372602 -5.9417547757 -5.9412552125 -5.9373835913 -5.9310686570 -5.9267382818 -5.9230889470 -5.9226245650 -5.9203810992 -5.9196624320 -5.9183884646 -5.9183080282 -5.9146925697 -5.9134334430 -5.9117105511 -5.9099447860 -5.9097240889 -5.9078102939 -5.9054701605 -5.9047579943 -5.8919700125 -5.8893012891 -5.8888678708 -5.8881655606 -5.8854363811 -5.8844444167 -5.8826413284 -5.8815916840 -5.8775956192 -5.8744107982 -5.8698458455 -5.8680108929 -5.8662106858 -5.8645583640 -5.8585848668 -5.8559583782 -5.8542342509 -5.8516760579 -5.8498787950 -5.8472010705 -5.8426348599 -5.8412451290 -5.8391130094 -5.8326224702 -5.8258987174 -5.8230943358 -5.8165310751 -5.8148522058 -5.8071835199 -5.8046049835 -5.8020610127 -5.7910139349 -5.7875154057 -5.7845672853 -5.7817545062 -5.7738387101 -5.7645654527 -5.7636369874 -5.7417103108 -5.7409576292
-6.5616456893 -6.5386932222 -6.5330878823 -6.5292430170 -6.5291597022 -6.5276813830 -6.5142380392 -6.5142306833 -6.4860618083 -6.4859964996 -6.4741475124 -6.4740996076 -6.4431131479 -6.4430408743 -6.4309797496 -6.4309282610 -6.4023186202 -6.4022775309 -6.3919315614 -6.3919250856 -6.3876694387 -6.3717811084 -6.3668358306 -6.3608097684 -6.3300064777 -6.3204722689 -6.2951826117 -6.2919393478 -6.2900845687 -6.2888164661 -6.2745260822 -6.2742430111 -6.2645130643 -6.2642768282 -6.2524810338 -6.2523712829 -6.2475776241 -6.2475111479 -6.1849745327 -6.1849107146 -6.1813970850 -6.1790911108 -6.1756333263 -6.1738341423 -6.1716291416 -6.1703241581 -6.1429939812 -6.1410404324 -6.1408240285 -6.1330138362 -6.1327126733 -6.1323972848 -6.1289499275 -6.1238734156 -6.1188106185 -6.1129480859 -6.1059784765 -6.1059432241 -6.1007994707 -6.0987505107 -6.0978450777 -6.0976732453 -6.0963215973 -6.0913648607 -6.0898389944 -6.0896014578 -6.0821978538 -6.0816931319 -6.0809911820 -6.0793055119 -6.0753739243 -6.0741503689 -6.0646392253 -6.0624572358 -6.0608770028 -6.0589210631 -6.0580129465 -6.0567650346 -6.0555525536 -6.0548523714 -6.0524583168 -6.0507789437 -6.0487197776 -6.0457757006 -6.0340810196 -6.0337751631 -6.0267747189 -6.0263626003 -6.0223287996 -6.0172581888 -6.0152336823 -6.0109718792 -6.0101312158 -6.0082061399 -6.0036870458 -6.0000277826 -5.9979126489 -5.9956777012 -5.9916377142 -5.9883554666 -5.9866235931 -5.9862867832 -5.9860397463 -5.9848866685 -5.9845203864 -5.9842508835 -5.9822500152 -5.9783942514 -5.9735601247 -5.9728983075 -5.9710249298 -5.9685754524 -5.9681657599 -5.9676031699 -5.9669617376 -5.9665700122 -5.9569426659 -5.9568313093 -5.9521231347 -5.9515897363 -5.9497691211 -5.9493994917 -5.9476328137 -5.9455139679 -5.9444587377 -5.9434714143 -5.9430756656 -5.9427835356 -5.9396782634 -5.9394280828 -5.9334954622 -5.9292311474 -5.9245323279 -5.9235667581 -5.9210911228 -5.9203829588 -5.9179045444 -5.9157019637 -5.9146596987 -5.9139752920 -5.9125248100 -5.9108148332 -5.9089289703 -5.9083964014 -5.9067185617 -5.9014886529 -5.8915443834 -5.8905746218 -5.8899578029 -5.8886579571 -5.8863995004 -5.8851091124 -5.8825697246 -5.8800534416 -5.8753206594 -5.8730929155 -5.8684539270 -5.8666308557 -5.8651105016 -5.8640224657 -5.8577543691 -5.8552372448 -5.8538919336 -5.8508364052 -5.8488813898 -5.8478746057 -5.8426034042 -5.8404970083 -5.8375592348 -5.8310692688 -5.8256433742 -5.8233131678 -5.8162930203 -5.8143385591 -5.8091440436 -5.8068377710 -5.8038244101 -5.7932920295 -5.7900399565 -5.7860836285 -5.7844363499 -5.7758706784 -5.7632056179 -5.7623854423 -5.7395460492 -5.7389976712
-6.5544738812 -6.5317522618 -6.5261640590 -6.5245447299 -6.5245000809 -6.5208101330 -6.5092325706 -6.5092245448 -6.4835366586 -6.4834754353 -6.4719199237 -6.4718731299 -6.4462005545 -6.4461308252 -6.4334314639 -6.4333801769 -6.4073440960 -6.4073022753 -6.3969995349 -6.3969514233 -6.3961099717 -6.3799077033 -6.3748543672 -6.3689148157 -6.3211730991 -6.3116226002 -6.2885278353 -6.2856035611 -6.2835123701 -6.2822395582 -6.2708477700 -6.2704719924 -6.2609947575 -6.2607434533 -6.2485472166 -6.2484314329 -6.2440003905 -6.2439357828 -6.1892253404 -6.1891602462 -6.1853716046 -6.1830166962 -6.1796668742 -6.1779113232 -6.1757355032 -6.1743892623 -6.1501714311 -6.1399338393 -6.1363560330 -6.1361334172 -6.1288675316 -6.1278507595 -6.1255776110 -6.1209550222 -6.1157834926 -6.1100183516 -6.1046335168 -6.1046013876 -6.0965543797 -6.0964910364 -6.0960463842 -6.0942058886 -6.0918063035 -6.0893990361 -6.0892807580 -6.0864138425 -6.0812428813 -6.0811890372 -6.0773386195 -6.0751523371 -6.0717192521 -6.0704721414 -6.0656370456 -6.0627036707 -6.0619346457 -6.0600200571 -6.0590701392 -6.0579235912 -6.0561830590 -6.0555396037 -6.0540623786 -6.0531967988 -6.0512899581 -6.0486828260 -6.0343037745 -6.0339532312 -6.0276952052 -6.0269662803 -6.0242951519 -6.0196168678 -6.0134543778 -6.0119988991 -6.0108319227 -6.0072376144 -6.0010120396 -5.9972445709 -5.9957256485 -5.9949899126 -5.9932127742 -5.9919782032 -5.9886511742 -5.9882621366 -5.9835801742 -5.9834616235 -5.9831427877 -5.9819002757 -5.9795755614 -5.9759822885 -5.9722407994 -5.9716182952 -5.9688998304 -5.9681863259 -5.9681186239 -5.9664779841 -5.9661102443 -5.9650800320 -5.9568465521 -5.9567039351 -5.9529813863 -5.9523695532 -5.9492608033 -5.9489404696 -5.9466663614 -5.9456660860 -5.9442230998 -5.9433418488 -5.9420409606 -5.9418821168 -5.9405065498 -5.9370957714 -5.9359539867 -5.9317040581 -5.9262259062 -5.9252907530 -5.9229041384 -5.9221377550 -5.9169848045 -5.9159763118 -5.9145256876 -5.9135926004 -5.9124419777 -5.9117839495 -5.9097270257 -5.9083413431 -5.9040058653 -5.8978957940 -5.8937996630 -5.8927462766 -5.8901618203 -5.8897457044 -5.8875331083 -5.8842045229 -5.8810584786 -5.8783477603 -5.8732994637 -5.8719679138 -5.8669816911 -5.8661390150 -5.8641411012 -5.8626082239 -5.8573727041 -5.8545979291 -5.8537091503 -5.8501874753 -5.8485996835 -5.8473686403 -5.8425015436 -5.8391954780 -5.8360082737 -5.8296315091 -5.8255389765 -5.8235821414 -5.8163519293 -5.8139084006 -5.8112060307 -5.8090480266 -5.8052724374 -5.7956833771 -5.7926704805 -5.7876306032 -5.7871488112 -5.7780818029 -5.7618382791 -5.7611874717 -5.7375428052 -5.7371511830
-6.5472226407 -6.5247504376 -6.5198829628 -6.5198058029 -6.5190649399 -6.5138277481 -6.5041075486 -6.5040986281 -6.4809945739 -6.4809375924 -6.4697273704 -6.4696816448 -6.4492328719 -6.4491653936 -6.4357923552 -6.4357408272 -6.4123873327 -6.4123448101 -6.4046310472 -6.4020763110 -6.4020504597 -6.3879993649 -6.3828457601 -6.3769905410 -6.3123519361 -6.3027609863 -6.2820665304 -6.2794608515 -6.2771465576 -6.2757237581 -6.2670567284 -6.2665393627 -6.2573954009 -6.2571183288 -6.2448314553 -6.2447091366 -6.2406395228 -6.2405775092 -6.1935418321 -6.1934721402 -6.1894287540 -6.1870146147 -6.1837732003 -6.1820832791 -6.1799357722 -6.1785486461 -6.1574660735 -6.1473260478 -6.1317562375 -6.1315308494 -6.1250733746 -6.1233924433 -6.1219406777 -6.1180138428 -6.1127488834 -6.1070851764 -6.1033176153 -6.1032873505 -6.0952799714 -6.0952464361 -6.0915640717 -6.0903054624 -6.0892730492 -6.0885860548 -6.0868669388 -6.0820935502 -6.0808776993 -6.0807122382 -6.0732658853 -6.0709134673 -6.0688179507 -6.0680157632 -6.0667627965 -6.0649912884 -6.0627594239 -6.0610952305 -6.0606285537 -6.0585019713 -6.0574725136 -6.0566472372 -6.0552192228 -6.0535586570 -6.0524485753 -6.0513819207 -6.0345178429 -6.0340856809 -6.0289925842 -6.0276173555 -6.0259835998 -6.0220696885 -6.0159845979 -6.0136384756 -6.0088487973 -6.0042867778 -5.9993877704 -5.9984786812 -5.9961504005 -5.9944983821 -5.9930373835 -5.9924833049 -5.9921847551 -5.9903697928 -5.9809810986 -5.9806558259 -5.9801776371 -5.9790370295 -5.9768542157 -5.9735803993 -5.9710296198 -5.9705181104 -5.9684759866 -5.9681499226 -5.9663340853 -5.9659999894 -5.9655026820 -5.9626814076 -5.9568002973 -5.9565128774 -5.9538736179 -5.9532045770 -5.9496464024 -5.9485529215 -5.9482051142 -5.9449474651 -5.9442493207 -5.9438097131 -5.9419898259 -5.9398065730 -5.9384433658 -5.9381914997 -5.9347207965 -5.9341165038 -5.9280158148 -5.9271453295 -5.9248417762 -5.9240130504 -5.9192216530 -5.9160278126 -5.9153317951 -5.9149388654 -5.9127621091 -5.9116080702 -5.9076300909 -5.9065957385 -5.9009984448 -5.8963127015 -5.8950699618 -5.8943311123 -5.8923412657 -5.8918779850 -5.8861536404 -5.8828425024 -5.8793543656 -5.8766907686 -5.8718079781 -5.8707926168 -5.8663505393 -5.8649657516 -5.8639569835 -5.8603797871 -5.8576974286 -5.8542394534 -5.8531213459 -5.8503374177 -5.8478581947 -5.8460550401 -5.8420961496 -5.8377833882 -5.8345219342 -5.8284813319 -5.8256477123 -5.8237039331 -5.8169776327 -5.8140643059 -5.8127306173 -5.8109976642 -5.8064208051 -5.7981778051 -5.7953506296 -5.7898739952 -5.7891924748 -5.7803809350 -5.7605463955 -5.7600616143 -5.7357091918 -5.7354356164
-6.5398927951 -6.5177012198 -6.5150809929 -6.5150121142 -6.5120291440 -6.5067662381 -6.4988855389 -6.4988754614 -6.4784200593 -6.4783674961 -6.4675621428 -6.4675174928 -6.4522316739 -6.4521662138 -6.4380850467 -6.4380329167 -6.4174252888 -6.4173818990 -6.4130285667 -6.4072859125 -6.4072686995 -6.3960520922 -6.3908069080 -6.3850328917 -6.3035536495 -6.2939024893 -6.2758329823 -6.2735629518 -6.2709839078 -6.2693010486 -6.2631192997 -6.2623917396 -6.2537055675 -6.2533868207 -6.2413749850 -6.2412466463 -6.2375103562 -6.2374526903 -6.1979029023 -6.1978286071 -6.1935810700 -6.1910855928 -6.1879561281 -6.1863545692 -6.1842171297 -6.1827934722 -6.1648562198 -6.1548780404 -6.1272466982 -6.1270228885 -6.1216088749 -6.1190322754 -6.1180762587 -6.1150362928 -6.1097025835 -6.1041468448 -6.1020423579 -6.1020123257 -6.0941221192 -6.0940889811 -6.0891407642 -6.0889068898 -6.0870519049 -6.0856038261 -6.0826312807 -6.0807137276 -6.0803813210 -6.0774457261 -6.0719840565 -6.0692061690 -6.0680918648 -6.0666680020 -6.0656176833 -6.0643311695 -6.0639544529 -6.0630258704 -6.0615522411 -6.0596658903 -6.0587788910 -6.0571813896 -6.0562475118 -6.0543297052 -6.0532104184 -6.0509864806 -6.0347601609 -6.0341689340 -6.0307487162 -6.0283501974 -6.0272640230 -6.0245102323 -6.0186999520 -6.0165473039 -6.0056512390 -6.0032735380 -6.0013280220 -6.0003530746 -5.9971392908 -5.9966142873 -5.9955429692 -5.9916315008 -5.9901667550 -5.9879120725 -5.9785975619 -5.9778939776 -5.9773754757 -5.9762546419 -5.9741551365 -5.9713121102 -5.9699731967 -5.9697801512 -5.9683196055 -5.9681463232 -5.9657214376 -5.9651750741 -5.9638300326 -5.9602657311 -5.9570019089 -5.9563358085 -5.9546771642 -5.9540136075 -5.9516290765 -5.9482386473 -5.9481334756 -5.9469971403 -5.9442057969 -5.9439158114 -5.9408652788 -5.9398177136 -5.9374774898 -5.9364620587 -5.9358337083 -5.9323691555 -5.9298714500 -5.9290539907 -5.9268700461 -5.9259383743 -5.9217417953 -5.9180525518 -5.9162150607 -5.9159327181 -5.9125610919 -5.9119847720 -5.9049242377 -5.9034912316 -5.8988035876 -5.8981473817 -5.8973770048 -5.8950058111 -5.8939335360 -5.8911051073 -5.8844603773 -5.8814827295 -5.8775376894 -5.8751848963 -5.8709781380 -5.8694671932 -5.8663683187 -5.8641765083 -5.8628233142 -5.8593030366 -5.8573305823 -5.8545642894 -5.8521308630 -5.8502637701 -5.8465457308 -5.8447125922 -5.8414990335 -5.8363868795 -5.8331309359 -5.8279690050 -5.8258049999 -5.8235432764 -5.8183746503 -5.8158512228 -5.8129464116 -5.8120163603 -5.8073290524 -5.8007527471 -5.7980183602 -5.7925887078 -5.7907550590 -5.7827196743 -5.7593646623 -5.7590224867 -5.7340512442 -5.7338648833
-6.5324852945 -6.5108054569 -6.5102904326 -6.5099786506 -6.5048868403 -6.4996312403 -6.4935917096 -6.4935801375 -6.4757937685 -6.4757458222 -6.4654147143 -6.4653711989 -6.4552214272 -6.4551578449 -6.4403337876 -6.4402806421 -6.4224405657 -6.4223899224 -6.4213732892 -6.4125643958 -6.4125486464 -6.4040622606 -6.3987348453 -6.3930380741 -6.2947906299 -6.2850667767 -6.2698664581 -6.2679767815 -6.2649984653 -6.2630067257 -6.2589963889 -6.2579853096 -6.2499177703 -6.2495365788 -6.2382252566 -6.2380921600 -6.2346272662 -6.2345768231 -6.2022827180 -6.2022073290 -6.1978461224 -6.1952299760 -6.1922201671 -6.1907283442 -6.1885704965 -6.1871174699 -6.1723114970 -6.1625743213 -6.1228342069 -6.1226194464 -6.1183404045 -6.1147860790 -6.1141470970 -6.1119916882 -6.1066416626 -6.1012334508 -6.1008180122 -6.1007619925 -6.0930586506 -6.0930237696 -6.0888426951 -6.0887222913 -6.0831413337 -6.0820367986 -6.0808367678 -6.0801448023 -6.0774271099 -6.0751392866 -6.0732029850 -6.0711956303 -6.0685296548 -6.0669870505 -6.0652366594 -6.0646444120 -6.0625408764 -6.0624370049 -6.0607015116 -6.0601649984 -6.0593966917 -6.0579185106 -6.0567183206 -6.0542501956 -6.0522177748 -6.0499421220 -6.0352146865 -6.0342056098 -6.0326114790 -6.0293737572 -6.0282966196 -6.0266819922 -6.0215336721 -6.0195564063 -6.0071697490 -6.0043919874 -6.0024329939 -6.0013577629 -6.0006872720 -5.9983457712 -5.9932283244 -5.9890514488 -5.9877738853 -5.9855449891 -5.9762886793 -5.9753455676 -5.9748695511 -5.9735641350 -5.9715658484 -5.9699690352 -5.9696779078 -5.9686424551 -5.9678833266 -5.9676212898 -5.9654718419 -5.9647206313 -5.9615296032 -5.9579410943 -5.9578907644 -5.9563455199 -5.9551870763 -5.9547252020 -5.9532871143 -5.9493839802 -5.9479887499 -5.9478610513 -5.9442217003 -5.9440918762 -5.9429469384 -5.9387562707 -5.9374427337 -5.9350363432 -5.9335324392 -5.9317944503 -5.9310131145 -5.9299718108 -5.9289607661 -5.9278804872 -5.9242735570 -5.9209209214 -5.9166649538 -5.9164458523 -5.9127784037 -5.9124389494 -5.9020889534 -5.9013316631 -5.9002282559 -5.8995691482 -5.8977270965 -5.8970955318 -5.8942430598 -5.8883526204 -5.8827660316 -5.8802438251 -5.8755994297 -5.8739175460 -5.8704648578 -5.8686164522 -5.8661010470 -5.8643376531 -5.8608636555 -5.8599027422 -5.8562838542 -5.8543619822 -5.8511882282 -5.8494762200 -5.8451838052 -5.8433953902 -5.8407230474 -5.8351427990 -5.8319041462 -5.8281976910 -5.8258495860 -5.8233683834 -5.8200476812 -5.8180215476 -5.8134191958 -5.8118735446 -5.8080454711 -5.8033382133 -5.8006110586 -5.7952663048 -5.7922976817 -5.7850637805 -5.7583098740 -5.7580819131 -5.7325725525 -5.7324498965
-6.5250012250 -6.5055701500 -6.5055038229 -6.5032213275 -6.4976744363 -6.4924253461 -6.4882556266 -6.4882421032 -6.4730911121 -6.4730480030 -6.4632732006 -6.4632308633 -6.4582291585 -6.4581674512 -6.4425674034 -6.4425121318 -6.4297206882 -6.4273554729 -6.4273135478 -6.4178927246 -6.4178766684 -6.4120265703 -6.4066267037 -6.4010025299 -6.2860778419 -6.2762820088 -6.2642056462 -6.2627471355 -6.2591541296 -6.2568700417 -6.2546474352 -6.2533186277 -6.2460272693 -6.2455595396 -6.2354374073 -6.2353007070 -6.2320066138 -6.2319669880 -6.2066465725 -6.2065780130 -6.2022503141 -6.1994478341 -6.1965693276 -6.1952033571 -6.1929933435 -6.1915185496 -6.1797858253 -6.1703954219 -6.1185275509 -6.1183356578 -6.1151574510 -6.1106966505 -6.1103150374 -6.1088038317 -6.1035660342 -6.0996862038 -6.0996580693 -6.0982143399 -6.0921064939 -6.0920678007 -6.0887130832 -6.0886222574 -6.0813826254 -6.0809702147 -6.0783690743 -6.0781791869 -6.0775784718 -6.0743121244 -6.0731435858 -6.0714836448 -6.0701156813 -6.0689888683 -6.0677505624 -6.0655632268 -6.0629544189 -6.0615591284 -6.0607788592 -6.0583567381 -6.0572819372 -6.0563761552 -6.0541576516 -6.0528885878 -6.0512044639 -6.0490011176 -6.0365102787 -6.0342197650 -6.0337496881 -6.0311912210 -6.0291690929 -6.0281325237 -6.0244628723 -6.0226317199 -6.0110746529 -6.0084722040 -6.0056384888 -6.0048175614 -5.9992103393 -5.9954673492 -5.9908698999 -5.9865343667 -5.9854608331 -5.9833018821 -5.9740597632 -5.9731786683 -5.9730161640 -5.9710242247 -5.9700749324 -5.9694383278 -5.9689916294 -5.9675172332 -5.9673638971 -5.9662842343 -5.9650318311 -5.9641217038 -5.9596842010 -5.9592227792 -5.9569374452 -5.9559036101 -5.9556841040 -5.9550280974 -5.9537470771 -5.9515604079 -5.9478301191 -5.9476121485 -5.9457324358 -5.9440149758 -5.9436463468 -5.9409130216 -5.9350653837 -5.9337428013 -5.9331732564 -5.9324313969 -5.9313771110 -5.9308170045 -5.9298995336 -5.9275858366 -5.9267622407 -5.9237730829 -5.9170539940 -5.9168833629 -5.9131369432 -5.9128869707 -5.9038900123 -5.9023869659 -5.9004621131 -5.8990091970 -5.8985962781 -5.8968939833 -5.8918707495 -5.8860970506 -5.8811687234 -5.8792144025 -5.8737159512 -5.8728347493 -5.8701101326 -5.8687336817 -5.8652821682 -5.8644140673 -5.8609971532 -5.8585341407 -5.8568765241 -5.8522974856 -5.8503989680 -5.8482750329 -5.8440662874 -5.8421151223 -5.8396475140 -5.8342999167 -5.8310635813 -5.8284065482 -5.8261772160 -5.8240604624 -5.8214427906 -5.8193370125 -5.8141495389 -5.8114573828 -5.8086280292 -5.8057492066 -5.8030594171 -5.7978639125 -5.7937965826 -5.7873834300 -5.7573909509 -5.7572495440 -5.7312742036 -5.7311987175
-6.5174418342 -6.5007775792 -6.5007474965 -6.4959871439 -6.4903965914 -6.4851507520 -6.4829148470 -6.4828988577 -6.4702804473 -6.4702424026 -6.4613717473 -6.4613183238 -6.4610275457 -6.4609923574 -6.4448291476 -6.4447642652 -6.4379641028 -6.4321873232 -6.4321465023 -6.4232463924 -6.4232287899 -6.4199418953 -6.4144796357 -6.4089229079 -6.2774342215 -6.2675954640 -6.2588727096 -6.2578433166 -6.2534262765 -6.2509212333 -6.2500404921 -6.2484565341 -6.2420361666 -6.2414579338 -6.2330755345 -6.2329336113 -6.2296740064 -6.2296464588 -6.2109416684 -6.2108918806 -6.2068349418 -6.2037392541 -6.2010055550 -6.1997707516 -6.1974932409 -6.1960014255 -6.1872039605 -6.1783150659 -6.1143392452 -6.1141988135 -6.1119927839 -6.1069903903 -6.1065465781 -6.1053694974 -6.1004840759 -6.0986202713 -6.0985937601 -6.0952715313 -6.0912891596 -6.0912410715 -6.0886406448 -6.0885635395 -6.0814434255 -6.0811956722 -6.0810016330 -6.0774051145 -6.0746557326 -6.0744855074 -6.0740632419 -6.0731898994 -6.0708961716 -6.0687982121 -6.0686150851 -6.0660403313 -6.0649065298 -6.0638294331 -6.0583325466 -6.0549568694 -6.0540184918 -6.0535804060 -6.0512889196 -6.0508974507 -6.0498577746 -6.0480659782 -6.0386289500 -6.0344662950 -6.0340525407 -6.0333845089 -6.0299775003 -6.0290723845 -6.0274376632 -6.0256829540 -6.0149785081 -6.0125660124 -6.0099169693 -6.0089870451 -5.9960074523 -5.9926063011 -5.9886075377 -5.9841192643 -5.9832274655 -5.9812222040 -5.9726422451 -5.9721517704 -5.9717013923 -5.9696612379 -5.9687957683 -5.9683042480 -5.9677112799 -5.9669940646 -5.9663682684 -5.9653402006 -5.9639604605 -5.9627831095 -5.9617068222 -5.9582773314 -5.9569264527 -5.9565235476 -5.9556868098 -5.9542371814 -5.9531076878 -5.9525756115 -5.9483091342 -5.9474090093 -5.9469802401 -5.9441093535 -5.9437523899 -5.9427342255 -5.9358445608 -5.9349929630 -5.9333590508 -5.9325108281 -5.9317923844 -5.9301802181 -5.9291359180 -5.9286812874 -5.9265753291 -5.9252528353 -5.9173867391 -5.9172510761 -5.9135257518 -5.9133005968 -5.9064446642 -5.9047224022 -5.9031108023 -5.9011828711 -5.8956342777 -5.8938497011 -5.8893694783 -5.8843301296 -5.8797646348 -5.8784920063 -5.8730054873 -5.8711517068 -5.8698477819 -5.8692333065 -5.8655967238 -5.8632592152 -5.8611998131 -5.8585001246 -5.8555876079 -5.8506438564 -5.8491615696 -5.8469872664 -5.8434201939 -5.8408667498 -5.8382387280 -5.8341797129 -5.8308340196 -5.8280998818 -5.8270092257 -5.8254992326 -5.8227193358 -5.8190347144 -5.8154072795 -5.8110668345 -5.8093968684 -5.8074611052 -5.8052491058 -5.8003131185 -5.7952194624 -5.7896485079 -5.7566127513 -5.7565332129 -5.7301549478 -5.7301162585
-6.5098085871 -6.4960729366 -6.4960534570 -6.4886649944 -6.4830561413 -6.4778220940 -6.4776124696 -6.4776014727 -6.4673234978 -6.4672907829 -6.4644395794 -6.4643822356 -6.4589062846 -6.4588690539 -6.4473780084 -6.4470889731 -6.4459310887 -6.4368606364 -6.4368213318 -6.4285924164 -6.4285704518 -6.4278030302 -6.4222905862 -6.4167960217 -6.2688850804 -6.2591134310 -6.2538597419 -6.2531267016 -6.2478173502 -6.2453466440 -6.2450240886 -6.2435071531 -6.2379712121 -6.2372664679 -6.2312166315 -6.2310576105 -6.2276783643 -6.2276476737 -6.2150902697 -6.2150340041 -6.2116605327 -6.2081041300 -6.2055264332 -6.2044089381 -6.2020964219 -6.2005818913 -6.1944341788 -6.1862943181 -6.1102981379 -6.1102561530 -6.1087848188 -6.1037202993 -6.1027880667 -6.1017806046 -6.0977053115 -6.0976520509 -6.0973773165 -6.0924123651 -6.0906265856 -6.0905208969 -6.0885704286 -6.0884896696 -6.0845464714 -6.0814169517 -6.0812028559 -6.0803524226 -6.0774778977 -6.0763777239 -6.0740470037 -6.0718801904 -6.0709257535 -6.0705738823 -6.0689971992 -6.0669468529 -6.0645896731 -6.0611239869 -6.0560992996 -6.0526011898 -6.0519098149 -6.0497973459 -6.0496505827 -6.0480706016 -6.0476687595 -6.0460169953 -6.0408654763 -6.0365241490 -6.0341319075 -6.0339960472 -6.0310563642 -6.0305760670 -6.0296616667 -6.0283444658 -6.0188696729 -6.0166470774 -6.0141896267 -6.0131602068 -5.9928263466 -5.9898044061 -5.9864582806 -5.9818745530 -5.9810444910 -5.9793938627 -5.9729503585 -5.9725653807 -5.9696373376 -5.9691619394 -5.9679239408 -5.9676712835 -5.9665079403 -5.9658576617 -5.9649098827 -5.9642101491 -5.9639864959 -5.9622048517 -5.9607682073 -5.9601708042 -5.9571513144 -5.9563334179 -5.9549249127 -5.9539406417 -5.9535381541 -5.9505146814 -5.9498104631 -5.9472665719 -5.9467992667 -5.9454524272 -5.9436197123 -5.9431704288 -5.9378069395 -5.9369060408 -5.9355370813 -5.9338225001 -5.9316285964 -5.9299453259 -5.9293383775 -5.9275457234 -5.9263584568 -5.9229410031 -5.9176612031 -5.9175477935 -5.9139011524 -5.9136624772 -5.9089888771 -5.9071395405 -5.9057046677 -5.9034390578 -5.8926794448 -5.8909621414 -5.8870644590 -5.8829874265 -5.8786491892 -5.8781611713 -5.8733852503 -5.8698486056 -5.8696628137 -5.8692073827 -5.8663493676 -5.8622475658 -5.8605885068 -5.8586352359 -5.8534596027 -5.8501415465 -5.8470861402 -5.8457676487 -5.8431901510 -5.8396294168 -5.8370950049 -5.8344935634 -5.8310567037 -5.8291190506 -5.8275458927 -5.8259014323 -5.8231655129 -5.8183357740 -5.8173165079 -5.8116004747 -5.8101523378 -5.8079348397 -5.8069706311 -5.8025015199 -5.7965182409 -5.7918244637 -5.7559776686 -5.7559391403 -5.7292131474 -5.7292029074
-6.5021033131 -6.4914750428 -6.4914577466 -6.4812740126 -6.4756563120 -6.4724752669 -6.4724467664 -6.4703992064 -6.4677106084 -6.4676573875 -6.4641436398 -6.4641144999 -6.4566153883 -6.4565814032 -6.4544671890 -6.4495512417 -6.4494456217 -6.4413188737 -6.4412814493 -6.4356189758 -6.4338682453 -6.4338422852 -6.4300551897 -6.4246187550 -6.2604664053 -6.2512487179 -6.2491760375 -6.2481313760 -6.2423606955 -6.2402756956 -6.2395568890 -6.2385822676 -6.2339991129 -6.2331904555 -6.2299197264 -6.2296859486 -6.2260931760 -6.2260252765 -6.2189561415 -6.2187192914 -6.2167587545 -6.2125372717 -6.2101199595 -6.2090687299 -6.2068776901 -6.2052844647 -6.2012406132 -6.1942680267 -6.1066432161 -6.1063955045 -6.1054635314 -6.1005919630 -6.0992606618 -6.0982802290 -6.0968766784 -6.0968364663 -6.0944535174 -6.0905572505 -6.0901078490 -6.0892277140 -6.0884711361 -6.0881642376 -6.0876427498 -6.0836414916 -6.0818017906 -6.0814592624 -6.0799173350 -6.0793472095 -6.0772058597 -6.0748119106 -6.0722327713 -6.0700297819 -6.0675323296 -6.0674658510 -6.0607301978 -6.0578439831 -6.0541761778 -6.0516517617 -6.0504854503 -6.0478084022 -6.0470963757 -6.0453657241 -6.0443862342 -6.0426664042 -6.0422748285 -6.0390296528 -6.0349595669 -6.0345223519 -6.0329167334 -6.0325309271 -6.0304397570 -6.0297969396 -6.0227291860 -6.0206925012 -6.0184326467 -6.0173194784 -5.9896914640 -5.9870872792 -5.9844359672 -5.9799573498 -5.9788831107 -5.9780487907 -5.9734984012 -5.9733316370 -5.9705703257 -5.9686804288 -5.9674514830 -5.9663846486 -5.9657629376 -5.9647566343 -5.9642753954 -5.9636077712 -5.9625381005 -5.9624522556 -5.9604850888 -5.9591232120 -5.9574410929 -5.9567930384 -5.9551372666 -5.9538432226 -5.9519358634 -5.9510171534 -5.9485208560 -5.9477732879 -5.9466359210 -5.9459712764 -5.9433414084 -5.9429408083 -5.9396740315 -5.9387323628 -5.9377465864 -5.9356681634 -5.9338723164 -5.9320083973 -5.9274428525 -5.9251177761 -5.9240188630 -5.9206968234 -5.9178787019 -5.9177613571 -5.9142574812 -5.9139604593 -5.9114860540 -5.9095840528 -5.9081907328 -5.9057116144 -5.8898241339 -5.8882817222 -5.8850429623 -5.8820212051 -5.8783929578 -5.8778961068 -5.8742668395 -5.8699392341 -5.8694291964 -5.8688329594 -5.8665577735 -5.8623178412 -5.8591399361 -5.8574439283 -5.8514805390 -5.8500824904 -5.8456402882 -5.8443625926 -5.8429540162 -5.8384353345 -5.8374384647 -5.8345877664 -5.8314437764 -5.8309275116 -5.8273913835 -5.8254115711 -5.8227694847 -5.8196829754 -5.8177359092 -5.8136801506 -5.8099528333 -5.8084973931 -5.8074886212 -5.8042493594 -5.7976154993 -5.7938658064 -5.7554863410 -5.7554720734 -5.7284635930 -5.7284416305
-6.4943287504 -6.4870184619 -6.4869992534 -6.4738186314 -6.4712204647 -6.4711646952 -6.4682123451 -6.4674789561 -6.4674268984 -6.4629411356 -6.4625344679 -6.4607252199 -6.4606873534 -6.4541418652 -6.4541133704 -6.4522578947 -6.4521800168 -6.4455127051 -6.4454729396 -6.4433668436 -6.4390063327 -6.4389508483 -6.4377523364 -6.4323877473 -6.2522330012 -6.2453304939 -6.2447994218 -6.2416355712 -6.2371702518 -6.2351610120 -6.2344607548 -6.2338874452 -6.2315362877 -6.2308122420 -6.2283677839 -6.2276762448 -6.2249985186 -6.2248934511 -6.2229573504 -6.2213417881 -6.2210514779 -6.2169835094 -6.2147449195 -6.2136112049 -6.2120083941 -6.2100619768 -6.2072947697 -6.2021113935 -6.1033116230 -6.1027391976 -6.1021064334 -6.0975439069 -6.0964721780 -6.0963452494 -6.0959334107 -6.0950686693 -6.0918969222 -6.0908062405 -6.0901040331 -6.0897099251 -6.0885678716 -6.0881479610 -6.0864266725 -6.0859998203 -6.0835529953 -6.0829697072 -6.0810967986 -6.0808068783 -6.0803075055 -6.0776802943 -6.0752498709 -6.0731114749 -6.0647415953 -6.0647004056 -6.0574656195 -6.0555590757 -6.0519652491 -6.0509033975 -6.0502673870 -6.0471840368 -6.0452601546 -6.0429429165 -6.0421020478 -6.0407877863 -6.0399292618 -6.0386537592 -6.0376490493 -6.0367535248 -6.0334275373 -6.0328306599 -6.0310353166 -6.0304691616 -6.0264938000 -6.0246672374 -6.0225983195 -6.0214365290 -5.9866514642 -5.9844876088 -5.9825570314 -5.9786674432 -5.9779510801 -5.9765886543 -5.9741316338 -5.9738856498 -5.9720102204 -5.9696491779 -5.9673300128 -5.9655942796 -5.9653273567 -5.9646451361 -5.9633838886 -5.9628163310 -5.9622351645 -5.9606439039 -5.9592466613 -5.9588116309 -5.9574398753 -5.9566787863 -5.9557486692 -5.9538593733 -5.9519697732 -5.9496120572 -5.9493878273 -5.9471552669 -5.9462280904 -5.9445303284 -5.9431107537 -5.9427026924 -5.9411145969 -5.9402438020 -5.9399332864 -5.9373868294 -5.9359621517 -5.9346040295 -5.9249548213 -5.9227142143 -5.9217116170 -5.9187719631 -5.9180440858 -5.9177562147 -5.9147308126 -5.9142272143 -5.9136927832 -5.9120353807 -5.9104543482 -5.9079656746 -5.8871021029 -5.8858423346 -5.8833786399 -5.8814260278 -5.8790345320 -5.8782660877 -5.8746529881 -5.8705961539 -5.8692576631 -5.8690980969 -5.8659826229 -5.8629827610 -5.8569739248 -5.8556229408 -5.8504804557 -5.8500051545 -5.8453757663 -5.8428141214 -5.8420612114 -5.8386567525 -5.8376982874 -5.8354673068 -5.8330925060 -5.8296903323 -5.8269545424 -5.8255214132 -5.8219180264 -5.8214508802 -5.8176151937 -5.8160702028 -5.8098696099 -5.8093295523 -5.8071263298 -5.8053584043 -5.7983849490 -5.7957034445 -5.7551380394 -5.7551354650 -5.7278928919 -5.7278555389
-6.4864922097 -6.4827367572 -6.4827144285 -6.4748371516 -6.4747796771 -6.4705601574 -6.4663008844 -6.4629669379 -6.4629207966 -6.4606685031 -6.4570694298 -6.4570491765 -6.4553624234 -6.4553351472 -6.4552709299 -6.4513271864 -6.4513076595 -6.4510891702 -6.4494068310 -6.4493949248 -6.4454918803 -6.4437212272 -6.4437078331 -6.4400974770 -6.2442777287 -6.2407757483 -6.2406346575 -6.2348930461 -6.2340116758 -6.2333671819 -6.2315245348 -6.2299895537 -6.2297050162 -6.2290345764 -6.2284926576 -6.2261714526 -6.2250634308 -6.2240335352 -6.2234327490 -6.2225176224 -6.2214588611 -6.2205530729 -6.2191601061 -6.2175288467 -6.2173835592 -6.2145735994 -6.2124874574 -6.2095563899 -6.1001313823 -6.0994722960 -6.0990636465 -6.0962216712 -6.0961825564 -6.0946863725 -6.0938922703 -6.0935883177 -6.0929206717 -6.0909021036 -6.0903514177 -6.0892720565 -6.0887156318 -6.0880560347 -6.0869150357 -6.0853213901 -6.0850132205 -6.0835418250 -6.0832038628 -6.0816769871 -6.0808782742 -6.0797828890 -6.0779660162 -6.0761386407 -6.0626958433 -6.0626774747 -6.0554576192 -6.0539065970 -6.0518455836 -6.0506101241 -6.0481393768 -6.0463391542 -6.0450799046 -6.0436312701 -6.0409749844 -6.0405940015 -6.0387259211 -6.0373125289 -6.0363777390 -6.0347804554 -6.0333914507 -6.0328606270 -6.0314889749 -6.0308962590 -6.0297663251 -6.0284301387 -6.0265249346 -6.0254227779 -5.9838245879 -5.9821289545 -5.9808319709 -5.9789462608 -5.9784077891 -5.9763174003 -5.9744563860 -5.9736265761 -5.9716583472 -5.9707182964 -5.9685753223 -5.9675833660 -5.9638863960 -5.9637224700 -5.9622091184 -5.9616579361 -5.9610177335 -5.9599229202 -5.9592843277 -5.9585157055 -5.9582518371 -5.9565724010 -5.9545741583 -5.9540478742 -5.9524614489 -5.9511586825 -5.9471670916 -5.9462692254 -5.9454362492 -5.9439290563 -5.9431937500 -5.9424166772 -5.9423200722 -5.9410713232 -5.9404532711 -5.9388679810 -5.9378083117 -5.9370955828 -5.9225241657 -5.9205574905 -5.9195039711 -5.9183553337 -5.9181686185 -5.9170157044 -5.9161398065 -5.9145592533 -5.9144514424 -5.9141846332 -5.9120754072 -5.9101304861 -5.8845494496 -5.8836980257 -5.8821419710 -5.8812451174 -5.8801612459 -5.8797713914 -5.8740863002 -5.8718025411 -5.8691557672 -5.8691392092 -5.8652771879 -5.8637628522 -5.8545127080 -5.8538226206 -5.8510935884 -5.8502854689 -5.8445734143 -5.8420844698 -5.8407056192 -5.8398159695 -5.8380834474 -5.8372135271 -5.8323327739 -5.8289619550 -5.8265778261 -5.8263362663 -5.8222744532 -5.8201861761 -5.8187385531 -5.8178100198 -5.8099974300 -5.8098588387 -5.8066675954 -5.8058956344 -5.7986491274 -5.7972236984 -5.7549317976 -5.7549309921 -5.7275114849 -5.7274803933
-6.4789865672 -6.4789865672 -6.4786024219 -6.4786024219 -6.4782804268 -6.4782804268 -6.4589244030 -6.4589244030 -6.4588528903 -6.4588528903 -6.4587022222 -6.4587022222 -6.4533338229 -6.4533338229 -6.4531967382 -6.4531967382 -6.4530426920 -6.4530426920 -6.4481098994 -6.4481098994 -6.4478419582 -6.4478419582 -6.4475815555 -6.4475815555 -6.2372117454 -6.2372117454 -6.2367417613 -6.2367417613 -6.2362819179 -6.2362819179 -6.2291875009 -6.2291875009 -6.2277134952 -6.2277134952 -6.2256044142 -6.2256044142 -6.2237321303 -6.2237321303 -6.2235454488 -6.2235454488 -6.2228815992 -6.2228815992 -6.2190848316 -6.2190848316 -6.2167453302 -6.2167453302 -6.2158280694 -6.2158280694 -6.0971406803 -6.0971406803 -6.0969685512 -6.0969685512 -6.0969061298 -6.0969061298 -6.0929038508 -6.0929038508 -6.0913060893 -6.0913060893 -6.0911137457 -6.0911137457 -6.0870236085 -6.0870236085 -6.0864604798 -6.0864604798 -6.0855507971 -6.0855507971 -6.0822641239 -6.0822641239 -6.0802093337 -6.0802093337 -6.0787570420 -6.0787570420 -6.0619060549 -6.0619060549 -6.0542063798 -6.0542063798 -6.0512596077 -6.0512596077 -6.0460456851 -6.0460456851 -6.0436417553 -6.0436417553 -6.0432479118 -6.0432479118 -6.0358204124 -6.0358204124 -6.0337255454 -6.0337255454 -6.0334364808 -6.0334364808 -6.0312195465 -6.0312195465 -6.0306020515 -6.0306020515 -6.0285285518 -6.0285285518 -5.9815955733 -5.9815955733 -5.9795650235 -5.9795650235 -5.9784909210 -5.9784909210 -5.9733238127 -5.9733238127 -5.9711524930 -5.9711524930 -5.9690621205 -5.9690621205 -5.9632825859 -5.9632825859 -5.9611236755 -5.9611236755 -5.9600242562 -5.9600242562 -5.9599665008 -5.9599665008 -5.9569300243 -5.9569300243 -5.9539829128 -5.9539829128 -5.9523438434 -5.9523438434 -5.9455589713 -5.9455589713 -5.9444034807 -5.9444034807 -5.9442872670 -5.9442872670 -5.9408508883 -5.9408508883 -5.9393935818 -5.9393935818 -5.9391469551 -5.9391469551 -5.9204127634 -5.9204127634 -5.9183442251 -5.9183442251 -5.9176020099 -5.9176020099 -5.9163803118 -5.9163803118 -5.9142951688 -5.9142951688 -5.9119046465 -5.9119046465 -5.8824508931 -5.8824508931 -5.8816301391 -5.8816301391 -5.8811515880 -5.8811515880 -5.8730510817 -5.8730510817 -5.8691262474 -5.8691262474 -5.8645371263 -5.8645371263 -5.8525638105 -5.8525638105 -5.8517732935 -5.8517732935 -5.8430019921 -5.8430019921 -5.8398844140 -5.8398844140 -5.8384942974 -5.8384942974 -5.8303715400 -5.8303715400 -5.8265036208 -5.8265036208 -5.8209343949 -5.8209343949 -5.8188279748 -5.8188279748 -5.8100625407 -5.8100625407 -5.8062513925 -5.8062513925 -5.7982582577 -5.7982582577 -5.7548629423 -5.7548629423 -5.7273611751 -5.7273611751
