-6.4825576230 -6.4825576230 -6.4821353137 -6.4821353137 -6.4817728813 -6.4817728813 -6.4656296688 -6.4656296688 -6.4653635643 -6.4653635643 -6.4651502596 -6.4651502596 -6.4554550267 -6.4554550267 -6.4554419087 -6.4554419087 -6.4553496302 -6.4553496302 -6.4489836033 -6.4489836033 -6.4488171082 -6.4488171082 -6.4486245880 -6.4486245880 -6.3979699705 -6.3979699705 -6.3969166517 -6.3969166517 -6.3958246311 -6.3958246311 -6.3825011021 -6.3825011021 -6.3820268823 -6.3820268823 -6.3816458360 -6.3816458360 -6.3723274678 -6.3723274678 -6.3722699985 -6.3722699985 -6.3721338779 -6.3721338779 -6.3681502175 -6.3681502175 -6.3679348469 -6.3679348468 -6.3677041570 -6.3677041570 -6.2480752142 -6.2480752142 -6.2455249527 -6.2455249527 -6.2433270915 -6.2433270915 -6.2417276062 -6.2417276062 -6.2408839709 -6.2408839709 -6.2395280803 -6.2395280803 -6.2362872184 -6.2362872184 -6.2338283157 -6.2338283157 -6.2299567662 -6.2299567662 -6.2261471647 -6.2261471647 -6.2251859860 -6.2251859860 -6.2251423624 -6.2251423624 -6.2157562665 -6.2157562665 -6.2135026661 -6.2135026661 -6.2105903049 -6.2105903049 -6.2038939761 -6.2038939760 -6.1995614436 -6.1995614436 -6.1948976469 -6.1948976469 -6.1790355453 -6.1790355453 -6.1779671860 -6.1779671860 -6.1761581388 -6.1761581388 -6.1702594291 -6.1702594291 -6.1666274837 -6.1666274837 -6.1660578978 -6.1660578978 -6.0965025966 -6.0965025966 -6.0964477100 -6.0964477100 -6.0961895998 -6.0961895998 -6.0917207416 -6.0917207416 -6.0900118895 -6.0900118895 -6.0898357479 -6.0898357479 -6.0854573448 -6.0854573448 -6.0853712205 -6.0853712205 -6.0831411248 -6.0831411248 -6.0796186099 -6.0796186099 -6.0770982289 -6.0770982289 -6.0754617780 -6.0754617780 -6.0653901164 -6.0653901164 -6.0597535096 -6.0597535096 -6.0577051470 -6.0577051470 -6.0511876860 -6.0511876860 -6.0481277523 -6.0481277523 -6.0478277193 -6.0478277193 -6.0446644074 -6.0446644074 -6.0418293059 -6.0418293059 -6.0396799605 -6.0396799605 -6.0370249191 -6.0370249191 -6.0352901622 -6.0352901622 -6.0350045143 -6.0350045143 -6.0130502529 -6.0130502529 -6.0110480907 -6.0110480907 -6.0102147471 -6.0102147471 -6.0056319473 -6.0056319473 -6.0012971496 -6.0012971496 -5.9848401856 -5.9848401856 -5.9780831491 -5.9780831491 -5.9768138449 -5.9768138449 -5.9736508268 -5.9736508268 -5.9730878761 -5.9730878761 -5.9662582137 -5.9662582137 -5.9651642667 -5.9651642667 -5.9612124204 -5.9612124204 -5.9605815049 -5.9605815049 -5.9593834966 -5.9593834966 -5.9577618824 -5.9577618824 -5.9574262217 -5.9574262217 -5.9535103428 -5.9535103428 -5.9507034150 -5.9507034150 -5.9500298060 -5.9500298060 -5.9443469328 -5.9443469328 -5.9424639066 -5.9424639066 -5.9420730408 -5.9420730408 -5.9393000387 -5.9393000387 -5.9378833298 -5.9378833298 -5.9373322291 -5.9373322291 -5.9192282438 -5.9192282438 -5.9169347393 -5.9169347393 -5.9162583581 -5.9162583581 -5.9136793047 -5.9136793047 -5.9132168047 -5.9132168047 -5.9112353920 -5.9112353920 -5.8805065458 -5.8805065458 -5.8803251116 -5.8803251116 -5.8780820573 -5.8780820573 -5.8701644583 -5.8701644583 -5.8673594433 -5.8673594433 -5.8636941167 -5.8636941167 -5.8517813142 -5.8517813142 -5.8507502208 -5.8507502208 -5.8413251666 -5.8413251666 -5.8392968926 -5.8392968926 -5.8346192708 -5.8346192708 -5.8294606080 -5.8294606080 -5.8256140165 -5.8256140165 -5.8193327545 -5.8193327545 -5.8182511334 -5.8182511334 -5.8091791715 -5.8091791715 -5.8034233636 -5.8034233636 -5.7955000302 -5.7955000302 -5.7533656810 -5.7533656810 -5.7269691101 -5.7269691101
-6.4882772451 -6.4878336965 -6.4823085295 -6.4822932324 -6.4764906501 -6.4760181803 -6.4713119228 -6.4710383334 -6.4655732866 -6.4655670959 -6.4611074999 -6.4610122552 -6.4597531381 -6.4594496397 -6.4554749400 -6.4554622407 -6.4544927975 -6.4542734695 -6.4497635567 -6.4497006632 -6.4486080252 -6.4485792849 -6.4431004400 -6.4428768609 -6.4024044952 -6.4011614636 -6.3969947295 -6.3969751641 -6.3925345002 -6.3913340478 -6.3868974967 -6.3864102661 -6.3821462635 -6.3821320186 -6.3776383112 -6.3771225444 -6.3769330354 -6.3767822985 -6.3726443387 -6.3724345202 -6.3722176830 -6.3721426272 -6.3680736073 -6.3680459930 -6.3675568428 -6.3674259919 -6.3635254963 -6.3632320317 -6.2531475246 -6.2503223993 -6.2479379681 -6.2471997958 -6.2447568648 -6.2444787274 -6.2421120072 -6.2417117334 -6.2400750632 -6.2395491927 -6.2377029626 -6.2369872689 -6.2358883810 -6.2344244582 -6.2343254340 -6.2331602600 -6.2305069533 -6.2295586094 -6.2288146817 -6.2280234121 -6.2250309459 -6.2247418591 -6.2219840560 -6.2213339360 -6.2198918313 -6.2166672923 -6.2136938087 -6.2127238883 -6.2097762358 -6.2082731257 -6.2060614238 -6.2030859618 -6.1997318467 -6.1991810713 -6.1952358529 -6.1909616968 -6.1838622783 -6.1821714348 -6.1780923409 -6.1775533185 -6.1746316598 -6.1732467191 -6.1720130005 -6.1713700481 -6.1684026837 -6.1670134292 -6.1626222246 -6.1611155778 -6.0991375132 -6.0986250311 -6.0971562646 -6.0970495043 -6.0942960465 -6.0941691110 -6.0930987777 -6.0923689978 -6.0907696799 -6.0902488048 -6.0888136290 -6.0878662250 -6.0876920680 -6.0861494665 -6.0851035439 -6.0837474203 -6.0828779783 -6.0826521793 -6.0798031847 -6.0795649557 -6.0779580874 -6.0766447734 -6.0752306124 -6.0732201350 -6.0661538113 -6.0661428895 -6.0607037924 -6.0596124247 -6.0574654925 -6.0571425259 -6.0523173446 -6.0515614307 -6.0497057194 -6.0495201784 -6.0468333288 -6.0461909573 -6.0452627131 -6.0437158230 -6.0431683686 -6.0415950472 -6.0395375743 -6.0391628629 -6.0381785332 -6.0376507268 -6.0358835260 -6.0351720613 -6.0325388882 -6.0324995438 -6.0150279250 -6.0136650338 -6.0118487404 -6.0110918610 -6.0094334383 -6.0087693583 -6.0055741651 -6.0055220708 -6.0019857788 -6.0000729981 -5.9858759191 -5.9839018579 -5.9796042347 -5.9789196390 -5.9767472958 -5.9763736385 -5.9744297478 -5.9728845596 -5.9725262093 -5.9724010188 -5.9668853472 -5.9665107525 -5.9653026087 -5.9643147457 -5.9620986965 -5.9618682526 -5.9605298999 -5.9598890855 -5.9598557826 -5.9595908804 -5.9582868423 -5.9577166946 -5.9567194988 -5.9565834719 -5.9539209848 -5.9535676039 -5.9520672517 -5.9509775443 -5.9493222012 -5.9487430700 -5.9453724605 -5.9450296654 -5.9430953520 -5.9427193701 -5.9408448968 -5.9408149144 -5.9403333035 -5.9398671415 -5.9381026463 -5.9379293119 -5.9359518712 -5.9358904078 -5.9209873260 -5.9189015379 -5.9177727920 -5.9173363183 -5.9162591310 -5.9156553715 -5.9142403477 -5.9138338564 -5.9127696509 -5.9123784267 -5.9111308718 -5.9096948424 -5.8821800992 -5.8813969071 -5.8802302662 -5.8791256455 -5.8788872649 -5.8767785098 -5.8711760702 -5.8691488276 -5.8673950117 -5.8673843562 -5.8643096424 -5.8629826254 -5.8531293278 -5.8526655125 -5.8502305208 -5.8495455730 -5.8426605555 -5.8408105967 -5.8394285974 -5.8390139483 -5.8350576330 -5.8338607354 -5.8308788188 -5.8280906998 -5.8257498551 -5.8253359580 -5.8205772337 -5.8193572499 -5.8175670537 -5.8174114425 -5.8090793290 -5.8090178483 -5.8041450001 -5.8027479928 -5.7962257876 -5.7944190953 -5.7534162555 -5.7534136280 -5.7270448679 -5.7270425339
-6.4941893790 -6.4937657311 -6.4826660445 -6.4826359661 -6.4771432498 -6.4768919090 -6.4706576100 -6.4701755900 -6.4667394743 -6.4666299034 -6.4660473241 -6.4660323759 -6.4600376208 -6.4598140471 -6.4553371633 -6.4553080643 -6.4540388424 -6.4537321608 -6.4480013669 -6.4479463718 -6.4439761256 -6.4439082683 -6.4371593155 -6.4369456577 -6.4071887547 -6.4058970871 -6.3970595432 -6.3970359372 -6.3914638724 -6.3909975757 -6.3876851990 -6.3865019648 -6.3822239264 -6.3821981609 -6.3815419673 -6.3813879922 -6.3770502653 -6.3767743664 -6.3730069132 -6.3724912004 -6.3723168182 -6.3723048266 -6.3680737870 -6.3680588836 -6.3629294933 -6.3627843140 -6.3589779220 -6.3586796734 -6.2590543060 -6.2560197907 -6.2535497306 -6.2527233879 -6.2454090780 -6.2452222257 -6.2444252989 -6.2417103792 -6.2416486283 -6.2408090215 -6.2364556585 -6.2358112227 -6.2347344851 -6.2334087095 -6.2324070107 -6.2322871323 -6.2304827823 -6.2287825506 -6.2276249176 -6.2263580216 -6.2248904751 -6.2238842653 -6.2231531148 -6.2197695026 -6.2183966060 -6.2168532890 -6.2148762590 -6.2140041701 -6.2086288993 -6.2066119446 -6.2048149064 -6.2047072360 -6.1980393255 -6.1976254273 -6.1919689549 -6.1890455415 -6.1871560053 -6.1862452229 -6.1806749381 -6.1783719836 -6.1767127396 -6.1765296407 -6.1689375563 -6.1686139718 -6.1670965394 -6.1651389763 -6.1576767206 -6.1557305596 -6.1021206543 -6.1012369037 -6.0988370573 -6.0986989556 -6.0949505932 -6.0947918785 -6.0925173256 -6.0922963497 -6.0912886131 -6.0908299422 -6.0897412710 -6.0875900261 -6.0869669779 -6.0855376696 -6.0846844798 -6.0842145634 -6.0818080121 -6.0808864569 -6.0806300841 -6.0799088693 -6.0769964681 -6.0751785914 -6.0736567691 -6.0705011088 -6.0680423236 -6.0680229053 -6.0619810816 -6.0604182507 -6.0572938327 -6.0568715045 -6.0539225939 -6.0531792328 -6.0507928562 -6.0506788010 -6.0468009262 -6.0467485415 -6.0452802307 -6.0438256894 -6.0424514040 -6.0420713694 -6.0409345939 -6.0395588321 -6.0372560840 -6.0363372389 -6.0349399770 -6.0336119624 -6.0296016372 -6.0293260103 -6.0174965270 -6.0162729163 -6.0122836309 -6.0118744781 -6.0081804397 -6.0079579949 -6.0050730026 -6.0049464999 -6.0018417231 -5.9985759159 -5.9869512382 -5.9832688226 -5.9816726921 -5.9806964310 -5.9773010673 -5.9769098029 -5.9743556543 -5.9723384654 -5.9713098402 -5.9711584004 -5.9680135620 -5.9668237148 -5.9649501396 -5.9642729456 -5.9630182828 -5.9628143379 -5.9607825161 -5.9606888584 -5.9601400767 -5.9594594376 -5.9581368089 -5.9577316846 -5.9557036665 -5.9555128390 -5.9546429480 -5.9542692919 -5.9528544422 -5.9513481645 -5.9483922493 -5.9473150429 -5.9469548548 -5.9463103770 -5.9434853645 -5.9428032253 -5.9415990706 -5.9415065671 -5.9391361392 -5.9388640339 -5.9373764945 -5.9372882952 -5.9340258966 -5.9338328639 -5.9231550666 -5.9199609776 -5.9195332946 -5.9185049390 -5.9160672292 -5.9153610182 -5.9145352435 -5.9136922049 -5.9115118610 -5.9109590246 -5.9095118403 -5.9077323015 -5.8840623400 -5.8831670593 -5.8806310474 -5.8798558383 -5.8777041215 -5.8755413594 -5.8720777409 -5.8683678225 -5.8674757455 -5.8673292579 -5.8648038585 -5.8622160798 -5.8550709719 -5.8538889818 -5.8496940764 -5.8485941227 -5.8438940098 -5.8415039567 -5.8399506634 -5.8382695828 -5.8350418185 -5.8339143165 -5.8306945595 -5.8278376663 -5.8264673058 -5.8239583829 -5.8209830246 -5.8205939293 -5.8168621925 -5.8156266053 -5.8088080661 -5.8085561812 -5.8048463635 -5.8021489547 -5.7964825765 -5.7930886314 -5.7535654027 -5.7535600523 -5.7272694812 -5.7272649472
-6.5001197846 -6.4997175484 -6.4833942584 -6.4833015290 -6.4828383251 -6.4826788266 -6.4723224292 -6.4722031435 -6.4669072227 -6.4668791431 -6.4653688485 -6.4651605904 -6.4647649117 -6.4642851170 -6.4550914107 -6.4550580024 -6.4483690816 -6.4480710009 -6.4470299120 -6.4469581879 -6.4381880249 -6.4381152178 -6.4310886800 -6.4308854068 -6.4119644604 -6.4106367333 -6.3972497929 -6.3971863109 -6.3959138102 -6.3955086777 -6.3861416908 -6.3859898527 -6.3829955427 -6.3825415701 -6.3821663887 -6.3814677385 -6.3814023567 -6.3811892207 -6.3724198470 -6.3724082906 -6.3684695707 -6.3682873021 -6.3680109121 -6.3676466331 -6.3582224052 -6.3580790439 -6.3544065476 -6.3541047130 -6.2651175230 -6.2620694477 -6.2594743430 -6.2587085171 -6.2496515978 -6.2460579041 -6.2455699391 -6.2450992374 -6.2417595760 -6.2417328059 -6.2392514853 -6.2389608749 -6.2371362575 -6.2363722415 -6.2298819389 -6.2293363340 -6.2279392061 -6.2258360781 -6.2254212914 -6.2243261398 -6.2237814286 -6.2232007256 -6.2220886851 -6.2218536664 -6.2169052101 -6.2158270148 -6.2140294038 -6.2119986514 -6.2102287090 -6.2087800791 -6.2015387801 -6.2012813340 -6.1954044503 -6.1953087533 -6.1941826171 -6.1921523405 -6.1876571213 -6.1854014962 -6.1833811491 -6.1811313631 -6.1768704008 -6.1768013248 -6.1683067398 -6.1681788333 -6.1622864212 -6.1605055446 -6.1524988165 -6.1503481650 -6.1052843600 -6.1041118056 -6.1009354983 -6.1007886383 -6.0977697504 -6.0966171080 -6.0929845710 -6.0923023807 -6.0915661258 -6.0909193515 -6.0906506284 -6.0893554218 -6.0853658422 -6.0847784903 -6.0834265733 -6.0829093468 -6.0820449561 -6.0819583220 -6.0795026957 -6.0776571751 -6.0747027640 -6.0736038563 -6.0719079385 -6.0705956829 -6.0703978227 -6.0675094916 -6.0637380929 -6.0616905333 -6.0590662864 -6.0582479620 -6.0555298753 -6.0536316177 -6.0520700683 -6.0509663966 -6.0481672016 -6.0479359197 -6.0462025526 -6.0445350843 -6.0428269343 -6.0420855032 -6.0402810576 -6.0381470829 -6.0358613094 -6.0342318815 -6.0332475810 -6.0316094726 -6.0266499271 -6.0260113558 -6.0201494094 -6.0190857512 -6.0132601147 -6.0128923976 -6.0086695611 -6.0073792145 -6.0041160538 -6.0035935582 -6.0008716390 -5.9969478866 -5.9880401239 -5.9840935691 -5.9838142739 -5.9814750844 -5.9782951124 -5.9780753053 -5.9741757449 -5.9719330357 -5.9704724077 -5.9701363802 -5.9688806356 -5.9669487620 -5.9655166050 -5.9648878268 -5.9641229345 -5.9628543794 -5.9616827439 -5.9611502766 -5.9599457987 -5.9598764127 -5.9581863591 -5.9576916768 -5.9561755070 -5.9556974887 -5.9541142055 -5.9540919795 -5.9527555663 -5.9514519753 -5.9486818204 -5.9482375030 -5.9472796744 -5.9454601269 -5.9444390302 -5.9439193234 -5.9415985190 -5.9415129855 -5.9380178998 -5.9379146524 -5.9358019613 -5.9356881733 -5.9320158066 -5.9316241743 -5.9254894007 -5.9219880726 -5.9207710639 -5.9198411862 -5.9169295980 -5.9163934797 -5.9132131609 -5.9125642776 -5.9100487676 -5.9095508901 -5.9073873136 -5.9056216286 -5.8861032298 -5.8852773143 -5.8813689327 -5.8807964262 -5.8769245136 -5.8746183396 -5.8727202277 -5.8683793404 -5.8675720515 -5.8667334335 -5.8651715958 -5.8614568152 -5.8569288284 -5.8550739761 -5.8499786329 -5.8484173239 -5.8446394997 -5.8425479384 -5.8405399200 -5.8380455451 -5.8349455905 -5.8341896949 -5.8297233110 -5.8280367764 -5.8270871265 -5.8225650762 -5.8214392771 -5.8207441759 -5.8165163031 -5.8136980991 -5.8085157999 -5.8077880593 -5.8054578997 -5.8015301325 -5.7962347775 -5.7915803946 -5.7538143711 -5.7538037587 -5.7276425147 -5.7276353294
-6.5060608053 -6.5056806510 -6.4889655096 -6.4887497787 -6.4839252842 -6.4838694487 -6.4778421502 -6.4777194717 -6.4705730833 -6.4703864988 -6.4679220347 -6.4678970754 -6.4590091530 -6.4585193828 -6.4546284275 -6.4545954404 -6.4458796766 -6.4457941829 -6.4427319497 -6.4424575180 -6.4323269622 -6.4322507112 -6.4249106466 -6.4247164653 -6.4167168844 -6.4153532254 -6.4006366518 -6.4002065929 -6.3971902742 -6.3971537966 -6.3907029101 -6.3905501089 -6.3859760268 -6.3857083620 -6.3825515429 -6.3825146573 -6.3777512602 -6.3766092029 -6.3725238067 -6.3725085300 -6.3683495273 -6.3683259329 -6.3635875917 -6.3630256226 -6.3534936039 -6.3533519964 -6.3498129086 -6.3495084514 -6.2712484439 -6.2682504369 -6.2655090282 -6.2648040881 -6.2545627952 -6.2502404871 -6.2467517811 -6.2465320578 -6.2432130263 -6.2430180847 -6.2418197287 -6.2417022074 -6.2404795014 -6.2403833497 -6.2340442822 -6.2273683722 -6.2255493936 -6.2251293281 -6.2243791141 -6.2238441489 -6.2214126367 -6.2207575867 -6.2191081328 -6.2185140608 -6.2183032187 -6.2163754831 -6.2113948044 -6.2109260758 -6.2090658301 -6.2069306375 -6.1995782687 -6.1982924123 -6.1979699821 -6.1969941987 -6.1923813000 -6.1922910844 -6.1902115840 -6.1885782169 -6.1827074357 -6.1773875663 -6.1764787462 -6.1754504747 -6.1680924515 -6.1680611696 -6.1570268414 -6.1554431318 -6.1472747456 -6.1449888353 -6.1085594849 -6.1071831553 -6.1032694063 -6.1031172186 -6.1007901448 -6.0986275436 -6.0948749481 -6.0941760897 -6.0935031219 -6.0917899180 -6.0894498199 -6.0892062562 -6.0851774518 -6.0847941237 -6.0825961269 -6.0824477902 -6.0809406699 -6.0807821593 -6.0775033765 -6.0751046512 -6.0738434265 -6.0734948120 -6.0722802487 -6.0716191533 -6.0695054841 -6.0660662072 -6.0646286969 -6.0633496508 -6.0615659173 -6.0609399901 -6.0574988407 -6.0548973998 -6.0526205798 -6.0514991635 -6.0493324573 -6.0486733914 -6.0475992669 -6.0461398259 -6.0426486708 -6.0416300305 -6.0383642479 -6.0365842823 -6.0339172309 -6.0321898774 -6.0312119023 -6.0293693986 -6.0244008999 -6.0227041384 -6.0223208891 -6.0219487209 -6.0145367018 -6.0140310333 -6.0099322856 -6.0071461907 -6.0028211989 -6.0023567101 -5.9992830434 -5.9953193625 -5.9891727517 -5.9863189309 -5.9858069705 -5.9813714048 -5.9795663292 -5.9792203846 -5.9741953719 -5.9719559947 -5.9706521515 -5.9704771932 -5.9682252859 -5.9678121507 -5.9661418107 -5.9661124713 -5.9645057141 -5.9631542126 -5.9621348619 -5.9613754898 -5.9605252642 -5.9595150591 -5.9592258669 -5.9576715783 -5.9573555750 -5.9565209588 -5.9530708370 -5.9529014696 -5.9521781509 -5.9513888443 -5.9499746226 -5.9493949113 -5.9464299646 -5.9464174293 -5.9453669621 -5.9434335653 -5.9409500623 -5.9408842023 -5.9371901254 -5.9371334901 -5.9337973362 -5.9336124064 -5.9299623146 -5.9293534794 -5.9278978948 -5.9242691845 -5.9219040450 -5.9211534202 -5.9178359952 -5.9174886423 -5.9117700799 -5.9112963724 -5.9085324964 -5.9080987786 -5.9050742587 -5.9034454133 -5.8882973539 -5.8875781129 -5.8823603007 -5.8819819729 -5.8768618110 -5.8741508725 -5.8729175817 -5.8688785100 -5.8676334340 -5.8663462152 -5.8651356564 -5.8608282191 -5.8583909410 -5.8560700018 -5.8510901741 -5.8491601066 -5.8451492642 -5.8437043111 -5.8407530623 -5.8383189080 -5.8350464405 -5.8338895324 -5.8304711450 -5.8281239917 -5.8257215408 -5.8236364759 -5.8202996371 -5.8198789593 -5.8162431069 -5.8119405809 -5.8082497024 -5.8068649344 -5.8058556016 -5.8006576723 -5.7955741253 -5.7899391717 -5.7541648590 -5.7541428044 -5.7281635809 -5.7281516093
-6.5120058810 -6.5116478190 -6.4949080165 -6.4947078802 -6.4848294321 -6.4847625446 -6.4832579956 -6.4831339200 -6.4756638622 -6.4755033869 -6.4691698836 -6.4691428775 -6.4540876892 -6.4540248057 -6.4531139256 -6.4526789398 -6.4446160966 -6.4445214843 -6.4371411996 -6.4369011076 -6.4263843373 -6.4263082062 -6.4214438116 -6.4200427868 -6.4186467005 -6.4184597126 -6.4051238952 -6.4047146495 -6.3973831028 -6.3973373650 -6.3952305506 -6.3950771195 -6.3903784180 -6.3901201524 -6.3827749031 -6.3827303114 -6.3728945137 -6.3726873017 -6.3725400268 -6.3716288390 -6.3685308585 -6.3685013329 -6.3588668941 -6.3582926434 -6.3487461537 -6.3486058187 -6.3451978235 -6.3448915952 -6.2774153455 -6.2745039586 -6.2716094418 -6.2709542975 -6.2595795511 -6.2551900982 -6.2487501137 -6.2482723730 -6.2469895720 -6.2467170760 -6.2452920175 -6.2448594337 -6.2418716651 -6.2410820981 -6.2378869068 -6.2315043465 -6.2254284585 -6.2252397565 -6.2223383308 -6.2220775972 -6.2213895039 -6.2202084639 -6.2179149038 -6.2171366409 -6.2140980046 -6.2131012839 -6.2108244880 -6.2097162585 -6.2046842494 -6.2043117684 -6.2025197800 -6.2020473435 -6.1967964601 -6.1950853729 -6.1942783899 -6.1936919963 -6.1888564570 -6.1878105100 -6.1782922761 -6.1766356339 -6.1754112994 -6.1710410577 -6.1679550016 -6.1675529548 -6.1517305033 -6.1503105609 -6.1420559855 -6.1396636856 -6.1119087696 -6.1103960277 -6.1057706760 -6.1056129923 -6.1039556442 -6.1008887059 -6.0968904339 -6.0963092930 -6.0954355253 -6.0941747432 -6.0880827769 -6.0878572891 -6.0863031885 -6.0860887643 -6.0813301377 -6.0812345897 -6.0793031281 -6.0790336949 -6.0769933543 -6.0764968494 -6.0749134225 -6.0725432570 -6.0701987365 -6.0700846483 -6.0689996160 -6.0670081340 -6.0658672967 -6.0640857920 -6.0638942774 -6.0612912794 -6.0597975659 -6.0572279954 -6.0538135297 -6.0530310973 -6.0498337066 -6.0495224272 -6.0484302761 -6.0465239669 -6.0422150011 -6.0410624083 -6.0363307099 -6.0350531491 -6.0319257006 -6.0302283013 -6.0289922820 -6.0273489062 -6.0260532861 -6.0249007919 -6.0207361104 -6.0192930170 -6.0159903142 -6.0150809410 -6.0113161442 -6.0072877619 -6.0014665788 -6.0013197821 -5.9974058823 -5.9939191898 -5.9905218112 -5.9887991785 -5.9872353563 -5.9821320791 -5.9810335379 -5.9796292635 -5.9744200396 -5.9725497083 -5.9716517449 -5.9708485577 -5.9694710618 -5.9684090892 -5.9668104286 -5.9663302819 -5.9654534511 -5.9636935974 -5.9619273491 -5.9614026962 -5.9609359288 -5.9605662652 -5.9591657763 -5.9591116664 -5.9574716346 -5.9569361607 -5.9525633842 -5.9521284103 -5.9515290508 -5.9513151719 -5.9502146145 -5.9497723512 -5.9478703838 -5.9471276455 -5.9451886401 -5.9420414051 -5.9401679051 -5.9398280208 -5.9363835607 -5.9363239235 -5.9316343367 -5.9314541264 -5.9303682996 -5.9279001839 -5.9270107358 -5.9266281645 -5.9229951380 -5.9223962126 -5.9187290603 -5.9184923622 -5.9103508190 -5.9099674430 -5.9069874153 -5.9065935366 -5.9026823471 -5.9012445897 -5.8906418550 -5.8900139851 -5.8835556921 -5.8833837382 -5.8775099984 -5.8742247025 -5.8727893972 -5.8696078622 -5.8675997804 -5.8669781277 -5.8643196143 -5.8605814083 -5.8592093128 -5.8566297694 -5.8525914539 -5.8506497981 -5.8459434358 -5.8449635596 -5.8404491118 -5.8386903404 -5.8353837593 -5.8336906827 -5.8315231036 -5.8280247497 -5.8250522305 -5.8236587029 -5.8197499710 -5.8181548476 -5.8158948272 -5.8106043334 -5.8078498658 -5.8065093977 -5.8053568151 -5.7993280873 -5.7946384231 -5.7881930634 -5.7546176619 -5.7545754269 -5.7288318806 -5.7288110722
-6.5179483729 -6.5176118845 -6.5008809678 -6.5006924968 -6.4887182582 -6.4886053170 -6.4857005959 -6.4856272451 -6.4806564025 -6.4805240402 -6.4705608797 -6.4705331588 -6.4531994046 -6.4531728113 -6.4474370117 -6.4469725474 -6.4432962276 -6.4431952766 -6.4315873618 -6.4313918319 -6.4261444170 -6.4247039120 -6.4203567941 -6.4202807726 -6.4123182503 -6.4121363568 -6.4096090583 -6.4092237776 -6.3997686162 -6.3996183827 -6.3975601759 -6.3975020900 -6.3947566177 -6.3945079796 -6.3830520716 -6.3829990787 -6.3728359494 -6.3728115506 -6.3687889857 -6.3687593852 -6.3677403538 -6.3666333184 -6.3541207974 -6.3535356820 -6.3439820730 -6.3438422324 -6.3405622072 -6.3402549245 -6.2836015274 -6.2808014626 -6.2777503234 -6.2771343025 -6.2646620584 -6.2602638256 -6.2524922133 -6.2523148935 -6.2508079418 -6.2505386660 -6.2487041340 -6.2475153942 -6.2440110106 -6.2413551422 -6.2397095414 -6.2356432101 -6.2271270822 -6.2269662134 -6.2226102991 -6.2219846672 -6.2205219381 -6.2202909393 -6.2160329894 -6.2154991735 -6.2108793150 -6.2106662262 -6.2090884851 -6.2079070000 -6.2066622127 -6.2054549110 -6.2017071040 -6.1996008724 -6.1991669743 -6.1974023738 -6.1919282310 -6.1917146408 -6.1851097748 -6.1838231179 -6.1763360990 -6.1760312472 -6.1716821324 -6.1687577253 -6.1676163554 -6.1645019638 -6.1464352393 -6.1451683572 -6.1368664791 -6.1343821922 -6.1153116791 -6.1137117009 -6.1084082410 -6.1082450537 -6.1072156484 -6.1034439824 -6.0991241561 -6.0986739030 -6.0972241995 -6.0963167167 -6.0877225788 -6.0876635170 -6.0867004970 -6.0865184409 -6.0806618996 -6.0805094025 -6.0795551973 -6.0792576380 -6.0775883073 -6.0772655701 -6.0725354512 -6.0723011415 -6.0701811847 -6.0693572489 -6.0683808021 -6.0680369929 -6.0665767845 -6.0663193979 -6.0640668953 -6.0622591070 -6.0599507914 -6.0582463246 -6.0555974167 -6.0549018861 -6.0513610814 -6.0510379122 -6.0475896850 -6.0458980147 -6.0417980831 -6.0404477753 -6.0343519889 -6.0335684119 -6.0304854490 -6.0295580041 -6.0283575261 -6.0280372169 -6.0259746866 -6.0245573664 -6.0193071832 -6.0175489058 -6.0160188800 -6.0155707683 -6.0123468047 -6.0076742153 -6.0003865860 -6.0001915400 -5.9955412803 -5.9933364393 -5.9920237289 -5.9912430090 -5.9876369607 -5.9837184824 -5.9825692445 -5.9795305908 -5.9748910712 -5.9735364418 -5.9725359455 -5.9719814227 -5.9707646735 -5.9700724277 -5.9677047008 -5.9670798294 -5.9655371272 -5.9644761998 -5.9626545176 -5.9621155473 -5.9611015732 -5.9607992772 -5.9600579455 -5.9591934833 -5.9575738324 -5.9565507009 -5.9535362334 -5.9529122062 -5.9505002504 -5.9502003961 -5.9496663065 -5.9494024574 -5.9486489252 -5.9484048015 -5.9441891524 -5.9408430179 -5.9393212433 -5.9384216816 -5.9356076441 -5.9354805393 -5.9327970946 -5.9294888452 -5.9292352092 -5.9289790216 -5.9259124830 -5.9247933553 -5.9239313108 -5.9234704466 -5.9196016422 -5.9193794406 -5.9089467457 -5.9086028838 -5.9054225926 -5.9050464393 -5.9002716724 -5.8990464308 -5.8931289221 -5.8925417932 -5.8849784071 -5.8848906419 -5.8785946500 -5.8748740280 -5.8727107186 -5.8705234815 -5.8680324596 -5.8674345053 -5.8633673093 -5.8609261009 -5.8594117796 -5.8565843905 -5.8541385952 -5.8525208028 -5.8470405975 -5.8463110812 -5.8399840230 -5.8392917418 -5.8357848424 -5.8343082123 -5.8315529639 -5.8279173993 -5.8263326878 -5.8221473372 -5.8187364055 -5.8166660832 -5.8153776684 -5.8099143066 -5.8070266216 -5.8065332332 -5.8041667117 -5.7974965173 -5.7935318112 -5.7863605819 -5.7551727786 -5.7550994621 -5.7296458063 -5.7296106871
-6.5238815960 -6.5235657690 -6.5068717131 -6.5066914853 -6.4940044118 -6.4938898303 -6.4867704042 -6.4866909420 -6.4855334276 -6.4854293122 -6.4720404231 -6.4720131233 -6.4522636741 -6.4522432674 -6.4420887145 -6.4419960854 -6.4415274030 -6.4411487365 -6.4308199492 -6.4293380922 -6.4260668902 -6.4259208996 -6.4142482048 -6.4141671130 -6.4140761908 -6.4137177743 -6.4059425474 -6.4057639612 -6.4042435021 -6.4040917833 -6.3991715995 -6.3989322306 -6.3977452997 -6.3976803636 -6.3833815948 -6.3833201372 -6.3730258762 -6.3729958022 -6.3690418520 -6.3690068113 -6.3627334547 -6.3616343103 -6.3493536081 -6.3487585730 -6.3392031479 -6.3390628137 -6.3359072744 -6.3355994693 -6.2897962617 -6.2871250439 -6.2839125537 -6.2833272404 -6.2697945497 -6.2654121097 -6.2577862047 -6.2570793857 -6.2548890710 -6.2546272528 -6.2522012618 -6.2499065434 -6.2468584488 -6.2426318737 -6.2400673536 -6.2387784448 -6.2296501616 -6.2294713298 -6.2234793281 -6.2231631021 -6.2193788914 -6.2191796477 -6.2156829740 -6.2152345892 -6.2136499515 -6.2120680124 -6.2077232265 -6.2073008396 -6.2060614349 -6.2049115110 -6.2021957516 -6.2004559299 -6.1943754436 -6.1930546133 -6.1891511118 -6.1888186951 -6.1813728959 -6.1800843705 -6.1750543561 -6.1749844980 -6.1686443167 -6.1683350630 -6.1652519252 -6.1594907421 -6.1411570737 -6.1400406853 -6.1317223708 -6.1291540235 -6.1187562412 -6.1171043547 -6.1111797368 -6.1110056266 -6.1105090711 -6.1062791842 -6.1015731560 -6.1012213873 -6.0988724007 -6.0982087761 -6.0892138148 -6.0891415820 -6.0854443022 -6.0852737672 -6.0839272878 -6.0833225366 -6.0785132949 -6.0783337965 -6.0761444410 -6.0760017060 -6.0757891128 -6.0726884889 -6.0699624674 -6.0696598006 -6.0690264786 -6.0682683049 -6.0667690033 -6.0652571538 -6.0646924660 -6.0628037133 -6.0610310184 -6.0574848620 -6.0568129956 -6.0551964458 -6.0530535620 -6.0526960610 -6.0465031549 -6.0451901079 -6.0415136338 -6.0398588051 -6.0330372909 -6.0324537990 -6.0319814585 -6.0318041388 -6.0276139789 -6.0268172578 -6.0236582281 -6.0227006002 -6.0192294475 -6.0190557172 -6.0159258922 -6.0130083217 -6.0117851163 -6.0081173619 -5.9995616135 -5.9991122928 -5.9948255535 -5.9947387287 -5.9925088976 -5.9924262143 -5.9874348948 -5.9855787649 -5.9837233259 -5.9795320929 -5.9757272326 -5.9747363103 -5.9738688162 -5.9731574974 -5.9719004340 -5.9716608683 -5.9694567942 -5.9683645779 -5.9654286538 -5.9652176899 -5.9636482912 -5.9632534885 -5.9623912535 -5.9616114181 -5.9591514434 -5.9589825939 -5.9573507843 -5.9556886368 -5.9546747062 -5.9540194448 -5.9511136956 -5.9501798838 -5.9491547936 -5.9488240093 -5.9478280222 -5.9476484153 -5.9431052596 -5.9397902847 -5.9384350574 -5.9368352549 -5.9358824772 -5.9345975615 -5.9341251044 -5.9315036110 -5.9271781949 -5.9271048203 -5.9253844691 -5.9247563931 -5.9233543180 -5.9223657962 -5.9204183288 -5.9200391168 -5.9075491759 -5.9072164881 -5.9038521955 -5.9034789394 -5.8979874669 -5.8969448381 -5.8956701474 -5.8950129063 -5.8866655228 -5.8863831621 -5.8799442945 -5.8760762357 -5.8728806362 -5.8715757911 -5.8691581001 -5.8672116604 -5.8626114970 -5.8616382641 -5.8592440932 -5.8564688803 -5.8554573278 -5.8541742609 -5.8482785804 -5.8476999100 -5.8404248334 -5.8398675964 -5.8359308937 -5.8350179373 -5.8310833868 -5.8284633828 -5.8268561011 -5.8216759507 -5.8170733418 -5.8155025107 -5.8145770661 -5.8095802952 -5.8063509256 -5.8058944056 -5.8028697287 -5.7952432834 -5.7923150506 -5.7844550226 -5.7558294162 -5.7557118293 -5.7306030406 -5.7305469125
-6.5297989700 -6.5295026241 -6.5128692522 -6.5126944825 -6.4992256611 -6.4991067462 -6.4904645821 -6.4903811963 -6.4877395403 -6.4876575500 -6.4735650659 -6.4735390201 -6.4512506147 -6.4512355446 -6.4406885477 -6.4405729408 -6.4359158997 -6.4354877732 -6.4354648989 -6.4339447001 -6.4205769740 -6.4204755111 -6.4185289326 -6.4181951007 -6.4087000830 -6.4085483445 -6.4080637687 -6.4079647187 -6.4034856435 -6.4032500956 -6.3995427949 -6.3993690315 -6.3980290351 -6.3979564430 -6.3837633143 -6.3836934465 -6.3732446580 -6.3732083803 -6.3693439490 -6.3693070174 -6.3576841671 -6.3566016706 -6.3445675918 -6.3439633832 -6.3344109992 -6.3342691150 -6.3312346398 -6.3309266034 -6.2959917732 -6.2934618381 -6.2900803940 -6.2895197820 -6.2749691273 -6.2706152009 -6.2634151776 -6.2620967941 -6.2594216744 -6.2590245260 -6.2563204816 -6.2527157654 -6.2494697790 -6.2459238454 -6.2402598452 -6.2398843351 -6.2324514465 -6.2322311691 -6.2245358124 -6.2243976126 -6.2194135234 -6.2185156388 -6.2183173321 -6.2174452874 -6.2144140981 -6.2135351853 -6.2113037123 -6.2102486002 -6.2040734597 -6.2036935712 -6.1971661607 -6.1956847432 -6.1901308415 -6.1893612050 -6.1857223271 -6.1853013532 -6.1784697165 -6.1775889759 -6.1730668324 -6.1725356239 -6.1679830323 -6.1678393664 -6.1601932939 -6.1542443108 -6.1359089325 -6.1349440399 -6.1266380503 -6.1239901181 -6.1222349654 -6.1205567623 -6.1142123417 -6.1138979526 -6.1136566858 -6.1093391159 -6.1041822035 -6.1038893685 -6.1004440600 -6.0999351704 -6.0908628590 -6.0906443868 -6.0875036152 -6.0867002187 -6.0841552061 -6.0839829786 -6.0801975454 -6.0772051057 -6.0769245849 -6.0764045443 -6.0747364003 -6.0743595047 -6.0725604172 -6.0715795631 -6.0683375541 -6.0674775464 -6.0666255007 -6.0657463705 -6.0647851736 -6.0619240171 -6.0593118217 -6.0586768010 -6.0580893941 -6.0548068214 -6.0543546727 -6.0521283344 -6.0455068855 -6.0447443194 -6.0414621569 -6.0394195124 -6.0355957556 -6.0350197996 -6.0310501438 -6.0305525260 -6.0262640362 -6.0260385941 -6.0217685842 -6.0213467477 -6.0201318970 -6.0192367986 -6.0161913710 -6.0110248298 -6.0098626473 -6.0077945074 -5.9991784972 -5.9987741903 -5.9964384710 -5.9962038147 -5.9926724502 -5.9911243991 -5.9881340717 -5.9875129553 -5.9834393399 -5.9797877100 -5.9769564305 -5.9762802795 -5.9756865631 -5.9741212386 -5.9731465760 -5.9727637182 -5.9713279309 -5.9699681053 -5.9665597737 -5.9657388764 -5.9645395884 -5.9644136175 -5.9634806516 -5.9622594235 -5.9589276706 -5.9585750838 -5.9563947417 -5.9559483180 -5.9551435863 -5.9544863825 -5.9522685515 -5.9514905220 -5.9483003028 -5.9476676657 -5.9465400808 -5.9459718196 -5.9419443791 -5.9388166672 -5.9382424172 -5.9373953399 -5.9353247427 -5.9341372432 -5.9334776813 -5.9333438566 -5.9263958531 -5.9261352377 -5.9248331432 -5.9245004900 -5.9218028822 -5.9215147013 -5.9207710734 -5.9192886407 -5.9061640973 -5.9058210479 -5.9023235402 -5.9019511139 -5.8985472328 -5.8982195282 -5.8949882343 -5.8946316121 -5.8884369731 -5.8879527204 -5.8814892914 -5.8777223772 -5.8733182045 -5.8726949541 -5.8702663569 -5.8671295496 -5.8624442407 -5.8623603411 -5.8588842557 -5.8576878098 -5.8562335040 -5.8543096332 -5.8495270672 -5.8490769967 -5.8420740863 -5.8403806319 -5.8356812215 -5.8354243916 -5.8306178620 -5.8295729811 -5.8267132291 -5.8217369033 -5.8156930990 -5.8147037664 -5.8131824830 -5.8091867889 -5.8058548006 -5.8047144458 -5.8015311406 -5.7926970762 -5.7910135183 -5.7824872458 -5.7565857352 -5.7564081776 -5.7317006128 -5.7316154994
-6.5356941568 -6.5354159497 -6.5188626118 -6.5186911610 -6.5043751511 -6.5042470495 -6.4952507299 -6.4951777928 -6.4888041186 -6.4887195968 -6.4750994427 -6.4750752203 -6.4501893850 -6.4501772271 -6.4401749375 -6.4394172520 -6.4392424489 -6.4384763758 -6.4301735023 -6.4297688179 -6.4229626962 -6.4226559243 -6.4151208489 -6.4150336101 -6.4131317645 -6.4129797866 -6.4077923467 -6.4075634951 -6.4018134769 -6.4016895268 -6.3983599024 -6.3982733996 -6.3931020126 -6.3929259707 -6.3841971570 -6.3841190094 -6.3734917007 -6.3734483667 -6.3696782627 -6.3696409891 -6.3526150700 -6.3515492400 -6.3397648844 -6.3391520356 -6.3296070653 -6.3294626972 -6.3265463798 -6.3262381056 -6.3021819291 -6.2998017707 -6.2962405934 -6.2957008875 -6.2801818122 -6.2758636403 -6.2691599260 -6.2673031463 -6.2643005472 -6.2636309258 -6.2608285326 -6.2562435729 -6.2520547375 -6.2496519375 -6.2408812448 -6.2407516839 -6.2349742535 -6.2347114961 -6.2271746098 -6.2261256513 -6.2223001234 -6.2209501924 -6.2183793210 -6.2176962090 -6.2170593834 -6.2158590112 -6.2126711226 -6.2123896198 -6.2011658537 -6.2008118812 -6.1924252615 -6.1912589364 -6.1868202886 -6.1862868015 -6.1813664395 -6.1810876267 -6.1767589420 -6.1761454614 -6.1704125768 -6.1699840155 -6.1668300633 -6.1660736413 -6.1547597294 -6.1489599906 -6.1307045258 -6.1298937683 -6.1257433120 -6.1240582453 -6.1216315204 -6.1189049252 -6.1175715589 -6.1168407058 -6.1166322312 -6.1125632751 -6.1069115386 -6.1066481096 -6.1019857311 -6.1015677074 -6.0927974070 -6.0924570609 -6.0908490770 -6.0899265918 -6.0840994554 -6.0828837287 -6.0827281748 -6.0804278890 -6.0763593118 -6.0762546508 -6.0751567086 -6.0740509409 -6.0732664890 -6.0729203212 -6.0711753887 -6.0692548910 -6.0655586124 -6.0654776514 -6.0622661978 -6.0610207306 -6.0604352426 -6.0589591989 -6.0565673266 -6.0562544600 -6.0548442218 -6.0491357857 -6.0449268982 -6.0448046296 -6.0417873418 -6.0396326720 -6.0376970542 -6.0375500949 -6.0304912628 -6.0291524095 -6.0264906210 -6.0252804610 -6.0214207148 -6.0212589554 -6.0194639613 -6.0183925617 -6.0148355338 -6.0110191925 -6.0077665293 -6.0056907498 -6.0004901558 -6.0002690175 -5.9967410405 -5.9960568479 -5.9931068795 -5.9904119134 -5.9896226878 -5.9885511983 -5.9820994549 -5.9803076554 -5.9784583317 -5.9783550465 -5.9770567540 -5.9759640850 -5.9741856723 -5.9739747459 -5.9725899185 -5.9716385114 -5.9678768143 -5.9671011542 -5.9657576109 -5.9656464233 -5.9636072610 -5.9627800419 -5.9590207006 -5.9583138933 -5.9569184112 -5.9565136689 -5.9548858106 -5.9535177883 -5.9533211100 -5.9526245758 -5.9474834438 -5.9466774158 -5.9450919756 -5.9441559691 -5.9410337821 -5.9402267547 -5.9379746537 -5.9365421753 -5.9365080610 -5.9338308195 -5.9326246438 -5.9322553141 -5.9272120545 -5.9269469423 -5.9229839069 -5.9227377530 -5.9218884905 -5.9217296577 -5.9190232164 -5.9171150561 -5.9048572726 -5.9044618780 -5.9018559770 -5.9014022334 -5.9002885672 -5.8997639259 -5.8927368301 -5.8926112670 -5.8902002109 -5.8894909195 -5.8831938819 -5.8796436214 -5.8739830152 -5.8738510350 -5.8713912659 -5.8674514578 -5.8631205696 -5.8629193621 -5.8595204602 -5.8584459283 -5.8563008264 -5.8536493974 -5.8506560823 -5.8503529465 -5.8440188735 -5.8413566424 -5.8356729208 -5.8353549927 -5.8305594275 -5.8302866243 -5.8265051686 -5.8219493503 -5.8149243739 -5.8142316556 -5.8113343529 -5.8085982800 -5.8049971786 -5.8035633244 -5.8001523070 -5.7901142562 -5.7894997470 -5.7804676923 -5.7574384486 -5.7571824139 -5.7329348160 -5.7328113623
-6.5415611611 -6.5412996733 -6.5248411327 -6.5246714241 -6.5094550488 -6.5093135850 -6.5000038474 -6.4999256961 -6.4898400006 -6.4897546937 -6.4766135321 -6.4765914837 -6.4491062509 -6.4490917994 -6.4447345020 -6.4431197225 -6.4381389712 -6.4380128329 -6.4273798575 -6.4271011047 -6.4244233834 -6.4240492717 -6.4175400449 -6.4173877970 -6.4120709775 -6.4118483324 -6.4096979500 -6.4095776675 -6.3987168416 -6.3986185475 -6.3955024326 -6.3953491629 -6.3866746397 -6.3864989701 -6.3846802724 -6.3845944871 -6.3737680388 -6.3737166562 -6.3700377370 -6.3700017086 -6.3475304284 -6.3464816696 -6.3349477962 -6.3343265836 -6.3247926106 -6.3246451500 -6.3218450785 -6.3215362054 -6.3083615406 -6.3061364579 -6.3023819891 -6.3018613326 -6.2854309775 -6.2811528439 -6.2749703757 -6.2726448092 -6.2694486319 -6.2684198755 -6.2655484189 -6.2604956099 -6.2547964804 -6.2531938143 -6.2427654705 -6.2425733489 -6.2364974802 -6.2362424908 -6.2312093673 -6.2295409473 -6.2249200484 -6.2230449803 -6.2212001024 -6.2206393070 -6.2171190818 -6.2169644257 -6.2123187259 -6.2121111532 -6.1985089922 -6.1981981927 -6.1885880891 -6.1877692877 -6.1833856572 -6.1829491474 -6.1776155215 -6.1774078517 -6.1747214655 -6.1739559762 -6.1692656651 -6.1690801713 -6.1634255661 -6.1621443144 -6.1492651493 -6.1436832969 -6.1292778484 -6.1275999259 -6.1255604356 -6.1249069687 -6.1210556705 -6.1198434392 -6.1196403854 -6.1166868334 -6.1159132674 -6.1139009548 -6.1097339923 -6.1094841032 -6.1035305776 -6.1031543299 -6.0955351417 -6.0954877105 -6.0930248805 -6.0925551581 -6.0880895525 -6.0844318352 -6.0816138555 -6.0814496585 -6.0788175252 -6.0779156051 -6.0756528108 -6.0745937605 -6.0733433086 -6.0721443352 -6.0719111230 -6.0716253530 -6.0648232798 -6.0647776876 -6.0622950378 -6.0618947123 -6.0593379402 -6.0583657092 -6.0578697571 -6.0559142531 -6.0519135315 -6.0465553778 -6.0463492142 -6.0448591283 -6.0423039798 -6.0406894160 -6.0394685616 -6.0378853505 -6.0307442212 -6.0291025949 -6.0269348378 -6.0249460176 -6.0219479993 -6.0208874020 -6.0186094885 -6.0161065313 -6.0127147973 -6.0114790709 -6.0060665769 -6.0034623114 -6.0025580070 -6.0021478604 -5.9960751526 -5.9956726573 -5.9937051974 -5.9922134592 -5.9908462903 -5.9873352268 -5.9811931242 -5.9811719221 -5.9801648763 -5.9798861220 -5.9781868989 -5.9779073023 -5.9759487349 -5.9757679884 -5.9731578352 -5.9727193106 -5.9693419517 -5.9686749097 -5.9670127405 -5.9668649545 -5.9636315047 -5.9632013848 -5.9592279164 -5.9588158600 -5.9575966583 -5.9571946341 -5.9543565308 -5.9541449254 -5.9534408251 -5.9520843900 -5.9467031762 -5.9458806204 -5.9435610372 -5.9433473091 -5.9420276583 -5.9392764407 -5.9391639842 -5.9368061519 -5.9355600412 -5.9329198653 -5.9317935844 -5.9307490363 -5.9279432198 -5.9277132835 -5.9232314357 -5.9228704675 -5.9201562415 -5.9200721085 -5.9169050273 -5.9148098479 -5.9048278510 -5.9047086281 -5.9028893971 -5.9025952059 -5.8990697179 -5.8985822101 -5.8922277116 -5.8918807207 -5.8900846722 -5.8897626231 -5.8850267297 -5.8816867215 -5.8750517999 -5.8748333990 -5.8725815916 -5.8682805964 -5.8643665585 -5.8636162857 -5.8608901073 -5.8582759489 -5.8558103908 -5.8532118807 -5.8514968217 -5.8512014914 -5.8460773508 -5.8425833649 -5.8358976184 -5.8353692381 -5.8311292678 -5.8301602789 -5.8263310723 -5.8221613831 -5.8144211817 -5.8139559473 -5.8096067999 -5.8078662412 -5.8037674046 -5.8024606447 -5.7987012329 -5.7884526103 -5.7869134781 -5.7784082493 -5.7583821481 -5.7580258869 -5.7343010298 -5.7341284290
-6.5473943943 -6.5471481915 -6.5307947982 -6.5306257013 -6.5144689432 -6.5143114141 -6.5047204124 -6.5046244613 -6.4908351737 -6.4907507046 -6.4780805610 -6.4780608333 -6.4493388343 -6.4480271327 -6.4480030896 -6.4476443172 -6.4369647642 -6.4368328954 -6.4317789698 -6.4315290186 -6.4219253074 -6.4217724071 -6.4186629927 -6.4183233250 -6.4163171141 -6.4160998648 -6.4042890530 -6.4041117983 -6.3991236508 -6.3990131877 -6.3891463989 -6.3889612947 -6.3852234253 -6.3851292195 -6.3802452797 -6.3800688067 -6.3740741864 -6.3740138325 -6.3704132771 -6.3703801190 -6.3424338666 -6.3414030814 -6.3301189202 -6.3294893111 -6.3199689044 -6.3198182145 -6.3171343810 -6.3168239600 -6.3145253355 -6.3124583161 -6.3084951541 -6.3079933379 -6.2907166059 -6.2864809004 -6.2808195581 -6.2780932221 -6.2748069729 -6.2733739580 -6.2704189777 -6.2652552807 -6.2577588680 -6.2566347932 -6.2459236011 -6.2454679701 -6.2375097273 -6.2369682287 -6.2351615256 -6.2336655497 -6.2292884813 -6.2270879845 -6.2222980543 -6.2221959333 -6.2168083965 -6.2166623142 -6.2118753453 -6.2117127221 -6.1961658446 -6.1958994660 -6.1859636250 -6.1854358611 -6.1792283292 -6.1788784968 -6.1761052009 -6.1759431830 -6.1704317671 -6.1701162261 -6.1689667957 -6.1681219752 -6.1588754951 -6.1574475639 -6.1437726059 -6.1384360574 -6.1328357748 -6.1311746773 -6.1245786254 -6.1229077353 -6.1227043777 -6.1204702448 -6.1200004015 -6.1193351462 -6.1127539970 -6.1124332762 -6.1117306980 -6.1090178559 -6.1051174266 -6.1047321226 -6.0992489627 -6.0989365124 -6.0947329558 -6.0946219048 -6.0919602170 -6.0884680344 -6.0820196077 -6.0809312260 -6.0803015521 -6.0801311391 -6.0783813008 -6.0765454559 -6.0728928828 -6.0726635163 -6.0706461111 -6.0703841841 -6.0655703353 -6.0651643022 -6.0623424599 -6.0623074117 -6.0602338782 -6.0595487367 -6.0562784869 -6.0528948617 -6.0491559563 -6.0487137896 -6.0478685786 -6.0431281863 -6.0422245285 -6.0413455299 -6.0401941165 -6.0379931118 -6.0318449888 -6.0307403839 -6.0268669010 -6.0249444682 -6.0221600962 -6.0198829666 -6.0172327474 -6.0144516994 -6.0113157059 -6.0105651402 -6.0062828642 -6.0050024104 -6.0029436655 -6.0005401012 -5.9967566886 -5.9955781821 -5.9940932217 -5.9934557597 -5.9913943061 -5.9864586763 -5.9831429898 -5.9827463948 -5.9805921379 -5.9804476213 -5.9798338686 -5.9784684207 -5.9778773158 -5.9776292428 -5.9742959426 -5.9728212075 -5.9708853281 -5.9701577533 -5.9681634154 -5.9679517033 -5.9637857216 -5.9635809696 -5.9599145988 -5.9598277737 -5.9583201126 -5.9570347214 -5.9552256475 -5.9549826231 -5.9522015011 -5.9510244198 -5.9462315760 -5.9459549392 -5.9444725238 -5.9420385177 -5.9417183667 -5.9404142089 -5.9376806904 -5.9359600556 -5.9345850919 -5.9323220192 -5.9311176050 -5.9295584097 -5.9284414340 -5.9277932253 -5.9239233000 -5.9234933038 -5.9179857975 -5.9179234677 -5.9147569484 -5.9126014748 -5.9076936463 -5.9072259615 -5.9017043173 -5.9014472332 -5.8978532089 -5.8974294844 -5.8936630708 -5.8931422193 -5.8879304442 -5.8878229142 -5.8868694392 -5.8837364228 -5.8763013715 -5.8758459083 -5.8738675946 -5.8695018274 -5.8658342129 -5.8649529112 -5.8613606959 -5.8586551771 -5.8550303701 -5.8536973410 -5.8518867127 -5.8510703923 -5.8480733819 -5.8439438524 -5.8361598712 -5.8358680269 -5.8312662018 -5.8302539281 -5.8261684208 -5.8223064796 -5.8140262223 -5.8137516337 -5.8082115378 -5.8070846626 -5.8022861390 -5.8014136205 -5.7971138844 -5.7870472001 -5.7839940205 -5.7763246581 -5.7594080332 -5.7589257762 -5.7357934187 -5.7355594163
-6.5531887076 -6.5529563852 -6.5367144265 -6.5365451464 -6.5194209236 -6.5192460411 -6.5094011455 -6.5092810251 -6.4917723434 -6.4916903008 -6.4794756199 -6.4794581247 -6.4539195724 -6.4522032823 -6.4469413913 -6.4469137762 -6.4363014141 -6.4360966633 -6.4357046223 -6.4355828477 -6.4262871094 -6.4261332354 -6.4205280212 -6.4203153866 -6.4128885410 -6.4125862626 -6.3996114196 -6.3994898525 -6.3988451553 -6.3986203167 -6.3858193552 -6.3857180988 -6.3827456861 -6.3825297952 -6.3744868769 -6.3744407338 -6.3737482976 -6.3735938981 -6.3707876054 -6.3707592839 -6.3373291904 -6.3363178287 -6.3252812656 -6.3246429264 -6.3206722003 -6.3187633746 -6.3151456588 -6.3149926834 -6.3145605113 -6.3140864806 -6.3124139030 -6.3121008280 -6.2960398984 -6.2918475499 -6.2866900630 -6.2836301793 -6.2803330637 -6.2784751950 -6.2754200972 -6.2703149572 -6.2609552760 -6.2601278985 -6.2496914767 -6.2489810957 -6.2409741475 -6.2393645831 -6.2364491482 -6.2358966067 -6.2340665010 -6.2322004870 -6.2225053380 -6.2223907324 -6.2166055810 -6.2164709820 -6.2114582408 -6.2113233351 -6.1941504746 -6.1939253417 -6.1841227098 -6.1837425743 -6.1757446358 -6.1756455230 -6.1744242789 -6.1737943297 -6.1692210805 -6.1688949306 -6.1653666993 -6.1636079290 -6.1540402772 -6.1525549088 -6.1383111649 -6.1364154651 -6.1347806846 -6.1332329714 -6.1281333253 -6.1260107024 -6.1257998837 -6.1228374302 -6.1158045860 -6.1155986518 -6.1153810005 -6.1149483171 -6.1072079394 -6.1067977836 -6.1063609212 -6.1043329731 -6.1029851148 -6.1026148061 -6.0975700047 -6.0962411485 -6.0949889887 -6.0924750246 -6.0853638073 -6.0841654198 -6.0817973838 -6.0799630145 -6.0789276738 -6.0787561468 -6.0720285764 -6.0719156668 -6.0694231858 -6.0692070659 -6.0670331531 -6.0665307562 -6.0625543505 -6.0622800919 -6.0613017122 -6.0608819496 -6.0532253446 -6.0522128387 -6.0508377738 -6.0498758251 -6.0458098116 -6.0430786611 -6.0419011174 -6.0408023040 -6.0393997248 -6.0384891671 -6.0334813522 -6.0326057033 -6.0273725644 -6.0251042496 -6.0214636084 -6.0187271443 -6.0159351666 -6.0140192375 -6.0099009517 -6.0097817870 -6.0071823092 -6.0069081730 -6.0017089930 -5.9994135578 -5.9979641406 -5.9971376147 -5.9940314542 -5.9926151510 -5.9914819867 -5.9868539661 -5.9855150207 -5.9844895440 -5.9821220876 -5.9815948254 -5.9804030513 -5.9802606581 -5.9790281487 -5.9783173504 -5.9747605168 -5.9733929931 -5.9723578979 -5.9712909494 -5.9690653372 -5.9687219213 -5.9640342027 -5.9639308221 -5.9610893530 -5.9609571286 -5.9587093746 -5.9571646817 -5.9559719982 -5.9552764627 -5.9510093138 -5.9500684920 -5.9482844695 -5.9452628925 -5.9442976120 -5.9439584134 -5.9404252641 -5.9388487419 -5.9361214712 -5.9351114364 -5.9336181957 -5.9320933269 -5.9308954498 -5.9293356932 -5.9284055185 -5.9264753031 -5.9245681066 -5.9240948664 -5.9158627328 -5.9158124338 -5.9126113185 -5.9118153912 -5.9100700699 -5.9092611512 -5.9004283067 -5.9001635664 -5.8974909397 -5.8974080903 -5.8939947591 -5.8939002178 -5.8890008161 -5.8859167820 -5.8856590022 -5.8852646206 -5.8775972670 -5.8769998209 -5.8752604863 -5.8709728546 -5.8673461250 -5.8665736097 -5.8615115277 -5.8595557995 -5.8544940876 -5.8542218623 -5.8518161514 -5.8512713604 -5.8491942981 -5.8453506028 -5.8366653979 -5.8364614705 -5.8312500792 -5.8305601791 -5.8259578021 -5.8223676518 -5.8136909475 -5.8135485980 -5.8071110835 -5.8063215001 -5.8007955073 -5.8004286289 -5.7953176537 -5.7856545847 -5.7810475161 -5.7742407753 -5.7605012985 -5.7598615445 -5.7374044153 -5.7370954758
-6.5589394036 -6.5587196155 -6.5425917440 -6.5424217322 -6.5243152193 -6.5241227560 -6.5140479480 -6.5139010903 -6.4926348912 -6.4925568413 -6.4807749022 -6.4807592228 -6.4584960465 -6.4567285324 -6.4458946181 -6.4458584579 -6.4405752980 -6.4403748552 -6.4348042911 -6.4346643021 -6.4306156957 -6.4304610974 -6.4247001700 -6.4244912819 -6.4070990070 -6.4068362640 -6.4001262355 -6.3999896185 -6.3934407921 -6.3931377354 -6.3864586160 -6.3863493764 -6.3763605960 -6.3761263781 -6.3747853253 -6.3747109080 -6.3711829266 -6.3711608983 -6.3674074764 -6.3672296882 -6.3322209518 -6.3312312725 -6.3267942166 -6.3250424036 -6.3206124451 -6.3204447873 -6.3201446612 -6.3197885588 -6.3102944183 -6.3101399280 -6.3076939491 -6.3073763724 -6.3014029596 -6.2972535975 -6.2925693425 -6.2892425542 -6.2859964140 -6.2837056068 -6.2805422654 -6.2755546752 -6.2643803736 -6.2637570917 -6.2537798361 -6.2528175273 -6.2454449481 -6.2438062442 -6.2396514865 -6.2375081011 -6.2358582183 -6.2358455731 -6.2224280125 -6.2223270731 -6.2165108575 -6.2163882616 -6.2110871679 -6.2109730473 -6.1924615701 -6.1922736878 -6.1826781659 -6.1823706330 -6.1750039161 -6.1749590976 -6.1701363227 -6.1698827365 -6.1689277710 -6.1682441557 -6.1601930066 -6.1582051772 -6.1491250124 -6.1476097837 -6.1400158482 -6.1384128098 -6.1329027971 -6.1317195020 -6.1291597765 -6.1289445668 -6.1280850355 -6.1263869826 -6.1187016354 -6.1184514641 -6.1106937095 -6.1104719070 -6.1090540946 -6.1082515157 -6.1063794432 -6.1063367976 -6.1025927063 -6.1014908866 -6.0996742599 -6.0983007723 -6.0969722485 -6.0960724611 -6.0888243615 -6.0875971084 -6.0853010795 -6.0834881144 -6.0775570404 -6.0773922219 -6.0713221920 -6.0712568389 -6.0691362525 -6.0688524201 -6.0675116734 -6.0673945316 -6.0645626201 -6.0636897011 -6.0607449992 -6.0606691435 -6.0555233008 -6.0540645173 -6.0501117687 -6.0469220645 -6.0442518349 -6.0429828138 -6.0425789699 -6.0403360472 -6.0396141734 -6.0369088521 -6.0351702628 -6.0341221281 -6.0279985872 -6.0254429841 -6.0203393013 -6.0176444007 -6.0152610187 -6.0142404553 -6.0112381958 -6.0093736427 -6.0077176893 -6.0051137870 -6.0014613303 -6.0004659007 -5.9994157674 -5.9966204745 -5.9933824439 -5.9920458761 -5.9910097516 -5.9885122503 -5.9879345605 -5.9861433890 -5.9841178997 -5.9829981644 -5.9824534587 -5.9815159916 -5.9792006359 -5.9788995898 -5.9753294860 -5.9743012969 -5.9733900495 -5.9722295843 -5.9695346463 -5.9688842977 -5.9642767658 -5.9642335022 -5.9622848455 -5.9621921748 -5.9591865140 -5.9579337987 -5.9561732374 -5.9551018837 -5.9508088134 -5.9499048136 -5.9487360448 -5.9469141810 -5.9445138520 -5.9432972465 -5.9389688678 -5.9375160316 -5.9345760320 -5.9343243877 -5.9327976821 -5.9322381242 -5.9310529846 -5.9291153647 -5.9276824544 -5.9256327765 -5.9245902754 -5.9242436151 -5.9152146818 -5.9142162832 -5.9130281263 -5.9124949555 -5.9104426784 -5.9074804080 -5.8996763727 -5.8994909924 -5.8983885658 -5.8978681188 -5.8936126954 -5.8931926825 -5.8907422609 -5.8873429777 -5.8838835067 -5.8828845732 -5.8789108107 -5.8782730046 -5.8767530112 -5.8725919294 -5.8688231987 -5.8681646554 -5.8618827998 -5.8607968896 -5.8550101119 -5.8536132474 -5.8530125176 -5.8514420086 -5.8486721955 -5.8466679672 -5.8375108086 -5.8368316045 -5.8313351611 -5.8310388660 -5.8256501963 -5.8223615315 -5.8134023886 -5.8133191108 -5.8062152523 -5.8056153583 -5.7995463383 -5.7994599218 -5.7932914232 -5.7842720620 -5.7781408216 -5.7721981132 -5.7616352233 -5.7607962167 -5.7391237865 -5.7387256016
-6.5646422334 -6.5644337098 -6.5484193838 -6.5482482701 -6.5291559677 -6.5289464026 -6.5186632677 -6.5184888653 -6.4934073640 -6.4933348406 -6.4819554579 -6.4819407145 -6.4630668705 -6.4612478832 -6.4450506535 -6.4449487926 -6.4447817378 -6.4446593873 -6.4350978942 -6.4349363547 -6.4336957627 -6.4335558007 -6.4288291476 -6.4286232602 -6.4013873563 -6.4012142458 -6.4005826101 -6.4004832463 -6.3879962883 -6.3876301145 -6.3871457811 -6.3870296009 -6.3752920990 -6.3752022565 -6.3715669814 -6.3715448345 -6.3698380722 -6.3695518583 -6.3610538742 -6.3608729129 -6.3328916449 -6.3312945988 -6.3271188345 -6.3266135313 -6.3261632517 -6.3261314300 -6.3155918286 -6.3149332876 -6.3068111541 -6.3054483389 -6.3052936293 -6.3029935204 -6.3026953518 -6.3026370820 -6.2984468334 -6.2949188889 -6.2917738933 -6.2890477252 -6.2857777595 -6.2809122837 -6.2680223392 -6.2675547649 -6.2580757480 -6.2568667815 -6.2499807016 -6.2484749189 -6.2446566056 -6.2426648085 -6.2356901216 -6.2356692777 -6.2222255750 -6.2221376766 -6.2165091789 -6.2163985438 -6.2107689804 -6.2106726211 -6.1910900950 -6.1909357243 -6.1814744583 -6.1812109234 -6.1745218708 -6.1744937363 -6.1693409372 -6.1692524331 -6.1651124653 -6.1641618963 -6.1549523958 -6.1527339122 -6.1442086628 -6.1436399309 -6.1426686313 -6.1420685603 -6.1353323906 -6.1323482403 -6.1321249109 -6.1299809396 -6.1275436594 -6.1230487603 -6.1217679207 -6.1215272163 -6.1124021318 -6.1113792547 -6.1088968547 -6.1087616399 -6.1060585801 -6.1058834257 -6.1056083911 -6.1017491774 -6.0987480813 -6.0984056310 -6.0982790077 -6.0956422375 -6.0921699860 -6.0911177951 -6.0888030566 -6.0871036600 -6.0761184960 -6.0759529075 -6.0716882323 -6.0714368764 -6.0698748238 -6.0695746746 -6.0671184691 -6.0664587776 -6.0660315074 -6.0655871257 -6.0604203948 -6.0600118494 -6.0585615286 -6.0571536814 -6.0472340812 -6.0458084190 -6.0446584144 -6.0437599964 -6.0413544044 -6.0403045970 -6.0396053685 -6.0372468844 -6.0350855080 -6.0336556037 -6.0283926532 -6.0259039131 -6.0191383118 -6.0168507389 -6.0163724270 -6.0149937777 -6.0115683977 -6.0105703548 -6.0063201506 -6.0033169433 -6.0029848675 -6.0019266994 -5.9991880228 -5.9954913999 -5.9929594891 -5.9920731520 -5.9906996668 -5.9906334486 -5.9896952586 -5.9880606748 -5.9858596557 -5.9851319033 -5.9838971471 -5.9829928336 -5.9803437227 -5.9789945149 -5.9766909913 -5.9748058569 -5.9741005061 -5.9731789679 -5.9697023978 -5.9685128362 -5.9646327233 -5.9644431588 -5.9635307341 -5.9630056758 -5.9597624947 -5.9588662431 -5.9565281225 -5.9545269452 -5.9525430148 -5.9494788755 -5.9488767122 -5.9478200497 -5.9438500148 -5.9426429183 -5.9377278103 -5.9364554121 -5.9338093262 -5.9333074324 -5.9324889827 -5.9323548643 -5.9307458054 -5.9286600939 -5.9268424021 -5.9261532337 -5.9246706995 -5.9224467095 -5.9180848815 -5.9162034051 -5.9113101598 -5.9112023365 -5.9083309814 -5.9053435626 -5.9010524747 -5.9006473435 -5.8977344171 -5.8972602027 -5.8937345919 -5.8932228150 -5.8907812971 -5.8882909280 -5.8821228385 -5.8806282232 -5.8800651330 -5.8795446012 -5.8783041273 -5.8742782407 -5.8702247182 -5.8696524822 -5.8626647403 -5.8622148816 -5.8553570776 -5.8548063402 -5.8533846460 -5.8510872628 -5.8478330067 -5.8475838413 -5.8383069481 -5.8372397550 -5.8316713579 -5.8315707181 -5.8252430825 -5.8223202196 -5.8131508348 -5.8130701891 -5.8054650033 -5.8049870589 -5.7987022849 -5.7984162664 -5.7910948641 -5.7829149834 -5.7753448478 -5.7702809564 -5.7627560850 -5.7616525120 -5.7409368585 -5.7404355831
-6.5702933878 -6.5700949435 -6.5541908456 -6.5540183901 -6.5339470766 -6.5337213249 -6.5232495713 -6.5230476203 -6.4940755439 -6.4940100212 -6.4829953368 -6.4829801585 -6.4676349617 -6.4657644832 -6.4493246717 -6.4491699168 -6.4439146140 -6.4438602009 -6.4393221497 -6.4391579187 -6.4330926624 -6.4329184890 -6.4327374347 -6.4325609606 -6.4014660786 -6.4012988565 -6.3954161504 -6.3952326090 -6.3878882382 -6.3877642910 -6.3825191088 -6.3820877955 -6.3757805551 -6.3756819620 -6.3718791663 -6.3718620672 -6.3634116837 -6.3630958663 -6.3547316246 -6.3545479985 -6.3389569857 -6.3375106500 -6.3325463124 -6.3321408143 -6.3220076367 -6.3210700967 -6.3122630767 -6.3107492357 -6.3100784291 -6.3081955218 -6.3043215931 -6.3007129349 -6.3005631267 -6.3004354772 -6.2982521030 -6.2979989643 -6.2975617136 -6.2944834078 -6.2911176083 -6.2863537126 -6.2718684411 -6.2715256164 -6.2625181852 -6.2610792205 -6.2545122357 -6.2531716792 -6.2497221117 -6.2478354542 -6.2354195948 -6.2353983841 -6.2219556692 -6.2218786016 -6.2165841577 -6.2164853159 -6.2105060647 -6.2104260499 -6.1900219824 -6.1898977064 -6.1804565641 -6.1802288497 -6.1741351819 -6.1741079151 -6.1693916720 -6.1693005905 -6.1604711063 -6.1594754094 -6.1496941959 -6.1473046127 -6.1472547623 -6.1457495455 -6.1393355838 -6.1389695082 -6.1377859845 -6.1355444492 -6.1353166793 -6.1336116264 -6.1249519934 -6.1246898928 -6.1222738279 -6.1179947554 -6.1163310704 -6.1153646349 -6.1108851926 -6.1106058042 -6.1097595039 -6.1058518688 -6.1017388150 -6.1014656306 -6.1005494741 -6.1001180556 -6.0963630319 -6.0957066559 -6.0935599513 -6.0932552508 -6.0904422452 -6.0900776093 -6.0749132912 -6.0746525334 -6.0732642005 -6.0730051120 -6.0703095924 -6.0695626541 -6.0686373772 -6.0676036604 -6.0650517007 -6.0648438730 -6.0622738027 -6.0600953782 -6.0593879200 -6.0592342571 -6.0481305434 -6.0465453944 -6.0442433694 -6.0439355623 -6.0411698550 -6.0405145309 -6.0378888935 -6.0367993909 -6.0355161061 -6.0308892966 -6.0285026422 -6.0263693132 -6.0187905529 -6.0179684822 -6.0174298686 -6.0154106853 -6.0111736972 -6.0109125996 -6.0071417086 -6.0044213234 -6.0027911875 -6.0008713777 -5.9981501432 -5.9948222368 -5.9937052113 -5.9930741608 -5.9923358625 -5.9922609855 -5.9902103738 -5.9888875214 -5.9874487431 -5.9872953562 -5.9849316906 -5.9843514784 -5.9814247902 -5.9800479658 -5.9782924687 -5.9753508220 -5.9748848853 -5.9734949579 -5.9698688469 -5.9682605597 -5.9655603262 -5.9651528548 -5.9641317240 -5.9629398257 -5.9602326403 -5.9596735742 -5.9576277352 -5.9537075170 -5.9534036854 -5.9519530960 -5.9479348504 -5.9468624154 -5.9432030204 -5.9419998927 -5.9368834940 -5.9356793143 -5.9338842692 -5.9333102695 -5.9320355973 -5.9317873123 -5.9297264160 -5.9280415369 -5.9267460788 -5.9266105494 -5.9238049152 -5.9211370226 -5.9206966019 -5.9186978948 -5.9094658654 -5.9091912790 -5.9062899310 -5.9035344726 -5.9027298110 -5.9021098334 -5.8975367846 -5.8967985189 -5.8947332198 -5.8932595930 -5.8895860441 -5.8881861232 -5.8821071323 -5.8812052921 -5.8802570802 -5.8791579220 -5.8781284983 -5.8759334981 -5.8715147470 -5.8710200797 -5.8638081623 -5.8636963275 -5.8572291611 -5.8547495795 -5.8538253161 -5.8509812983 -5.8477461668 -5.8469591431 -5.8389873240 -5.8376752056 -5.8323202688 -5.8320146217 -5.8247738732 -5.8222765519 -5.8129182715 -5.8128336878 -5.8048329251 -5.8044482678 -5.7979682753 -5.7975853247 -5.7888241070 -5.7816117715 -5.7727884325 -5.7686840831 -5.7637392313 -5.7622475738 -5.7428208982 -5.7422060231
-6.5758894892 -6.5757000267 -6.5599004470 -6.5597265050 -6.5386921651 -6.5384513923 -6.5278091597 -6.5275800355 -6.4946265205 -6.4945693700 -6.4838740821 -6.4838568638 -6.4722034004 -6.4702819058 -6.4536944294 -6.4535535505 -6.4436185029 -6.4434544274 -6.4430070379 -6.4429411054 -6.4369708432 -6.4367683001 -6.4321303581 -6.4319778207 -6.4022562136 -6.4020740005 -6.3896381127 -6.3895141689 -6.3885725739 -6.3884638558 -6.3770346264 -6.3765808547 -6.3762810787 -6.3761890111 -6.3721671121 -6.3721514114 -6.3569713255 -6.3566253010 -6.3484550046 -6.3482684790 -6.3449887223 -6.3436900342 -6.3384377955 -6.3380639917 -6.3177697958 -6.3169167064 -6.3160141040 -6.3137356789 -6.3101757492 -6.3064550722 -6.3059165867 -6.3052198059 -6.3036147307 -6.3000081314 -6.2965842491 -6.2957332860 -6.2955788485 -6.2935470083 -6.2931831156 -6.2918480360 -6.2759100200 -6.2756554811 -6.2670647130 -6.2654244404 -6.2590425578 -6.2578686066 -6.2547702417 -6.2529704671 -6.2351511970 -6.2351339933 -6.2216521877 -6.2215842744 -6.2167190733 -6.2166319634 -6.2102986547 -6.2102342446 -6.1892402669 -6.1891426353 -6.1796119651 -6.1794219681 -6.1738260102 -6.1737939697 -6.1694929603 -6.1694152878 -6.1558280889 -6.1547911592 -6.1509299670 -6.1494503424 -6.1444490932 -6.1426287185 -6.1418959013 -6.1387619502 -6.1385306920 -6.1372762473 -6.1345272397 -6.1329888167 -6.1281095035 -6.1278392522 -6.1204763165 -6.1195993425 -6.1171490813 -6.1144741330 -6.1131353188 -6.1124094308 -6.1121481665 -6.1099763046 -6.1028770649 -6.1019299668 -6.0999526382 -6.0995187632 -6.0973885292 -6.0967667782 -6.0963918889 -6.0948479863 -6.0893354665 -6.0867073202 -6.0766281913 -6.0759070695 -6.0727483164 -6.0726558032 -6.0722053933 -6.0706185896 -6.0685512198 -6.0682419534 -6.0654224153 -6.0635417622 -6.0632089490 -6.0626693065 -6.0589004138 -6.0588295027 -6.0504720265 -6.0492697845 -6.0458525618 -6.0442141292 -6.0403795879 -6.0378182556 -6.0376792208 -6.0361480039 -6.0335174439 -6.0284905192 -6.0283798757 -6.0264646047 -6.0214902840 -6.0194562565 -6.0169560492 -6.0151354354 -6.0120388594 -6.0102568822 -6.0084384342 -6.0068266855 -6.0011626527 -5.9990805853 -5.9972338135 -5.9960202229 -5.9958640703 -5.9941329690 -5.9934710231 -5.9931981579 -5.9917997479 -5.9899929524 -5.9885641627 -5.9880272353 -5.9855610569 -5.9854592167 -5.9823399391 -5.9815352693 -5.9798853784 -5.9765326617 -5.9755870421 -5.9731737079 -5.9701356422 -5.9684381093 -5.9668130676 -5.9664340184 -5.9642758684 -5.9628122376 -5.9604600881 -5.9603159552 -5.9588091124 -5.9547756784 -5.9533613257 -5.9522203905 -5.9470449305 -5.9459019974 -5.9425791870 -5.9413579076 -5.9367032585 -5.9352474353 -5.9340134305 -5.9337732224 -5.9316391045 -5.9312596843 -5.9283625562 -5.9276705839 -5.9268631208 -5.9267047841 -5.9245817899 -5.9217918567 -5.9216383978 -5.9181394066 -5.9081815082 -5.9074987606 -5.9047838262 -5.9043444566 -5.9035070090 -5.9008688794 -5.8989334173 -5.8974199639 -5.8943046982 -5.8928778455 -5.8883846756 -5.8875830750 -5.8832262739 -5.8826343514 -5.8816604764 -5.8777844721 -5.8776260398 -5.8757044236 -5.8726120690 -5.8722168297 -5.8652168755 -5.8651142526 -5.8592813862 -5.8550246476 -5.8542870243 -5.8509728127 -5.8472527603 -5.8461825041 -5.8395105958 -5.8381217829 -5.8329870645 -5.8325469606 -5.8242891106 -5.8222572994 -5.8127064426 -5.8126269793 -5.8043085866 -5.8040061119 -5.7973385040 -5.7969504686 -5.7865678408 -5.7804128388 -5.7707805774 -5.7677963269 -5.7642636900 -5.7622152752 -5.7447371709 -5.7440082943
-6.5814275944 -6.5812461025 -6.5655432839 -6.5653677815 -6.5433945627 -6.5431400628 -6.5323441464 -6.5320884034 -6.4950488478 -6.4950012805 -6.4845738556 -6.4845530509 -6.4767748400 -6.4748036060 -6.4580682593 -6.4579346424 -6.4478961483 -6.4477225308 -6.4422128630 -6.4421355314 -6.4409253160 -6.4407273029 -6.4314597141 -6.4313031230 -6.4031589588 -6.4029616878 -6.3895654351 -6.3894274137 -6.3836246076 -6.3834969186 -6.3769268281 -6.3768198984 -6.3724158665 -6.3724052178 -6.3714642278 -6.3709028281 -6.3509897937 -6.3505463783 -6.3501648705 -6.3498273026 -6.3442872484 -6.3439514960 -6.3422183950 -6.3420296357 -6.3233277520 -6.3193325763 -6.3160131834 -6.3122805067 -6.3118499248 -6.3109767175 -6.3096517620 -6.3055936139 -6.3021052052 -6.3010714954 -6.3003802092 -6.2974238149 -6.2908856905 -6.2907394658 -6.2888357822 -6.2884640468 -6.2801453897 -6.2799113747 -6.2716840182 -6.2698788434 -6.2635872705 -6.2625654155 -6.2597829018 -6.2580617386 -6.2349186790 -6.2349069285 -6.2213412015 -6.2212816479 -6.2168961505 -6.2168210341 -6.2101460023 -6.2100966899 -6.1887277555 -6.1886526299 -6.1789507427 -6.1788057811 -6.1735903662 -6.1735539576 -6.1696124291 -6.1695578951 -6.1546023631 -6.1531699483 -6.1512099367 -6.1501485909 -6.1463105164 -6.1419657987 -6.1417295997 -6.1409674586 -6.1392434084 -6.1365745069 -6.1315037335 -6.1312155229 -6.1296328250 -6.1281397101 -6.1247108949 -6.1238751967 -6.1189667217 -6.1151239199 -6.1139435655 -6.1133918669 -6.1119889450 -6.1082857408 -6.1059377541 -6.1043372058 -6.1028049943 -6.1024785146 -6.0999193828 -6.0988816809 -6.0934559023 -6.0925759929 -6.0859832758 -6.0834770900 -6.0796551977 -6.0786055523 -6.0748636341 -6.0732843627 -6.0708413385 -6.0706474064 -6.0686926676 -6.0682418944 -6.0670633118 -6.0650778266 -6.0620112711 -6.0618176459 -6.0584493302 -6.0583916804 -6.0530371419 -6.0522666771 -6.0478687697 -6.0463773432 -6.0382667413 -6.0366619111 -6.0364695975 -6.0349750634 -6.0306382271 -6.0280775925 -6.0280645828 -6.0246667431 -6.0242316293 -6.0217204732 -6.0160999656 -6.0154994087 -6.0133975715 -6.0104152270 -6.0087644347 -6.0085717375 -5.9996349489 -5.9989016690 -5.9983627108 -5.9977461665 -5.9963988136 -5.9954722835 -5.9948067591 -5.9940078923 -5.9925580757 -5.9919295054 -5.9896172056 -5.9883673503 -5.9862074369 -5.9853886314 -5.9832316194 -5.9831046154 -5.9813354967 -5.9778963003 -5.9759806878 -5.9730539610 -5.9703958288 -5.9689648389 -5.9681463391 -5.9677178053 -5.9647614669 -5.9633884206 -5.9622064542 -5.9599630246 -5.9585566568 -5.9572152427 -5.9526965319 -5.9507250889 -5.9461953546 -5.9449318676 -5.9419904510 -5.9407036402 -5.9372603626 -5.9353878888 -5.9339939670 -5.9338436438 -5.9316794982 -5.9312931477 -5.9280884842 -5.9280133285 -5.9269477649 -5.9260571286 -5.9256032773 -5.9238774948 -5.9196865797 -5.9161847933 -5.9086124475 -5.9076974853 -5.9041950655 -5.9041351484 -5.9024934092 -5.9002244078 -5.8994055184 -5.8983257134 -5.8934687199 -5.8920610622 -5.8875544642 -5.8873603312 -5.8843962704 -5.8838930037 -5.8826811398 -5.8792831610 -5.8762632857 -5.8742279518 -5.8731680031 -5.8726075141 -5.8666354634 -5.8665120582 -5.8613148783 -5.8566910296 -5.8537213215 -5.8509983245 -5.8465484650 -5.8455364376 -5.8398480989 -5.8385626522 -5.8335945772 -5.8331170364 -5.8238259824 -5.8222821089 -5.8125257755 -5.8124586718 -5.8038892011 -5.8036653958 -5.7968208619 -5.7964886268 -5.7844016910 -5.7794101132 -5.7698532717 -5.7678442747 -5.7637596238 -5.7613771781 -5.7466121888 -5.7457955984
-6.5869052224 -6.5867307733 -6.5711152190 -6.5709381358 -6.5480573582 -6.5477904763 -6.5368565042 -6.5365747738 -6.4953328332 -6.4952958313 -6.4850828732 -6.4850561823 -6.4813486530 -6.4793319777 -6.4624484713 -6.4623151722 -6.4521645979 -6.4519839356 -6.4449446584 -6.4447449299 -6.4413763325 -6.4412936755 -6.4308949198 -6.4307343441 -6.4041797942 -6.4039675564 -6.3904653181 -6.3903175365 -6.3778242202 -6.3777969080 -6.3773609574 -6.3773324953 -6.3726095639 -6.3725967703 -6.3658853822 -6.3652726855 -6.3569455409 -6.3559283569 -6.3500714877 -6.3497730920 -6.3441381219 -6.3437323238 -6.3360615381 -6.3358684566 -6.3289471206 -6.3249861884 -6.3218228538 -6.3181326288 -6.3157447744 -6.3112558741 -6.3077898663 -6.3067262558 -6.3059717084 -6.3030139457 -6.2962760240 -6.2955531106 -6.2860506508 -6.2858961362 -6.2846867273 -6.2844274699 -6.2839821850 -6.2836229735 -6.2763529762 -6.2744216956 -6.2681625475 -6.2672698069 -6.2647517801 -6.2631057075 -6.2347413088 -6.2347346128 -6.2210470327 -6.2209961569 -6.2170952734 -6.2170329798 -6.2100472123 -6.2100123980 -6.1884698745 -6.1884113730 -6.1784963724 -6.1784057295 -6.1734293676 -6.1733905198 -6.1697343068 -6.1697111607 -6.1582906102 -6.1569076627 -6.1500119356 -6.1466266116 -6.1455657473 -6.1451390574 -6.1449094509 -6.1446674733 -6.1346804534 -6.1344035320 -6.1340568788 -6.1313626587 -6.1290427247 -6.1283018511 -6.1251809447 -6.1238965067 -6.1230576949 -6.1192274038 -6.1157692301 -6.1154296181 -6.1097735930 -6.1079731016 -6.1075578537 -6.1053852864 -6.1052229182 -6.1034623011 -6.1025492451 -6.1021723020 -6.0899228195 -6.0889277002 -6.0844548822 -6.0831441268 -6.0815260165 -6.0793081964 -6.0772320294 -6.0754719511 -6.0712869580 -6.0696164552 -6.0692855651 -6.0687292893 -6.0661851023 -6.0658480086 -6.0607886792 -6.0605836409 -6.0579549917 -6.0578997695 -6.0556547940 -6.0551792442 -6.0498079323 -6.0486858725 -6.0375314016 -6.0366541965 -6.0341057011 -6.0324756881 -6.0286623993 -6.0285471973 -6.0275224914 -6.0261864989 -6.0241018033 -6.0218603555 -6.0174392569 -6.0155042716 -6.0138783679 -6.0123693927 -6.0086826063 -6.0086627099 -6.0014998396 -6.0010525357 -5.9986427334 -5.9983683488 -5.9974349201 -5.9968325481 -5.9951972980 -5.9947126144 -5.9930522427 -5.9929578648 -5.9904831923 -5.9892567944 -5.9865603058 -5.9847607240 -5.9846033273 -5.9842527679 -5.9825181922 -5.9792999669 -5.9759495866 -5.9733999514 -5.9706267729 -5.9699134450 -5.9693491894 -5.9688105832 -5.9655621123 -5.9646376572 -5.9639402626 -5.9603492952 -5.9587106593 -5.9580761428 -5.9514780183 -5.9489020439 -5.9453644441 -5.9439452709 -5.9414982652 -5.9400347779 -5.9382274873 -5.9360844647 -5.9340330529 -5.9335971558 -5.9322658445 -5.9321470856 -5.9296694770 -5.9284950520 -5.9272222832 -5.9255901685 -5.9245212093 -5.9239373428 -5.9175272999 -5.9142336085 -5.9101961152 -5.9094780986 -5.9044857013 -5.9029790469 -5.9018455686 -5.9002776478 -5.8991541613 -5.8968220314 -5.8927898070 -5.8913513687 -5.8878457065 -5.8875762656 -5.8859235150 -5.8846384427 -5.8825208955 -5.8805503309 -5.8760733832 -5.8747991603 -5.8723973054 -5.8708126987 -5.8679045181 -5.8678088940 -5.8633201141 -5.8585910213 -5.8531333862 -5.8511274040 -5.8458549282 -5.8450768114 -5.8399865066 -5.8389823961 -5.8340731513 -5.8336614677 -5.8234094946 -5.8223647229 -5.8123864247 -5.8123354735 -5.8035751862 -5.8034296676 -5.7964230344 -5.7961852543 -5.7824031045 -5.7787655864 -5.7698772890 -5.7684492294 -5.7622879944 -5.7602197415 -5.7482926852 -5.7474817885
-6.5923204199 -6.5921521647 -6.5766129120 -6.5764342670 -6.5526834920 -6.5524055783 -6.5413481512 -6.5410410844 -6.4954710868 -6.4954453041 -6.4860306449 -6.4853827899 -6.4852790899 -6.4838530402 -6.4668377633 -6.4666991562 -6.4564175850 -6.4562288847 -6.4488381573 -6.4486377163 -6.4407020811 -6.4406104853 -6.4304462084 -6.4302817603 -6.4053257736 -6.4050988991 -6.3914377855 -6.3912803577 -6.3782278014 -6.3781198904 -6.3728510376 -6.3728439558 -6.3716669597 -6.3715285891 -6.3628626236 -6.3619801877 -6.3602631406 -6.3595968937 -6.3558104045 -6.3555551818 -6.3377676707 -6.3373321841 -6.3346348868 -6.3307359359 -6.3299479435 -6.3297580353 -6.3276045117 -6.3240115894 -6.3218841545 -6.3169450284 -6.3134103447 -6.3086597376 -6.3017921668 -6.3010100296 -6.2915064991 -6.2907622218 -6.2891470244 -6.2887525282 -6.2812506746 -6.2811502939 -6.2809733904 -6.2794188880 -6.2791631928 -6.2788415634 -6.2727807993 -6.2719907037 -6.2696720720 -6.2681010708 -6.2346335162 -6.2346266871 -6.2207957966 -6.2207552360 -6.2172927118 -6.2172447343 -6.2100020772 -6.2099804033 -6.1884566484 -6.1884061741 -6.1782788369 -6.1782496074 -6.1733493929 -6.1733089873 -6.1698603240 -6.1698428096 -6.1619941069 -6.1606629908 -6.1537325268 -6.1484930320 -6.1482332673 -6.1480039886 -6.1420802839 -6.1410226088 -6.1379234505 -6.1376477210 -6.1333772899 -6.1327526852 -6.1290493622 -6.1279321825 -6.1262485609 -6.1238252683 -6.1208110464 -6.1195076412 -6.1176045140 -6.1172570028 -6.1133065659 -6.1118153403 -6.1100514312 -6.1083390303 -6.1048505141 -6.1046543095 -6.1017299063 -6.0989433806 -6.0880132259 -6.0873977347 -6.0858792518 -6.0854688483 -6.0800457297 -6.0786736306 -6.0786165292 -6.0762493886 -6.0738656182 -6.0710489093 -6.0687735517 -6.0687109028 -6.0644034601 -6.0643171366 -6.0604560634 -6.0603844498 -6.0582015456 -6.0579548521 -6.0569799433 -6.0563247866 -6.0514410972 -6.0507858154 -6.0371696761 -6.0368809803 -6.0313105844 -6.0310044132 -6.0299372957 -6.0296993854 -6.0263401405 -6.0258553670 -6.0242698049 -6.0203336299 -6.0189308608 -6.0158358445 -6.0140461623 -6.0140346267 -6.0086200775 -6.0085569523 -6.0042061691 -6.0036973879 -6.0012523438 -5.9993091392 -5.9980924871 -5.9978382747 -5.9959641331 -5.9956124906 -5.9933773716 -5.9925477528 -5.9911108525 -5.9902673123 -5.9866382359 -5.9857463383 -5.9855418066 -5.9842752418 -5.9830699451 -5.9806942753 -5.9755722109 -5.9741169912 -5.9713661549 -5.9712738142 -5.9703658875 -5.9692961186 -5.9665203213 -5.9664722075 -5.9650645291 -5.9626550148 -5.9583029082 -5.9579629989 -5.9498967817 -5.9469680475 -5.9445365615 -5.9429590252 -5.9414341912 -5.9394821759 -5.9390122624 -5.9371077601 -5.9346347509 -5.9335790848 -5.9331223231 -5.9330396410 -5.9305584009 -5.9291365679 -5.9273411426 -5.9264670553 -5.9227085884 -5.9222403873 -5.9154293627 -5.9129552759 -5.9115368073 -5.9113713955 -5.9063035920 -5.9035546678 -5.9002682562 -5.8996251166 -5.8972707133 -5.8951508081 -5.8925419549 -5.8913051765 -5.8883543398 -5.8883170043 -5.8875393084 -5.8851884702 -5.8818410465 -5.8812429851 -5.8765680858 -5.8756247768 -5.8707713041 -5.8693090890 -5.8688590654 -5.8682321862 -5.8652929577 -5.8606211464 -5.8525781480 -5.8513952767 -5.8452853062 -5.8448537142 -5.8399346175 -5.8393673723 -5.8343563152 -5.8341136171 -5.8230553140 -5.8225145513 -5.8122967480 -5.8122633597 -5.8033682957 -5.8033017978 -5.7961523090 -5.7960318603 -5.7806756076 -5.7787027738 -5.7700120931 -5.7691835685 -5.7606489124 -5.7594040706 -5.7494633824 -5.7488916723
-6.5976718141 -6.5975089782 -6.5820338501 -6.5818536919 -6.5572758492 -6.5569882335 -6.5458210316 -6.5454892662 -6.4954603779 -6.4954454625 -6.4905670385 -6.4884589368 -6.4854438626 -6.4854079082 -6.4712389500 -6.4710916423 -6.4606530363 -6.4604554272 -6.4526927690 -6.4524921136 -6.4401106878 -6.4400100530 -6.4301224480 -6.4299542307 -6.4066024400 -6.4063614651 -6.3924881965 -6.3923205687 -6.3788855405 -6.3787817092 -6.3729387777 -6.3729200950 -6.3687285047 -6.3679776963 -6.3657439944 -6.3655656013 -6.3615011048 -6.3612939582 -6.3545966534 -6.3538798998 -6.3403853285 -6.3365079555 -6.3333708912 -6.3314401738 -6.3309753061 -6.3299092748 -6.3280644292 -6.3239501092 -6.3237495990 -6.3226616680 -6.3191541569 -6.3143122667 -6.2968549832 -6.2961325397 -6.2938487601 -6.2933446190 -6.2867359605 -6.2861105429 -6.2856585539 -6.2837132166 -6.2774574923 -6.2767692683 -6.2764291663 -6.2762239948 -6.2748616362 -6.2744165360 -6.2742233885 -6.2730281927 -6.2346033589 -6.2345908712 -6.2206169389 -6.2205891419 -6.2174617340 -6.2174290859 -6.2100127798 -6.2099989934 -6.1886822708 -6.1886302483 -6.1783623255 -6.1783260104 -6.1733635600 -6.1733210684 -6.1699875379 -6.1699279452 -6.1657105217 -6.1644346976 -6.1574721685 -6.1522435281 -6.1513093664 -6.1510712003 -6.1412618772 -6.1409667149 -6.1377325526 -6.1376000328 -6.1372269051 -6.1365185932 -6.1323859813 -6.1283068236 -6.1241572092 -6.1220545716 -6.1205353385 -6.1203041876 -6.1170046206 -6.1169288180 -6.1149774494 -6.1146073089 -6.1129322777 -6.1119660238 -6.1068220945 -6.1064354280 -6.0971533504 -6.0948438358 -6.0918465281 -6.0907433088 -6.0839545125 -6.0838370558 -6.0811744034 -6.0807895344 -6.0765890887 -6.0761846932 -6.0740730612 -6.0733975064 -6.0686766407 -6.0686168470 -6.0632965381 -6.0632496404 -6.0611744146 -6.0611159427 -6.0586381170 -6.0584958759 -6.0560416406 -6.0557309110 -6.0522024211 -6.0520300773 -6.0371736650 -6.0368936083 -6.0334608244 -6.0317497607 -6.0289729143 -6.0285617717 -6.0266364212 -6.0245232842 -6.0229457712 -6.0214979494 -6.0179539756 -6.0165376826 -6.0141700197 -6.0141546285 -6.0087881308 -6.0087562416 -6.0067945094 -6.0063119967 -6.0039749719 -6.0019088438 -5.9992628983 -5.9985516218 -5.9970220904 -5.9967168931 -5.9934558841 -5.9926546293 -5.9913340167 -5.9912177398 -5.9867379264 -5.9865806264 -5.9860074394 -5.9849686239 -5.9823304748 -5.9820407519 -5.9750798034 -5.9750206691 -5.9729803026 -5.9724257483 -5.9715506127 -5.9693227003 -5.9680957666 -5.9674815831 -5.9660775975 -5.9651265846 -5.9582204201 -5.9578307949 -5.9482673982 -5.9453466081 -5.9440550096 -5.9421044351 -5.9419469273 -5.9400350519 -5.9387224577 -5.9376197799 -5.9354488919 -5.9344914664 -5.9333219898 -5.9330794257 -5.9311807892 -5.9298899029 -5.9274388465 -5.9269154714 -5.9208753834 -5.9204526354 -5.9146056977 -5.9143754758 -5.9121046778 -5.9110327652 -5.9075014764 -5.9051629397 -5.8986349134 -5.8979809991 -5.8954236967 -5.8940330747 -5.8928818265 -5.8918596509 -5.8895852995 -5.8891344478 -5.8877502556 -5.8861265142 -5.8813783363 -5.8813075667 -5.8769523088 -5.8763557888 -5.8698108610 -5.8697383959 -5.8686154812 -5.8672592113 -5.8661865086 -5.8627353007 -5.8521008571 -5.8518006614 -5.8449174935 -5.8448942794 -5.8397259654 -5.8397000744 -5.8344067683 -5.8344003996 -5.8227728560 -5.8227378243 -5.8122637033 -5.8122473727 -5.8032844842 -5.8032707057 -5.7960238634 -5.7960157044 -5.7793769344 -5.7793603092 -5.7697875045 -5.7697679772 -5.7595227828 -5.7595030595 -5.7496903686 -5.7496842820
-6.5988418255 -6.5963340542 -6.5829019710 -6.5809762124 -6.5592019295 -6.5550463945 -6.5479748331 -6.5433312344 -6.4993039198 -6.4915956505 -6.4909277393 -6.4891457768 -6.4880881163 -6.4816840194 -6.4721045347 -6.4702333256 -6.4616611018 -6.4594491904 -6.4537324163 -6.4514534882 -6.4437401847 -6.4363778646 -6.4335413759 -6.4265328009 -6.4096329936 -6.4033328942 -6.3954169861 -6.3893850219 -6.3818175012 -6.3758524186 -6.3758153115 -6.3707629945 -6.3700174390 -6.3683268646 -6.3663781255 -6.3632157261 -6.3629812915 -6.3592299790 -6.3571151085 -6.3513513311 -6.3406940367 -6.3363415370 -6.3333306461 -6.3329295451 -6.3304838170 -6.3294907413 -6.3275374520 -6.3255501000 -6.3229389035 -6.3221391246 -6.3189792184 -6.3141246167 -6.2986956093 -6.2955098005 -6.2943142770 -6.2917213098 -6.2885351355 -6.2868422297 -6.2841934555 -6.2826763394 -6.2789252359 -6.2783411521 -6.2765739657 -6.2757806153 -6.2751473534 -6.2743009842 -6.2724885283 -6.2718241595 -6.2385447158 -6.2306688923 -6.2244130269 -6.2211175287 -6.2168238366 -6.2137938333 -6.2135719826 -6.2064617280 -6.1919281259 -6.1854039022 -6.1815982902 -6.1766501960 -6.1751288302 -6.1732695169 -6.1700491949 -6.1666968454 -6.1661515761 -6.1639812915 -6.1576144671 -6.1532039272 -6.1520985598 -6.1491615913 -6.1429267233 -6.1394152190 -6.1380699379 -6.1376969834 -6.1369205518 -6.1364856780 -6.1324022670 -6.1283082582 -6.1245666180 -6.1223297557 -6.1209482740 -6.1193902941 -6.1180303049 -6.1161735261 -6.1157699398 -6.1141686432 -6.1129959348 -6.1111483011 -6.1078200658 -6.1054597177 -6.0972387449 -6.0948598575 -6.0919296096 -6.0908344718 -6.0849533630 -6.0832819024 -6.0817376349 -6.0803050558 -6.0771050026 -6.0764891767 -6.0734700714 -6.0725491200 -6.0701578085 -6.0671123965 -6.0650423283 -6.0628103555 -6.0615061205 -6.0601310367 -6.0595812842 -6.0579575790 -6.0567883377 -6.0541602727 -6.0536583250 -6.0503485048 -6.0386668236 -6.0358741138 -6.0334186275 -6.0317884952 -6.0293203956 -6.0282775889 -6.0264944055 -6.0243095127 -6.0229590332 -6.0215282272 -6.0180049143 -6.0166095918 -6.0152296949 -6.0129636718 -6.0097155529 -6.0080645571 -6.0068083406 -6.0061902391 -6.0039962092 -6.0018723416 -6.0002241538 -5.9982891800 -5.9975813200 -5.9954727678 -5.9941696323 -5.9923460389 -5.9917480837 -5.9904495660 -5.9880078305 -5.9866762481 -5.9853285009 -5.9847333959 -5.9823788742 -5.9815583308 -5.9757801266 -5.9745259437 -5.9731945915 -5.9725788790 -5.9711910250 -5.9694283468 -5.9684157386 -5.9671726272 -5.9659015421 -5.9650051970 -5.9587290724 -5.9572327104 -5.9485159876 -5.9453081007 -5.9441447254 -5.9427752188 -5.9414562645 -5.9401330075 -5.9386574785 -5.9375502613 -5.9355432380 -5.9346535393 -5.9339905003 -5.9322291964 -5.9313657168 -5.9294099622 -5.9284110527 -5.9258178676 -5.9213906238 -5.9199924094 -5.9153864533 -5.9137258456 -5.9123936754 -5.9107611906 -5.9077426485 -5.9049082921 -5.8989912971 -5.8976810755 -5.8954861866 -5.8940111549 -5.8930685843 -5.8916381728 -5.8897020538 -5.8891708091 -5.8876677090 -5.8860031205 -5.8818916403 -5.8808004558 -5.8776257339 -5.8756118908 -5.8707145023 -5.8691443302 -5.8684290489 -5.8672309332 -5.8661092218 -5.8627111396 -5.8529458970 -5.8509765328 -5.8457715552 -5.8441006247 -5.8404135148 -5.8390946018 -5.8350043031 -5.8337246760 -5.8245119713 -5.8209988049 -5.8133979265 -5.8111628468 -5.8048174867 -5.8017104500 -5.7970860084 -5.7949101349 -5.7794530626 -5.7793001695 -5.7699266519 -5.7696542191 -5.7596131395 -5.7594400992 -5.7498603244 -5.7495550028
-6.6001032298 -6.5950569195 -6.5839250230 -6.5799246358 -6.5613216966 -6.5528901068 -6.5502968130 -6.5409921248 -6.5031414154 -6.4929286026 -6.4916915491 -6.4877766270 -6.4871978598 -6.4778995045 -6.4731195632 -6.4692447297 -6.4628471587 -6.4582717545 -6.4549702645 -6.4502200055 -6.4474640031 -6.4371250836 -6.4326413534 -6.4229422144 -6.4129034721 -6.4000641223 -6.3985061320 -6.3862758593 -6.3848439735 -6.3787127873 -6.3732731389 -6.3727827911 -6.3709268934 -6.3671460033 -6.3668721320 -6.3626023200 -6.3605879999 -6.3596995209 -6.3570299423 -6.3485426947 -6.3414871521 -6.3360502418 -6.3345462298 -6.3332466917 -6.3314450696 -6.3278961363 -6.3271518114 -6.3267191072 -6.3235224865 -6.3205455944 -6.3185705488 -6.3135333878 -6.3007665970 -6.2975332060 -6.2923512416 -6.2905515353 -6.2899303293 -6.2884694974 -6.2821872402 -6.2812935454 -6.2805528095 -6.2802714526 -6.2784779212 -6.2773212348 -6.2733494049 -6.2723903781 -6.2705843488 -6.2700151609 -6.2425165640 -6.2282626833 -6.2267551797 -6.2248041511 -6.2171696400 -6.2130625762 -6.2101654900 -6.2029383508 -6.1952270935 -6.1848893801 -6.1821614842 -6.1799513691 -6.1765893915 -6.1719375883 -6.1669918884 -6.1667807412 -6.1634875062 -6.1631983321 -6.1579580071 -6.1550442671 -6.1518057778 -6.1472095140 -6.1446298922 -6.1388210035 -6.1381521182 -6.1378756521 -6.1364506538 -6.1362071629 -6.1324507437 -6.1283294692 -6.1254269618 -6.1232902293 -6.1209456402 -6.1189806006 -6.1183101809 -6.1170075159 -6.1159014657 -6.1138713089 -6.1120860633 -6.1099182367 -6.1089838336 -6.1042903274 -6.0974677309 -6.0949458907 -6.0921977965 -6.0911263962 -6.0859995942 -6.0838863814 -6.0817860800 -6.0807156723 -6.0775874634 -6.0763534275 -6.0721932802 -6.0717880248 -6.0708743981 -6.0668134515 -6.0655431578 -6.0644910726 -6.0616342443 -6.0603719521 -6.0595937323 -6.0576480344 -6.0557882136 -6.0551072698 -6.0519754150 -6.0485816040 -6.0404902977 -6.0357053432 -6.0333824194 -6.0316131533 -6.0294448695 -6.0281653793 -6.0261930196 -6.0237570454 -6.0229637417 -6.0216040104 -6.0182092101 -6.0169350653 -6.0158637051 -6.0117508025 -6.0107531537 -6.0078585362 -6.0066501085 -6.0058747106 -6.0040450406 -6.0018931938 -6.0013306505 -5.9995497914 -5.9964827826 -5.9953131470 -5.9941535341 -5.9925948039 -5.9915549668 -5.9895915444 -5.9892218787 -5.9877461987 -5.9849127277 -5.9838593066 -5.9822646887 -5.9805713784 -5.9765726141 -5.9746317219 -5.9734686079 -5.9726124008 -5.9707326780 -5.9696663810 -5.9688250687 -5.9665897610 -5.9656009504 -5.9645821042 -5.9592808475 -5.9564077058 -5.9492263185 -5.9454131700 -5.9443943285 -5.9435369985 -5.9411343176 -5.9403845028 -5.9382644288 -5.9375136525 -5.9358055689 -5.9353324948 -5.9340992886 -5.9320030913 -5.9305735959 -5.9299579442 -5.9281034972 -5.9245044323 -5.9221417786 -5.9194270126 -5.9162783112 -5.9135826925 -5.9125097370 -5.9103738098 -5.9081903304 -5.9043770370 -5.8996051599 -5.8972976087 -5.8955849856 -5.8941338134 -5.8931999327 -5.8912767772 -5.8899516660 -5.8892616468 -5.8874571983 -5.8856815824 -5.8824011597 -5.8804042365 -5.8782817983 -5.8746393173 -5.8717329878 -5.8690132827 -5.8679857367 -5.8671130062 -5.8658364416 -5.8626337824 -5.8539358540 -5.8500524656 -5.8466970016 -5.8433657622 -5.8411473032 -5.8386274407 -5.8354614863 -5.8330079420 -5.8262242781 -5.8193210270 -5.8145239288 -5.8101490355 -5.8062988746 -5.8002240390 -5.7979961983 -5.7937851330 -5.7795535357 -5.7792463673 -5.7700992444 -5.7695570066 -5.7597403334 -5.7593943065 -5.7500739384 -5.7494627656
-6.6013644060 -6.5937689622 -6.5849446566 -6.5788572692 -6.5634216007 -6.5526860468 -6.5506504541 -6.5386540779 -6.5069569356 -6.4965969871 -6.4926682214 -6.4864267164 -6.4837129342 -6.4741484632 -6.4740889767 -6.4682642976 -6.4640366758 -6.4571053406 -6.4562029048 -6.4511804067 -6.4489875388 -6.4407057267 -6.4289009267 -6.4193500234 -6.4161721287 -6.4015887377 -6.3967961999 -6.3878605952 -6.3831602148 -6.3815842159 -6.3758098531 -6.3735167858 -6.3697448367 -6.3690981904 -6.3641282179 -6.3627845086 -6.3604702830 -6.3576886684 -6.3548740964 -6.3457318073 -6.3425361960 -6.3361703843 -6.3359270659 -6.3336313681 -6.3317610890 -6.3287995161 -6.3265006359 -6.3262455617 -6.3237592157 -6.3189534906 -6.3180906954 -6.3126155801 -6.3028625874 -6.2995840978 -6.2927742560 -6.2907434278 -6.2901708133 -6.2876559452 -6.2828213929 -6.2822591245 -6.2805119007 -6.2802392234 -6.2799711346 -6.2779652809 -6.2714621062 -6.2704810499 -6.2686752085 -6.2681528424 -6.2465048864 -6.2321377514 -6.2285116250 -6.2228614790 -6.2207856646 -6.2093345836 -6.2065614442 -6.1994436464 -6.1985379182 -6.1882084494 -6.1832664479 -6.1799225094 -6.1789364965 -6.1687996860 -6.1678248479 -6.1635615995 -6.1625961190 -6.1601725031 -6.1584398051 -6.1568538200 -6.1513960561 -6.1463298043 -6.1452130033 -6.1394500365 -6.1386556631 -6.1373463840 -6.1364579383 -6.1349393939 -6.1325121387 -6.1284304296 -6.1264290813 -6.1244015841 -6.1215066918 -6.1196067156 -6.1180515539 -6.1174218568 -6.1160715831 -6.1129363469 -6.1110080654 -6.1103891164 -6.1083385071 -6.1031546756 -6.0978235596 -6.0951691974 -6.0926537269 -6.0916199926 -6.0869420278 -6.0848080031 -6.0825846234 -6.0817227116 -6.0773666868 -6.0753415021 -6.0732510757 -6.0707597236 -6.0694325007 -6.0683438875 -6.0661681381 -6.0639994451 -6.0631395492 -6.0621251961 -6.0585162229 -6.0570066966 -6.0558406477 -6.0537517479 -6.0500409853 -6.0468278058 -6.0424141836 -6.0365191386 -6.0335476310 -6.0311540557 -6.0290128120 -6.0282102432 -6.0259025996 -6.0234437177 -6.0227363094 -6.0215979409 -6.0186991399 -6.0173054924 -6.0160213586 -6.0118486834 -6.0105622230 -6.0080465346 -6.0065056853 -6.0053361207 -6.0041108103 -6.0027575542 -6.0017937529 -6.0005534357 -5.9965282400 -5.9953892357 -5.9932589123 -5.9927914765 -5.9912580174 -5.9907410105 -5.9889835563 -5.9881805654 -5.9851398234 -5.9827798217 -5.9819005910 -5.9794150344 -5.9773041799 -5.9753995444 -5.9735163451 -5.9725199886 -5.9708390661 -5.9698682391 -5.9687447448 -5.9658949788 -5.9653489687 -5.9639185224 -5.9596942093 -5.9555197843 -5.9501852817 -5.9460895937 -5.9448052338 -5.9439005433 -5.9414990724 -5.9402267071 -5.9380355216 -5.9375432185 -5.9366319114 -5.9352023175 -5.9343633093 -5.9315471289 -5.9311547541 -5.9293202285 -5.9270315024 -5.9232000737 -5.9229370795 -5.9189636973 -5.9171728756 -5.9142046689 -5.9121008478 -5.9101985611 -5.9084755281 -5.9037654583 -5.9002485632 -5.8971846779 -5.8955514626 -5.8945214302 -5.8930748353 -5.8910359348 -5.8901590405 -5.8892992073 -5.8872226570 -5.8852575316 -5.8827872736 -5.8805308908 -5.8783638851 -5.8736554167 -5.8727906214 -5.8690373411 -5.8677412763 -5.8668677655 -5.8653454696 -5.8624885178 -5.8549203131 -5.8491916777 -5.8476645093 -5.8427549062 -5.8418619145 -5.8383945677 -5.8356991546 -5.8322742526 -5.8278410287 -5.8180563214 -5.8153095514 -5.8092662501 -5.8076765235 -5.7997063334 -5.7978473472 -5.7926595745 -5.7796693512 -5.7792047956 -5.7702934261 -5.7694863510 -5.7598951546 -5.7593729934 -5.7503274262 -5.7494099879
-6.6026270483 -6.5924686976 -6.5859635264 -6.5777718321 -6.5654978946 -6.5549937657 -6.5484753719 -6.5363203628 -6.5107500451 -6.5002671752 -6.4936707557 -6.4854756255 -6.4797744966 -6.4751805211 -6.4702668180 -6.4672895982 -6.4652285897 -6.4574801703 -6.4559064882 -6.4548822976 -6.4477561831 -6.4442829114 -6.4251569721 -6.4194382313 -6.4157565210 -6.4046642067 -6.3935304921 -6.3908667206 -6.3844392147 -6.3800397852 -6.3783668679 -6.3760930843 -6.3715034417 -6.3666596862 -6.3655640772 -6.3611668067 -6.3582435838 -6.3550889630 -6.3527786890 -6.3437217371 -6.3429327655 -6.3377870909 -6.3360945825 -6.3346650897 -6.3311655944 -6.3304241920 -6.3272132919 -6.3246259536 -6.3232632801 -6.3176075342 -6.3173061161 -6.3114698043 -6.3049778117 -6.3016533074 -6.2948288459 -6.2926164331 -6.2882033785 -6.2859644579 -6.2845937133 -6.2842073345 -6.2823436062 -6.2815170684 -6.2780819053 -6.2765301595 -6.2695755278 -6.2685780131 -6.2667700959 -6.2662762342 -6.2505082552 -6.2360378276 -6.2322348171 -6.2244236331 -6.2189905128 -6.2056390186 -6.2029867155 -6.2018658730 -6.1959662953 -6.1915529154 -6.1865934718 -6.1832635356 -6.1757417668 -6.1687212183 -6.1656975184 -6.1619414110 -6.1603521782 -6.1590348083 -6.1586015217 -6.1569838168 -6.1509314838 -6.1480033810 -6.1431862146 -6.1402056773 -6.1393402472 -6.1371915424 -6.1365469976 -6.1334306605 -6.1324784807 -6.1287863751 -6.1273425328 -6.1254870258 -6.1225733784 -6.1205689325 -6.1186533834 -6.1172785240 -6.1152479492 -6.1120982865 -6.1115521157 -6.1097442536 -6.1069563163 -6.1020646707 -6.0982914465 -6.0956181734 -6.0932876756 -6.0922832228 -6.0877588570 -6.0856020746 -6.0840882018 -6.0828577574 -6.0765885060 -6.0746930501 -6.0741106086 -6.0705561778 -6.0691228669 -6.0679661245 -6.0673145640 -6.0646504348 -6.0640374183 -6.0623246886 -6.0595493877 -6.0557885451 -6.0543647378 -6.0522166882 -6.0481387170 -6.0451266405 -6.0443589051 -6.0378508733 -6.0337849396 -6.0308592082 -6.0287311000 -6.0276942692 -6.0256398500 -6.0236486474 -6.0226787016 -6.0212169037 -6.0192380276 -6.0174229038 -6.0160056073 -6.0129691403 -6.0094442018 -6.0083507439 -6.0065305578 -6.0048097493 -6.0042273811 -6.0039246027 -6.0024425371 -6.0008291161 -5.9977421571 -5.9945259706 -5.9936666180 -5.9924752875 -5.9915201284 -5.9907810039 -5.9900062454 -5.9871057262 -5.9855641057 -5.9822057074 -5.9810139329 -5.9786330818 -5.9775493003 -5.9762838307 -5.9737398546 -5.9724617654 -5.9713049391 -5.9699638315 -5.9682300298 -5.9653340037 -5.9649258734 -5.9631932441 -5.9599019418 -5.9545987027 -5.9512692299 -5.9471779274 -5.9454415416 -5.9439807392 -5.9421020054 -5.9401426368 -5.9384791060 -5.9375427172 -5.9371076446 -5.9351538648 -5.9341193194 -5.9324450659 -5.9305782986 -5.9280695681 -5.9258978166 -5.9238229075 -5.9218621998 -5.9188101954 -5.9178864289 -5.9149590621 -5.9119503415 -5.9101645570 -5.9084024081 -5.9031603877 -5.9008818503 -5.8973739434 -5.8956438620 -5.8946707103 -5.8929857987 -5.8910674003 -5.8901570948 -5.8891764521 -5.8870293333 -5.8848612483 -5.8829611734 -5.8811082151 -5.8778993518 -5.8738900550 -5.8726657243 -5.8690943753 -5.8676839950 -5.8665895369 -5.8647321832 -5.8622420142 -5.8558784733 -5.8487784624 -5.8483260195 -5.8427569553 -5.8420762897 -5.8383874365 -5.8357511294 -5.8315400371 -5.8292741380 -5.8182342729 -5.8147456931 -5.8092467121 -5.8082305493 -5.8003825394 -5.7963840223 -5.7915447306 -5.7797990380 -5.7791727361 -5.7705065563 -5.7694426592 -5.7600772433 -5.7593745987 -5.7506203681 -5.7493960998
-6.6038934571 -6.5911544837 -6.5869845770 -6.5766658735 -6.5675475956 -6.5573100621 -6.5462741236 -6.5339929702 -6.5145205700 -6.5039180564 -6.4946968512 -6.4845230673 -6.4762264386 -6.4758071220 -6.4665757196 -6.4664318620 -6.4661586456 -6.4589125119 -6.4583967482 -6.4547370390 -6.4478562130 -6.4465254962 -6.4227012431 -6.4214097249 -6.4121621328 -6.4077327808 -6.3938619849 -6.3902676377 -6.3872776938 -6.3809318925 -6.3786531929 -6.3769086790 -6.3739506266 -6.3683397632 -6.3635859019 -6.3582028738 -6.3561102821 -6.3524847290 -6.3507487902 -6.3449859408 -6.3402669976 -6.3392866978 -6.3366603959 -6.3356613683 -6.3320659924 -6.3302691089 -6.3283166693 -6.3229982395 -6.3225381837 -6.3169332059 -6.3157328964 -6.3101824437 -6.3071116860 -6.3037303731 -6.2969206413 -6.2945409378 -6.2868117991 -6.2864027139 -6.2859927598 -6.2843554322 -6.2840981731 -6.2828244515 -6.2760725956 -6.2746902532 -6.2676953462 -6.2666822258 -6.2648719220 -6.2643955594 -6.2545250826 -6.2399612009 -6.2359743342 -6.2280808360 -6.2151433546 -6.2052170106 -6.2019769474 -6.1994219067 -6.1949201679 -6.1925210382 -6.1899308580 -6.1866190598 -6.1725709822 -6.1696358539 -6.1626713334 -6.1614373289 -6.1604187113 -6.1594553765 -6.1571616329 -6.1538546829 -6.1505542069 -6.1495457728 -6.1414122954 -6.1407606550 -6.1401424015 -6.1372542481 -6.1367212043 -6.1329498328 -6.1313535159 -6.1296138820 -6.1280054104 -6.1264292953 -6.1237671438 -6.1218629516 -6.1194142655 -6.1168556695 -6.1141247745 -6.1131721391 -6.1107195749 -6.1086239867 -6.1055755614 -6.1010396183 -6.0988561572 -6.0963420563 -6.0940745105 -6.0930789044 -6.0884184468 -6.0864618199 -6.0855747085 -6.0839252669 -6.0766651406 -6.0752057885 -6.0733037701 -6.0716437899 -6.0694552491 -6.0679534416 -6.0668710782 -6.0657269659 -6.0650206213 -6.0610130967 -6.0607544981 -6.0541344588 -6.0528179369 -6.0506928915 -6.0468174833 -6.0458153573 -6.0434731653 -6.0393387942 -6.0340423656 -6.0306985209 -6.0289877562 -6.0266603190 -6.0253956306 -6.0240713933 -6.0229167083 -6.0210050038 -6.0193153520 -6.0173558573 -6.0159019268 -6.0140495748 -6.0088803975 -6.0082495445 -6.0067037770 -6.0053142772 -6.0049884886 -6.0037977075 -6.0030056649 -6.0007203173 -5.9989537858 -5.9947073661 -5.9941013755 -5.9929695668 -5.9911635858 -5.9907936036 -5.9899903972 -5.9864931160 -5.9856693342 -5.9818782266 -5.9801050809 -5.9786799163 -5.9775094055 -5.9763841271 -5.9741376207 -5.9727965268 -5.9714504546 -5.9699291681 -5.9676021008 -5.9650516974 -5.9642573166 -5.9625089977 -5.9598104249 -5.9537065098 -5.9523932397 -5.9483835039 -5.9462844766 -5.9440575193 -5.9426537294 -5.9406299264 -5.9391969616 -5.9378225797 -5.9370026379 -5.9351903674 -5.9339806359 -5.9328711523 -5.9295823558 -5.9268078039 -5.9247759576 -5.9247105224 -5.9205781822 -5.9194154393 -5.9180350436 -5.9156291179 -5.9123596284 -5.9098779547 -5.9081392688 -5.9026433628 -5.9014456395 -5.8977311074 -5.8961607789 -5.8943392009 -5.8930690858 -5.8913009908 -5.8899448854 -5.8889087744 -5.8869121435 -5.8846271989 -5.8828908597 -5.8816543767 -5.8772444705 -5.8749842048 -5.8717366477 -5.8691451312 -5.8676966630 -5.8663244163 -5.8641709022 -5.8618382605 -5.8567860918 -5.8497887948 -5.8477647354 -5.8433921458 -5.8417759339 -5.8384489275 -5.8358496851 -5.8308632155 -5.8303248293 -5.8193777666 -5.8133823495 -5.8103512977 -5.8076851271 -5.8010733115 -5.7947289672 -5.7904515617 -5.7799402600 -5.7791462648 -5.7707355119 -5.7694260349 -5.7602861602 -5.7593971701 -5.7509523105 -5.7494205022
-6.6051660648 -6.5898265590 -6.5880091419 -6.5755370648 -6.5695677134 -6.5596171640 -6.5440636042 -6.5316736368 -6.5182684411 -6.5075475534 -6.4957404651 -6.4835724810 -6.4772824219 -6.4718175578 -6.4676307788 -6.4653958978 -6.4625112091 -6.4623446904 -6.4599088529 -6.4535653923 -6.4514250532 -6.4452952578 -6.4259600737 -6.4176600990 -6.4107946083 -6.4085670836 -6.3968458162 -6.3900997338 -6.3870091422 -6.3834877921 -6.3811945516 -6.3764304061 -6.3737698743 -6.3710996977 -6.3605052371 -6.3552850383 -6.3541162000 -6.3498880698 -6.3488124075 -6.3462681991 -6.3411245256 -6.3377428091 -6.3372833980 -6.3362843004 -6.3337111461 -6.3300201603 -6.3287796407 -6.3218820298 -6.3213621865 -6.3161205824 -6.3141303929 -6.3092702118 -6.3088364846 -6.3057727181 -6.2990243873 -6.2964718897 -6.2887011573 -6.2881999728 -6.2861728731 -6.2853265246 -6.2841801339 -6.2816336427 -6.2740692232 -6.2727888145 -6.2658236480 -6.2647945162 -6.2629834794 -6.2625157586 -6.2585520644 -6.2439064202 -6.2397288794 -6.2317568646 -6.2113208111 -6.2085708048 -6.1983586808 -6.1982996149 -6.1958920322 -6.1932790295 -6.1899859802 -6.1891001720 -6.1705871867 -6.1694142266 -6.1622132829 -6.1613632665 -6.1596628742 -6.1595586093 -6.1540079593 -6.1515228464 -6.1507780105 -6.1497216527 -6.1420743129 -6.1410577836 -6.1389973325 -6.1373895625 -6.1369746081 -6.1331316813 -6.1307437811 -6.1296760732 -6.1287053101 -6.1270407389 -6.1249490759 -6.1232635304 -6.1201619694 -6.1163535661 -6.1145604667 -6.1129083854 -6.1096967081 -6.1075725825 -6.1042531923 -6.1001901654 -6.0994227297 -6.0972716520 -6.0950216357 -6.0939579069 -6.0890065147 -6.0877180866 -6.0867020553 -6.0845729532 -6.0780038011 -6.0754809920 -6.0733734183 -6.0719222386 -6.0699205642 -6.0689343350 -6.0677286400 -6.0658481421 -6.0638958171 -6.0620412200 -6.0591514108 -6.0525541863 -6.0513080978 -6.0492961006 -6.0483770732 -6.0442312994 -6.0424251868 -6.0403481364 -6.0343170651 -6.0305852253 -6.0293492968 -6.0260751591 -6.0256366613 -6.0239582090 -6.0231043824 -6.0211548188 -6.0191193771 -6.0172315058 -6.0158086523 -6.0148005805 -6.0092468283 -6.0075308656 -6.0071069450 -6.0063937579 -6.0057601725 -6.0033343939 -6.0030814412 -6.0006636446 -6.0000143730 -5.9956376277 -5.9953015648 -5.9925694355 -5.9916430995 -5.9904483746 -5.9891057765 -5.9870388042 -5.9847210196 -5.9815776535 -5.9799369828 -5.9786416864 -5.9778404977 -5.9756933949 -5.9744684937 -5.9734234741 -5.9712232148 -5.9697143278 -5.9669756422 -5.9648017447 -5.9637096461 -5.9618555020 -5.9593624528 -5.9537407771 -5.9527307302 -5.9495160054 -5.9472911670 -5.9442391292 -5.9431385360 -5.9414823766 -5.9401070467 -5.9380682811 -5.9369230502 -5.9352553278 -5.9345781822 -5.9319472138 -5.9285226617 -5.9256633064 -5.9255503319 -5.9236684107 -5.9202989897 -5.9193752554 -5.9182038074 -5.9160132970 -5.9130617386 -5.9094225547 -5.9078394186 -5.9025560940 -5.9016131425 -5.8981769842 -5.8967983568 -5.8939923632 -5.8931982431 -5.8916383408 -5.8895906949 -5.8886264567 -5.8868552258 -5.8846039863 -5.8828541881 -5.8816827056 -5.8765464913 -5.8760693822 -5.8709193615 -5.8691300680 -5.8677335463 -5.8660639368 -5.8637864599 -5.8612399130 -5.8576092960 -5.8508948094 -5.8474008247 -5.8439842462 -5.8415934340 -5.8384525298 -5.8362472826 -5.8310452452 -5.8300195018 -5.8207293755 -5.8125334599 -5.8108829333 -5.8072638130 -5.8015299169 -5.7930469688 -5.7893922180 -5.7800892983 -5.7791196044 -5.7709764270 -5.7694362549 -5.7605211804 -5.7594383406 -5.7513226452 -5.7494824666
-6.6064473519 -6.5890752764 -6.5884487478 -6.5743837591 -6.5715546430 -6.5619105736 -6.5418470838 -6.5293640104 -6.5219936423 -6.5111551578 -6.4967988079 -6.4826285178 -6.4783470622 -6.4688340101 -6.4678105080 -6.4660264245 -6.4644436833 -6.4611661801 -6.4586202246 -6.4549887442 -6.4523928609 -6.4440651554 -6.4292144893 -6.4139097807 -6.4138478236 -6.4049720738 -6.3998178553 -6.3929053565 -6.3860350062 -6.3837571606 -6.3837140788 -6.3789130229 -6.3738393532 -6.3706302365 -6.3574189270 -6.3528942996 -6.3518714189 -6.3479872563 -6.3473027196 -6.3465393455 -6.3427534972 -6.3390178398 -6.3367430346 -6.3354109276 -6.3344867400 -6.3312251207 -6.3277795530 -6.3213493903 -6.3197215463 -6.3151459259 -6.3125247000 -6.3114338764 -6.3083238097 -6.3069196853 -6.3011357579 -6.2983958433 -6.2906280338 -6.2901959836 -6.2880513450 -6.2870798519 -6.2822084395 -6.2798071943 -6.2720759595 -6.2708720488 -6.2639655453 -6.2629327069 -6.2625892521 -6.2610853457 -6.2606374648 -6.2478719922 -6.2434972064 -6.2354505489 -6.2119374004 -6.2075233081 -6.2017135501 -6.1966361847 -6.1947595459 -6.1933583922 -6.1923880571 -6.1857108380 -6.1715395686 -6.1663079505 -6.1639114238 -6.1618493322 -6.1592601671 -6.1567045164 -6.1531319165 -6.1508880336 -6.1492543601 -6.1477758343 -6.1430593831 -6.1420578160 -6.1381618191 -6.1373435138 -6.1364236005 -6.1335521254 -6.1318181474 -6.1298223945 -6.1282229801 -6.1271324044 -6.1259557509 -6.1246521209 -6.1208146504 -6.1159826007 -6.1158452391 -6.1117602178 -6.1087225471 -6.1066814136 -6.1030807001 -6.1004087510 -6.0991718937 -6.0981729834 -6.0961175641 -6.0948492697 -6.0900915202 -6.0886501395 -6.0876075498 -6.0847540135 -6.0794788934 -6.0768079181 -6.0744566871 -6.0713718408 -6.0708423409 -6.0699999121 -6.0682126469 -6.0659062752 -6.0628603545 -6.0615690724 -6.0575353211 -6.0518090135 -6.0502168511 -6.0493448919 -6.0477606787 -6.0432148718 -6.0423726342 -6.0394846594 -6.0346009127 -6.0304942605 -6.0297603707 -6.0268974796 -6.0256276940 -6.0236473770 -6.0228331382 -6.0211590124 -6.0191246274 -6.0174485716 -6.0160529016 -6.0145321272 -6.0097126618 -6.0082826809 -6.0074310470 -6.0071324753 -6.0057360414 -6.0032741894 -6.0027205822 -6.0014195274 -6.0001571933 -5.9969516345 -5.9963675279 -5.9928744096 -5.9915000114 -5.9899085929 -5.9888369928 -5.9871753237 -5.9837280903 -5.9813261575 -5.9801235849 -5.9794272861 -5.9770453417 -5.9758882365 -5.9744545531 -5.9736434788 -5.9708913072 -5.9692239707 -5.9663955870 -5.9645605914 -5.9633579286 -5.9611450030 -5.9586361331 -5.9548882738 -5.9525065061 -5.9501102646 -5.9484081494 -5.9445993543 -5.9436241916 -5.9423732207 -5.9410698243 -5.9384697726 -5.9369806375 -5.9361525632 -5.9340032237 -5.9308666464 -5.9274550247 -5.9265938228 -5.9243315898 -5.9227930728 -5.9210008591 -5.9190858494 -5.9179411823 -5.9160678691 -5.9137559034 -5.9089555527 -5.9075484861 -5.9030362545 -5.9012649348 -5.8986831211 -5.8974436786 -5.8941034039 -5.8929681612 -5.8920187543 -5.8892204009 -5.8884455504 -5.8867828471 -5.8847886967 -5.8828272949 -5.8811567035 -5.8771977795 -5.8757825591 -5.8703883535 -5.8689128357 -5.8677587946 -5.8658038145 -5.8635973813 -5.8604939335 -5.8582962895 -5.8520453248 -5.8473788147 -5.8444733267 -5.8414815326 -5.8384988105 -5.8368667279 -5.8311211428 -5.8293216959 -5.8221229508 -5.8132366382 -5.8100701892 -5.8069273142 -5.8016481371 -5.7913764772 -5.7883809083 -5.7802405453 -5.7790839916 -5.7712244859 -5.7694727042 -5.7607811981 -5.7594952859 -5.7517305349 -5.7495810819
-6.6077398105 -6.5901117500 -6.5870944978 -6.5735339067 -6.5731753062 -6.5641865278 -6.5396266442 -6.5270657337 -6.5256961585 -6.5147407223 -6.4978706512 -6.4817015300 -6.4794121884 -6.4700443634 -6.4697062990 -6.4638999616 -6.4634075484 -6.4623976820 -6.4585452662 -6.4547078759 -6.4512163374 -6.4428348702 -6.4324637873 -6.4168976287 -6.4101543642 -6.4027777640 -6.4013773127 -6.3956946743 -6.3885657901 -6.3862121654 -6.3814420677 -6.3804661257 -6.3765541400 -6.3674840060 -6.3543298554 -6.3515184669 -6.3492681107 -6.3489700455 -6.3448813323 -6.3447206527 -6.3443935461 -6.3402833274 -6.3371397939 -6.3370193653 -6.3325787502 -6.3317605664 -6.3266457252 -6.3209012787 -6.3180747783 -6.3141036886 -6.3136246793 -6.3108939639 -6.3101010254 -6.3056628678 -6.3032521248 -6.3002957681 -6.2925580210 -6.2922060276 -6.2899215637 -6.2888713161 -6.2802384307 -6.2779417873 -6.2700947735 -6.2689540306 -6.2666576492 -6.2621046043 -6.2610416739 -6.2592231912 -6.2587676767 -6.2518562195 -6.2472779311 -6.2391606348 -6.2153140954 -6.2051368185 -6.2037517079 -6.1999996205 -6.1967403130 -6.1912055875 -6.1889127307 -6.1823493237 -6.1725146641 -6.1656104323 -6.1632655025 -6.1625343445 -6.1587425323 -6.1547675774 -6.1538473107 -6.1487843756 -6.1478027084 -6.1449581437 -6.1440643295 -6.1430970445 -6.1385421949 -6.1377289959 -6.1348763138 -6.1339848905 -6.1325620530 -6.1309078048 -6.1284081815 -6.1271866236 -6.1263221690 -6.1250254976 -6.1213461987 -6.1173027206 -6.1155585816 -6.1106588751 -6.1078295495 -6.1061195251 -6.1023275275 -6.1010046210 -6.0993611867 -6.0982169247 -6.0972280034 -6.0956268178 -6.0915965652 -6.0895465605 -6.0878730825 -6.0846644445 -6.0809741282 -6.0784556715 -6.0760854452 -6.0729667231 -6.0715273801 -6.0698029276 -6.0683122750 -6.0659882630 -6.0617222591 -6.0601512277 -6.0559185424 -6.0533369817 -6.0492895713 -6.0480902852 -6.0467508725 -6.0439819807 -6.0406100759 -6.0380272620 -6.0348632633 -6.0304645341 -6.0301650057 -6.0282059751 -6.0255214410 -6.0238172330 -6.0226389072 -6.0204655164 -6.0194525565 -6.0180077562 -6.0161401620 -6.0138477245 -6.0102696399 -6.0093884147 -6.0085980848 -6.0073186770 -6.0050632774 -6.0035408224 -6.0026698303 -6.0019533133 -6.0000195764 -5.9983016082 -5.9973836582 -5.9933715308 -5.9913780296 -5.9897300618 -5.9889912020 -5.9864266726 -5.9828296706 -5.9813024581 -5.9806218987 -5.9796822791 -5.9770697873 -5.9758110092 -5.9750057108 -5.9728780555 -5.9705911833 -5.9683832572 -5.9658884061 -5.9643747682 -5.9630567105 -5.9603736409 -5.9578222693 -5.9560017145 -5.9532861875 -5.9497308499 -5.9495218947 -5.9452218489 -5.9442104143 -5.9431329804 -5.9419343181 -5.9390865553 -5.9372719486 -5.9368806421 -5.9331291530 -5.9298326566 -5.9275507141 -5.9263334062 -5.9232969711 -5.9227056241 -5.9208115646 -5.9198101363 -5.9171767120 -5.9159446938 -5.9141322015 -5.9085397422 -5.9072705857 -5.9036290655 -5.9008968944 -5.8992163052 -5.8980572608 -5.8945243122 -5.8927816963 -5.8921419182 -5.8890910549 -5.8882962251 -5.8866956766 -5.8849760456 -5.8825603388 -5.8804416880 -5.8782652358 -5.8750548908 -5.8702573652 -5.8685113095 -5.8676563365 -5.8655541428 -5.8635578984 -5.8597504962 -5.8587277693 -5.8532327357 -5.8476990572 -5.8449132007 -5.8413733061 -5.8389672006 -5.8371592328 -5.8308972322 -5.8286342641 -5.8234841003 -5.8142787179 -5.8095898339 -5.8062398462 -5.8014322889 -5.7897470050 -5.7874330404 -5.7803860158 -5.7790258378 -5.7714736918 -5.7695342706 -5.7610646200 -5.7595647081 -5.7521748264 -5.7497152019
-6.6090459147 -6.5911814591 -6.5857035044 -6.5754287249 -6.5719836714 -6.5664409143 -6.5374040623 -6.5293761736 -6.5247802598 -6.5183042242 -6.4989555433 -6.4809464457 -6.4803246920 -6.4733853167 -6.4712550675 -6.4637411729 -6.4625623715 -6.4620840982 -6.4596863377 -6.4508288338 -6.4499838597 -6.4416040422 -6.4357073678 -6.4199390319 -6.4063993385 -6.4057249961 -6.3984678094 -6.3977836000 -6.3910782050 -6.3886842348 -6.3838939726 -6.3792407767 -6.3772518887 -6.3643326239 -6.3512766082 -6.3509515565 -6.3504047785 -6.3460681074 -6.3459653118 -6.3434804631 -6.3421794895 -6.3412961367 -6.3387442764 -6.3372487317 -6.3339001553 -6.3290293232 -6.3256051014 -6.3204424220 -6.3164648509 -6.3158161713 -6.3134890577 -6.3115056090 -6.3092600096 -6.3053742866 -6.3042324415 -6.3020913783 -6.2944841049 -6.2942228375 -6.2917770822 -6.2906620217 -6.2782775786 -6.2760759231 -6.2707213171 -6.2681224951 -6.2670365892 -6.2602635506 -6.2591814995 -6.2573652935 -6.2569054782 -6.2558546942 -6.2510689866 -6.2428855475 -6.2187007314 -6.2085717170 -6.2033710893 -6.2001306439 -6.2000065391 -6.1876911131 -6.1854664832 -6.1790182161 -6.1735046258 -6.1672948945 -6.1634073997 -6.1601633145 -6.1582128084 -6.1563748639 -6.1510864211 -6.1483614432 -6.1452366747 -6.1448752168 -6.1442725401 -6.1420221398 -6.1391010366 -6.1380952973 -6.1357335098 -6.1338815541 -6.1320974681 -6.1315273467 -6.1292303465 -6.1280924155 -6.1270527205 -6.1233539811 -6.1217467236 -6.1186418165 -6.1153758392 -6.1096596392 -6.1070715416 -6.1061125247 -6.1024275025 -6.1014458111 -6.0997379245 -6.0982774814 -6.0979221735 -6.0958980521 -6.0930318434 -6.0905657568 -6.0876547267 -6.0844274943 -6.0824714585 -6.0801832717 -6.0778522963 -6.0750313456 -6.0729306630 -6.0698197038 -6.0682080026 -6.0650688464 -6.0604578858 -6.0586760590 -6.0553091151 -6.0542877440 -6.0492478403 -6.0468218930 -6.0458000788 -6.0434943409 -6.0389254301 -6.0366757792 -6.0349756479 -6.0308259484 -6.0302501411 -6.0295521307 -6.0255054432 -6.0240697652 -6.0229399439 -6.0202368628 -6.0191773418 -6.0183910905 -6.0161143617 -6.0135074168 -6.0109221344 -6.0101941228 -6.0096654212 -6.0075583385 -6.0046133265 -6.0041923663 -6.0027894116 -6.0020120091 -6.0000415358 -5.9994515338 -5.9982283096 -5.9938105808 -5.9917286894 -5.9903560075 -5.9881997371 -5.9855195388 -5.9821228958 -5.9818505580 -5.9809465574 -5.9794160594 -5.9778429843 -5.9757878455 -5.9750887388 -5.9718894059 -5.9703155762 -5.9672859892 -5.9654660276 -5.9642679596 -5.9626475181 -5.9596012013 -5.9577250376 -5.9563220919 -5.9544906831 -5.9508153416 -5.9487873662 -5.9461010403 -5.9449728056 -5.9437525443 -5.9425716777 -5.9399003253 -5.9378830191 -5.9371973643 -5.9321764042 -5.9292931337 -5.9279995657 -5.9253558955 -5.9236455323 -5.9219900339 -5.9207463018 -5.9198345305 -5.9171585285 -5.9155017802 -5.9138687718 -5.9082054658 -5.9069975810 -5.9042330711 -5.9007559843 -5.8996479680 -5.8986061370 -5.8950303765 -5.8931838197 -5.8916624906 -5.8893490928 -5.8881489910 -5.8866553462 -5.8848449660 -5.8821496871 -5.8797882420 -5.8791489446 -5.8743434359 -5.8703607372 -5.8683486427 -5.8671941112 -5.8653547694 -5.8635835824 -5.8595067308 -5.8584402372 -5.8544441997 -5.8482486705 -5.8453958631 -5.8414990475 -5.8395643871 -5.8370408991 -5.8305760284 -5.8279795089 -5.8247264310 -5.8153223231 -5.8098880969 -5.8050209824 -5.8009683833 -5.7882041462 -5.7865561332 -5.7805151651 -5.7789241650 -5.7717165953 -5.7696191658 -5.7613692051 -5.7596428639 -5.7526539226 -5.7498833776
-6.6103680888 -6.5922755371 -6.5842876990 -6.5773031566 -6.5707416003 -6.5686677298 -6.5351810428 -6.5330335072 -6.5225093821 -6.5218456914 -6.5000534544 -6.4817070973 -6.4797430430 -6.4770523545 -6.4724757007 -6.4657077652 -6.4648962645 -6.4616559598 -6.4556201034 -6.4489269596 -6.4467515438 -6.4403724172 -6.4389444161 -6.4229737676 -6.4086593746 -6.4026434878 -6.4012248199 -6.3941946850 -6.3935656644 -6.3911292868 -6.3863584349 -6.3818952151 -6.3740183189 -6.3611773132 -6.3522919304 -6.3503216529 -6.3480985007 -6.3477365329 -6.3436532963 -6.3428576172 -6.3412722299 -6.3404662686 -6.3396232276 -6.3370418662 -6.3349951288 -6.3263204762 -6.3248193649 -6.3198824428 -6.3181199204 -6.3147790338 -6.3147304608 -6.3109099283 -6.3077812261 -6.3073265345 -6.3042981346 -6.3022990110 -6.2964106455 -6.2962278726 -6.2936163222 -6.2924394267 -6.2763288841 -6.2747907814 -6.2742134471 -6.2661675687 -6.2651294163 -6.2598837460 -6.2584284978 -6.2573285909 -6.2555301945 -6.2550669260 -6.2548361244 -6.2466224705 -6.2220964557 -6.2120198022 -6.2067487514 -6.2035188325 -6.1962971925 -6.1842164655 -6.1820512289 -6.1757287511 -6.1744968896 -6.1689647124 -6.1642648453 -6.1582221919 -6.1574697422 -6.1571436876 -6.1486107596 -6.1479749608 -6.1462029190 -6.1455979094 -6.1418086221 -6.1401442530 -6.1397083032 -6.1379516291 -6.1368850686 -6.1347444504 -6.1331060479 -6.1306748489 -6.1295567695 -6.1291031540 -6.1270465181 -6.1223323795 -6.1212649854 -6.1198344684 -6.1153830506 -6.1089059834 -6.1069162018 -6.1062367167 -6.1031886459 -6.1019873465 -6.1001508182 -6.0989756736 -6.0977887827 -6.0955318406 -6.0941165884 -6.0914534982 -6.0872380002 -6.0841846087 -6.0838867039 -6.0819294151 -6.0796664052 -6.0770911496 -6.0744698408 -6.0712382137 -6.0669899142 -6.0638341665 -6.0595657062 -6.0575327170 -6.0566456853 -6.0527903798 -6.0503289548 -6.0454842376 -6.0443819858 -6.0423080421 -6.0375393666 -6.0358431139 -6.0345024662 -6.0314547751 -6.0308283380 -6.0300794172 -6.0256084346 -6.0243833564 -6.0234724816 -6.0209700107 -6.0186290807 -6.0178805980 -6.0160545744 -6.0140892808 -6.0116737745 -6.0108126507 -6.0100316322 -6.0077889906 -6.0056219134 -6.0037400487 -6.0029446378 -6.0023855764 -6.0006846714 -5.9999060856 -5.9986097977 -5.9942035953 -5.9926910174 -5.9905497271 -5.9873470680 -5.9846401451 -5.9829132977 -5.9815478693 -5.9807710487 -5.9795380101 -5.9782917457 -5.9762547122 -5.9746890139 -5.9709424120 -5.9698676527 -5.9661934737 -5.9650979405 -5.9641174797 -5.9621039677 -5.9590365850 -5.9585585048 -5.9560141077 -5.9552800014 -5.9519998715 -5.9480970837 -5.9469326795 -5.9459368166 -5.9442712618 -5.9429928979 -5.9408004942 -5.9384772271 -5.9374852811 -5.9312880598 -5.9298535974 -5.9273976666 -5.9250066997 -5.9237824077 -5.9218095844 -5.9209287229 -5.9189650808 -5.9174160246 -5.9149969104 -5.9130406649 -5.9079665523 -5.9067275050 -5.9048220107 -5.9011038706 -5.8998286448 -5.8989843964 -5.8955729173 -5.8937213174 -5.8911002935 -5.8897924902 -5.8883029350 -5.8864421353 -5.8844084614 -5.8818280904 -5.8802261927 -5.8786941017 -5.8736758078 -5.8705687689 -5.8683993265 -5.8665550884 -5.8652959895 -5.8635164314 -5.8596002897 -5.8576755497 -5.8556323660 -5.8489152336 -5.8459491587 -5.8423035821 -5.8395185170 -5.8368406975 -5.8303377981 -5.8273947213 -5.8256902442 -5.8163252809 -5.8106049110 -5.8036095811 -5.8003279778 -5.7868620214 -5.7857027986 -5.7806153096 -5.7787485168 -5.7719439874 -5.7697246198 -5.7616918139 -5.7597256856 -5.7531655812 -5.7500837621
-6.6117086709 -6.5933979091 -6.5828472560 -6.5791354590 -6.5708757901 -6.5694519847 -6.5366686545 -6.5329588224 -6.5253652012 -6.5202546441 -6.5011645961 -6.4828161423 -6.4807041612 -6.4788413844 -6.4737075159 -6.4692038098 -6.4661850225 -6.4607470289 -6.4515321510 -6.4477375627 -6.4427817601 -6.4421754635 -6.4391377187 -6.4260018766 -6.4115804987 -6.4039659267 -6.3988876179 -6.3960348696 -6.3935456192 -6.3906079469 -6.3887968066 -6.3845141512 -6.3707920073 -6.3580210276 -6.3538242447 -6.3504960262 -6.3494174218 -6.3450252168 -6.3446428189 -6.3421778190 -6.3410926795 -6.3397897311 -6.3371547307 -6.3370773549 -6.3349238312 -6.3244284259 -6.3236401558 -6.3204232653 -6.3193382134 -6.3163068852 -6.3130642563 -6.3098081604 -6.3096168975 -6.3059178044 -6.3058588132 -6.3008448375 -6.2983785980 -6.2981394966 -6.2954385061 -6.2941907185 -6.2788647158 -6.2743870416 -6.2723705252 -6.2642329419 -6.2639132920 -6.2632229627 -6.2586962917 -6.2566029090 -6.2554882925 -6.2536692381 -6.2532209401 -6.2503568372 -6.2255005143 -6.2154784841 -6.2101323829 -6.2069145667 -6.1926146933 -6.1807838257 -6.1786702391 -6.1755340195 -6.1724360670 -6.1706202184 -6.1651571077 -6.1597225754 -6.1570545190 -6.1542104385 -6.1486163963 -6.1470834439 -6.1466451457 -6.1456712716 -6.1406530506 -6.1401845218 -6.1388061126 -6.1383481383 -6.1361535531 -6.1353474314 -6.1341347663 -6.1316873200 -6.1308456041 -6.1282808107 -6.1258026539 -6.1228069828 -6.1209735972 -6.1191356855 -6.1156086475 -6.1089107136 -6.1074960416 -6.1058479390 -6.1041765935 -6.1027898844 -6.1009290830 -6.0994031208 -6.0976206085 -6.0949204685 -6.0945714674 -6.0920151680 -6.0867408127 -6.0854819976 -6.0838425097 -6.0835466824 -6.0814949805 -6.0790892858 -6.0760378143 -6.0728139800 -6.0657785389 -6.0626635017 -6.0603258778 -6.0568690421 -6.0561017984 -6.0522102784 -6.0505349771 -6.0441025100 -6.0428814710 -6.0409806329 -6.0370643890 -6.0349620602 -6.0339256995 -6.0320120941 -6.0315687505 -6.0299118101 -6.0259348336 -6.0248423571 -6.0240271341 -6.0215091047 -6.0187663967 -6.0167494631 -6.0159104775 -6.0152530881 -6.0127491786 -6.0113657026 -6.0097843805 -6.0080867074 -6.0065522421 -6.0040142361 -6.0032578818 -6.0026319407 -6.0013735682 -6.0000323234 -5.9985946905 -5.9947499318 -5.9936625524 -5.9905592379 -5.9865332535 -5.9839390356 -5.9837996588 -5.9815328622 -5.9804084042 -5.9800740959 -5.9783592127 -5.9764346141 -5.9743169136 -5.9704592978 -5.9688728616 -5.9656774192 -5.9646037610 -5.9635848419 -5.9614893185 -5.9598701200 -5.9582608430 -5.9570951024 -5.9545769624 -5.9529863983 -5.9487087445 -5.9470457640 -5.9466603298 -5.9447146146 -5.9432810647 -5.9416354505 -5.9390414783 -5.9378283451 -5.9312798111 -5.9298559885 -5.9269299643 -5.9252938727 -5.9233685911 -5.9221732083 -5.9207585254 -5.9182197206 -5.9171027760 -5.9145356407 -5.9119734944 -5.9078234415 -5.9064847171 -5.9053580785 -5.9017442162 -5.9001519055 -5.8989870271 -5.8961371334 -5.8943040842 -5.8908678476 -5.8899988796 -5.8887210645 -5.8860062721 -5.8838592170 -5.8821406700 -5.8802769098 -5.8778632546 -5.8731096967 -5.8708056059 -5.8685061538 -5.8659821391 -5.8654259836 -5.8632102134 -5.8596434323 -5.8573737552 -5.8562939322 -5.8496311739 -5.8465490970 -5.8434778815 -5.8390557607 -5.8367090880 -5.8303709585 -5.8270043138 -5.8260620335 -5.8172735876 -5.8115046718 -5.8022547182 -5.7995156545 -5.7859665250 -5.7847079229 -5.7806709447 -5.7784615260 -5.7721445830 -5.7698463456 -5.7620280042 -5.7598090728 -5.7537065837 -5.7503139730
-6.6130698721 -6.5945531650 -6.5814034892 -6.5809022550 -6.5730325846 -6.5681391120 -6.5402812180 -6.5307394411 -6.5288627863 -6.5180177841 -6.5022893038 -6.4844556198 -6.4838468465 -6.4779323114 -6.4749722867 -6.4726984307 -6.4674446483 -6.4598451235 -6.4474743003 -6.4465095559 -6.4453984407 -6.4387883649 -6.4378918903 -6.4290233911 -6.4144880937 -6.4066912112 -6.3984738152 -6.3959316920 -6.3951307059 -6.3912348479 -6.3870942700 -6.3870022006 -6.3675754575 -6.3554344124 -6.3548357612 -6.3511539145 -6.3510655561 -6.3458519036 -6.3439045081 -6.3419743065 -6.3413700467 -6.3378095711 -6.3366951340 -6.3346618786 -6.3334154039 -6.3244910461 -6.3227034606 -6.3209842123 -6.3199793527 -6.3164256037 -6.3119285650 -6.3112408579 -6.3092842660 -6.3067238731 -6.3042137772 -6.3004438602 -6.3002464368 -6.2989807558 -6.2972420760 -6.2958737792 -6.2829430168 -6.2724619530 -6.2705414115 -6.2679536761 -6.2625598586 -6.2622532848 -6.2613380901 -6.2548154213 -6.2541909008 -6.2536246094 -6.2518407721 -6.2513356211 -6.2289121492 -6.2189460995 -6.2135213302 -6.2103135887 -6.1889638594 -6.1774112117 -6.1765565789 -6.1753052715 -6.1722626906 -6.1692061005 -6.1660702046 -6.1613212691 -6.1565850717 -6.1513604903 -6.1496207937 -6.1483408774 -6.1465781574 -6.1436464768 -6.1414497084 -6.1407037713 -6.1396285192 -6.1373519485 -6.1357111798 -6.1352528790 -6.1334850530 -6.1326867511 -6.1318589669 -6.1281423910 -6.1241757529 -6.1231611993 -6.1213587180 -6.1172398444 -6.1159646429 -6.1099251553 -6.1081108301 -6.1057663667 -6.1047959578 -6.1038126148 -6.1016693393 -6.1000219489 -6.0974529714 -6.0946807939 -6.0941029719 -6.0920216598 -6.0870395579 -6.0862175745 -6.0853801884 -6.0834760792 -6.0832933429 -6.0808560185 -6.0775683212 -6.0744046316 -6.0650531844 -6.0625130931 -6.0606616852 -6.0564574822 -6.0554952496 -6.0521957658 -6.0491568923 -6.0427615738 -6.0414856196 -6.0396585355 -6.0372735491 -6.0348558030 -6.0334370230 -6.0322192011 -6.0314064034 -6.0295420896 -6.0267050700 -6.0253711710 -6.0243682877 -6.0218006379 -6.0188776428 -6.0169006820 -6.0161016196 -6.0151385830 -6.0138322341 -6.0118868781 -6.0097426061 -6.0087645015 -6.0068466509 -6.0051525607 -6.0039317378 -6.0023509328 -6.0016890620 -6.0001135494 -5.9984642761 -5.9958183163 -5.9940688688 -5.9905157981 -5.9858162067 -5.9849142593 -5.9830445454 -5.9819163745 -5.9810675353 -5.9794371391 -5.9785659313 -5.9763035892 -5.9738688502 -5.9702615858 -5.9675771135 -5.9657740535 -5.9641647210 -5.9625221579 -5.9613367264 -5.9603163673 -5.9588558366 -5.9572991198 -5.9546838574 -5.9529299010 -5.9498826068 -5.9481741010 -5.9463641778 -5.9449974301 -5.9434653299 -5.9421999987 -5.9396008034 -5.9382380872 -5.9321897461 -5.9290748795 -5.9272721478 -5.9250397653 -5.9238036817 -5.9215012808 -5.9211427518 -5.9173702556 -5.9163078144 -5.9140443953 -5.9108668907 -5.9077794736 -5.9063721175 -5.9057125698 -5.9024577391 -5.9006561068 -5.8987776624 -5.8967165537 -5.8949180015 -5.8913812002 -5.8895495334 -5.8891966832 -5.8854744768 -5.8836081304 -5.8826282262 -5.8797639673 -5.8770090987 -5.8727938957 -5.8709246180 -5.8686207491 -5.8658532245 -5.8653607443 -5.8626952591 -5.8596885614 -5.8582863369 -5.8556672954 -5.8503565872 -5.8471603242 -5.8447168266 -5.8384904190 -5.8367206714 -5.8307316644 -5.8267873954 -5.8257697931 -5.8181559319 -5.8124903927 -5.8011143002 -5.7984816512 -5.7855421060 -5.7836414391 -5.7806531677 -5.7780322740 -5.7723048024 -5.7699775648 -5.7623713742 -5.7598894958 -5.7542721749 -5.7505708892
-6.6144537307 -6.5957459132 -6.5826836679 -6.5798789321 -6.5751444774 -6.5667839548 -6.5438715529 -6.5323386971 -6.5285239955 -6.5158006750 -6.5034279094 -6.4880364269 -6.4850578870 -6.4770340537 -6.4766509213 -6.4757756210 -6.4687018909 -6.4589513575 -6.4486145852 -6.4454512154 -6.4432286967 -6.4366788789 -6.4347363733 -6.4320382901 -6.4173818983 -6.4094008517 -6.4008814214 -6.3982859312 -6.3936260913 -6.3913735323 -6.3896313935 -6.3834184246 -6.3643709340 -6.3570212217 -6.3528207642 -6.3522670439 -6.3515157291 -6.3470813623 -6.3456512172 -6.3423696191 -6.3387598967 -6.3383087661 -6.3336499030 -6.3322064972 -6.3314914983 -6.3252451819 -6.3248146603 -6.3214726807 -6.3183776800 -6.3153610362 -6.3139724750 -6.3103264882 -6.3096316368 -6.3059776727 -6.3025372613 -6.3024172138 -6.3018635390 -6.2990379882 -6.2981785126 -6.2968330795 -6.2870232661 -6.2720368049 -6.2705364320 -6.2687103648 -6.2663378651 -6.2603849889 -6.2594815751 -6.2579270286 -6.2529944629 -6.2518339547 -6.2500297707 -6.2495281982 -6.2323305073 -6.2224210990 -6.2169150328 -6.2137151665 -6.1853460031 -6.1776136190 -6.1740383830 -6.1738901431 -6.1720023562 -6.1670456587 -6.1659659367 -6.1629213843 -6.1561549766 -6.1509449426 -6.1499268006 -6.1483137560 -6.1464184000 -6.1429676913 -6.1424074188 -6.1414130347 -6.1394641390 -6.1385380379 -6.1363646757 -6.1344048614 -6.1340238679 -6.1324618643 -6.1300812100 -6.1281868051 -6.1250297618 -6.1221249137 -6.1203680273 -6.1171250894 -6.1147607435 -6.1112476856 -6.1092613102 -6.1067830964 -6.1049417491 -6.1043683241 -6.1020059030 -6.1009839531 -6.0973496873 -6.0945893444 -6.0931982601 -6.0915367620 -6.0884854157 -6.0871748499 -6.0860021294 -6.0850633106 -6.0837058031 -6.0818600852 -6.0789071135 -6.0759649149 -6.0660756788 -6.0623614071 -6.0597337059 -6.0575915134 -6.0541778707 -6.0512747315 -6.0476110698 -6.0416029165 -6.0403598080 -6.0384487286 -6.0376142539 -6.0356352247 -6.0332117767 -6.0317632561 -6.0308402808 -6.0288328851 -6.0278480866 -6.0257937984 -6.0245600132 -6.0218984569 -6.0190108979 -6.0182610245 -6.0162785084 -6.0150357696 -6.0137984418 -6.0124024687 -6.0104385620 -6.0093265148 -6.0070383083 -6.0062844132 -6.0046403508 -6.0020522660 -6.0017629184 -6.0002389657 -5.9983807236 -5.9970652032 -5.9941431842 -5.9904357225 -5.9860252020 -5.9850504213 -5.9828684656 -5.9823485274 -5.9812390486 -5.9794409794 -5.9781705630 -5.9761434404 -5.9732742790 -5.9701593112 -5.9662638366 -5.9661026014 -5.9638025485 -5.9622250588 -5.9613231374 -5.9603116810 -5.9592632181 -5.9573338441 -5.9550950386 -5.9522474301 -5.9510803165 -5.9492483791 -5.9467825555 -5.9450892425 -5.9436662503 -5.9421705810 -5.9401398214 -5.9387167890 -5.9332013604 -5.9287025806 -5.9275669433 -5.9251629395 -5.9239688368 -5.9216970047 -5.9204422595 -5.9164139555 -5.9154388366 -5.9134720685 -5.9098441257 -5.9078645418 -5.9064806407 -5.9057168377 -5.9031609547 -5.9012112358 -5.8985377261 -5.8973051222 -5.8955556406 -5.8920773937 -5.8898354737 -5.8888047094 -5.8849312919 -5.8843319574 -5.8821981573 -5.8791347567 -5.8761563201 -5.8729121573 -5.8707380528 -5.8687186979 -5.8661726776 -5.8649999976 -5.8621485094 -5.8600544596 -5.8589255960 -5.8548941757 -5.8510579471 -5.8477500595 -5.8459220662 -5.8380285663 -5.8368397063 -5.8312128534 -5.8264313303 -5.8252886189 -5.8189580327 -5.8135163749 -5.8002478404 -5.7972211089 -5.7854126062 -5.7827977339 -5.7804895742 -5.7774588850 -5.7724090961 -5.7701071770 -5.7627124796 -5.7599651465 -5.7548550928 -5.7508503451
-6.6158620647 -6.5969805077 -6.5843881891 -6.5784205561 -6.5771454875 -6.5653876504 -6.5474397477 -6.5357928306 -6.5263142020 -6.5136056364 -6.5045804526 -6.4916654027 -6.4862285955 -6.4799180506 -6.4772800853 -6.4761285871 -6.4699569090 -6.4580660935 -6.4518216417 -6.4442675441 -6.4390921641 -6.4354374897 -6.4350443643 -6.4306896283 -6.4202616844 -6.4120950143 -6.4032569243 -6.4006071933 -6.3959816772 -6.3921232625 -6.3876198794 -6.3798354779 -6.3611846635 -6.3586590188 -6.3545358901 -6.3533830989 -6.3485558749 -6.3482943104 -6.3474161453 -6.3435951389 -6.3386491074 -6.3356307381 -6.3306705360 -6.3298091384 -6.3294630239 -6.3274398135 -6.3260719491 -6.3227436393 -6.3162387431 -6.3157093954 -6.3144044401 -6.3113884574 -6.3079194322 -6.3051932874 -6.3045059070 -6.3030549919 -6.3008649273 -6.3006728290 -6.2994624473 -6.2954773348 -6.2911007868 -6.2760942536 -6.2701837680 -6.2686365537 -6.2669002487 -6.2617447547 -6.2584807130 -6.2575911076 -6.2512101895 -6.2500285701 -6.2482320587 -6.2477197739 -6.2357543714 -6.2259019857 -6.2203129577 -6.2171186196 -6.1817625000 -6.1786554437 -6.1755097999 -6.1707425741 -6.1687411438 -6.1679663045 -6.1645175427 -6.1628247189 -6.1557897913 -6.1522934155 -6.1512959487 -6.1465404235 -6.1455846977 -6.1440088253 -6.1431756195 -6.1422653389 -6.1400717758 -6.1381825871 -6.1369918509 -6.1356306675 -6.1349815451 -6.1299474689 -6.1284715842 -6.1274788817 -6.1260515225 -6.1221304262 -6.1182819276 -6.1178103184 -6.1129809770 -6.1123749392 -6.1106842394 -6.1082751406 -6.1060756332 -6.1037467315 -6.1023760907 -6.1016789944 -6.0976423388 -6.0941058138 -6.0923251157 -6.0910406714 -6.0898345277 -6.0886440416 -6.0870990047 -6.0866583173 -6.0839237820 -6.0822378797 -6.0796829541 -6.0774255810 -6.0681488387 -6.0619798584 -6.0595831705 -6.0577269624 -6.0528218270 -6.0500514048 -6.0460817316 -6.0411785547 -6.0394604348 -6.0382851741 -6.0370530326 -6.0357855760 -6.0337249971 -6.0310870957 -6.0301647378 -6.0291535717 -6.0278179659 -6.0261273777 -6.0246443449 -6.0218540718 -6.0199240243 -6.0189159882 -6.0169276170 -6.0153651613 -6.0129904308 -6.0127927157 -6.0116241097 -6.0095976175 -6.0080550938 -6.0072408143 -6.0046964949 -6.0019633652 -6.0017012253 -6.0004306743 -5.9987690051 -5.9978401342 -5.9940955113 -5.9903146084 -5.9869726059 -5.9845996571 -5.9838479663 -5.9819256552 -5.9812162451 -5.9797148047 -5.9773818212 -5.9760252762 -5.9725663116 -5.9701424375 -5.9665671563 -5.9650890195 -5.9635009956 -5.9630404523 -5.9614312882 -5.9602908864 -5.9583643220 -5.9577895823 -5.9548849560 -5.9526253915 -5.9516103083 -5.9499227364 -5.9475918424 -5.9452655241 -5.9439772393 -5.9417571550 -5.9404648167 -5.9392530273 -5.9342121739 -5.9292873320 -5.9272025554 -5.9256983762 -5.9240430426 -5.9217293662 -5.9193999511 -5.9154758471 -5.9146104424 -5.9127976517 -5.9091137306 -5.9080471888 -5.9064570682 -5.9056224024 -5.9037664007 -5.9017754062 -5.8983541742 -5.8978645716 -5.8962056735 -5.8927945328 -5.8904141748 -5.8881114482 -5.8854055818 -5.8842741198 -5.8815230564 -5.8785313172 -5.8753183088 -5.8733473549 -5.8703438221 -5.8687745254 -5.8665265199 -5.8646917569 -5.8621376558 -5.8604061336 -5.8589587435 -5.8542262338 -5.8516825796 -5.8482929901 -5.8470402060 -5.8381334147 -5.8366651177 -5.8316097041 -5.8259504221 -5.8248079817 -5.8196600424 -5.8145561711 -5.7996001559 -5.7958236256 -5.7854847824 -5.7823670937 -5.7800947832 -5.7767854074 -5.7724424862 -5.7702163733 -5.7630370683 -5.7600379916 -5.7554438794 -5.7511466685
-6.6172964241 -6.5982608233 -6.5860559539 -6.5793034162 -6.5767134193 -6.5639487512 -6.5509859226 -6.5392254036 -6.5241114469 -6.5114366373 -6.5057454793 -6.4952884213 -6.4874144495 -6.4834044197 -6.4785505089 -6.4752493235 -6.4712053901 -6.4571897505 -6.4550197702 -6.4430969984 -6.4380493730 -6.4349418301 -6.4341734620 -6.4266186110 -6.4231272552 -6.4147738774 -6.4055980050 -6.4028942851 -6.3982993904 -6.3945661751 -6.3838673005 -6.3762559257 -6.3603507643 -6.3579961232 -6.3562658396 -6.3548016227 -6.3497336495 -6.3491991340 -6.3453520099 -6.3449798813 -6.3388798719 -6.3325135069 -6.3298774318 -6.3288520707 -6.3278039643 -6.3271726954 -6.3265872573 -6.3235026027 -6.3183247344 -6.3149836115 -6.3132670627 -6.3109218574 -6.3066465306 -6.3061136663 -6.3059890426 -6.3028237148 -6.3025235768 -6.3006548692 -6.2989310701 -6.2951748795 -6.2937651538 -6.2801691638 -6.2740140787 -6.2667635018 -6.2655698268 -6.2650656536 -6.2566039972 -6.2557484962 -6.2494377302 -6.2482348223 -6.2464513190 -6.2459230935 -6.2391808117 -6.2293872217 -6.2237145842 -6.2205232734 -6.1797063662 -6.1782145943 -6.1771157934 -6.1689685623 -6.1674723606 -6.1661056023 -6.1655058964 -6.1597228213 -6.1555443488 -6.1536533500 -6.1527664938 -6.1467038310 -6.1454606067 -6.1443671721 -6.1435203288 -6.1423397817 -6.1412813579 -6.1391500216 -6.1372330191 -6.1365614342 -6.1345573544 -6.1292343448 -6.1273026505 -6.1265596023 -6.1250473172 -6.1222793088 -6.1193713983 -6.1156831038 -6.1137910792 -6.1125706817 -6.1103664323 -6.1098945587 -6.1071189811 -6.1035959985 -6.1030618111 -6.1015139377 -6.0981946660 -6.0935928683 -6.0917832065 -6.0914721593 -6.0906824715 -6.0896282335 -6.0885052876 -6.0880198419 -6.0845003523 -6.0821808717 -6.0800435372 -6.0784050321 -6.0704382597 -6.0631242525 -6.0591506113 -6.0566639762 -6.0514915648 -6.0488167267 -6.0446517641 -6.0418237457 -6.0390958429 -6.0380704009 -6.0361211879 -6.0353672808 -6.0340279077 -6.0312116363 -6.0304139674 -6.0288451730 -6.0273483170 -6.0260708956 -6.0245622156 -6.0217961962 -6.0212704448 -6.0191814344 -6.0176774098 -6.0153578700 -6.0135348204 -6.0130899561 -6.0117518881 -6.0099475409 -6.0091821256 -6.0084096932 -6.0044161216 -6.0021256940 -6.0016286931 -6.0006821411 -5.9996654977 -5.9979204688 -5.9939961244 -5.9901485095 -5.9878974454 -5.9852114309 -5.9838514674 -5.9818492859 -5.9813013872 -5.9795368617 -5.9767988977 -5.9757101088 -5.9718282692 -5.9702649188 -5.9670509667 -5.9645503648 -5.9637816877 -5.9633452445 -5.9618887844 -5.9595465400 -5.9589753446 -5.9566279175 -5.9544789448 -5.9537530051 -5.9522712172 -5.9497930724 -5.9484359631 -5.9455193423 -5.9442809501 -5.9419389003 -5.9402014543 -5.9396164284 -5.9351847178 -5.9300683019 -5.9273975817 -5.9258109448 -5.9243383169 -5.9212566637 -5.9183550968 -5.9146296234 -5.9138176049 -5.9120615823 -5.9090857449 -5.9079829455 -5.9062766655 -5.9055224399 -5.9041187797 -5.9023165853 -5.8986474272 -5.8980069988 -5.8968371040 -5.8934895376 -5.8910315863 -5.8874005229 -5.8864142124 -5.8836938470 -5.8808217841 -5.8780640081 -5.8745111927 -5.8738455891 -5.8699569163 -5.8687470882 -5.8668672241 -5.8644542156 -5.8630487563 -5.8599673703 -5.8587962137 -5.8538433172 -5.8521022067 -5.8487990981 -5.8479876428 -5.8388299709 -5.8361351283 -5.8318773915 -5.8254234979 -5.8243718415 -5.8202357346 -5.8155899464 -5.7991024639 -5.7943850605 -5.7857026269 -5.7823030945 -5.7795498005 -5.7760982596 -5.7724000401 -5.7702735514 -5.7633233556 -5.7601171024 -5.7560200827 -5.7514519769
-6.6187580458 -6.5995900621 -6.5876902088 -6.5812275330 -6.5751392523 -6.5624657585 -6.5545102074 -6.5426365292 -6.5219172523 -6.5093104521 -6.5069089352 -6.4989021168 -6.4886323033 -6.4868888044 -6.4798069900 -6.4744071361 -6.4724239644 -6.4582098971 -6.4563210574 -6.4419286405 -6.4410447674 -6.4329645834 -6.4307167700 -6.4259784743 -6.4225264071 -6.4174376298 -6.4079027177 -6.4051461756 -6.4005745580 -6.3969575014 -6.3801169424 -6.3726807614 -6.3620485845 -6.3580103097 -6.3563854441 -6.3548296879 -6.3511617401 -6.3509959568 -6.3465575757 -6.3421427633 -6.3391013024 -6.3322833493 -6.3305456381 -6.3293856228 -6.3262376202 -6.3253518351 -6.3240682652 -6.3231964156 -6.3205015649 -6.3164910025 -6.3108288318 -6.3097986775 -6.3086187963 -6.3071478109 -6.3044742115 -6.3042599636 -6.3034143613 -6.3001240529 -6.2992134817 -6.2970951348 -6.2919993378 -6.2842507557 -6.2778519822 -6.2693510645 -6.2648741970 -6.2633305777 -6.2547435859 -6.2539192621 -6.2476789216 -6.2464543862 -6.2447077879 -6.2441450804 -6.2425842094 -6.2328749224 -6.2271193891 -6.2239283946 -6.1807619652 -6.1787109672 -6.1747047535 -6.1699392497 -6.1676861011 -6.1642924264 -6.1623485606 -6.1568413357 -6.1556880742 -6.1546827312 -6.1541736130 -6.1474541533 -6.1467542406 -6.1451995364 -6.1442321637 -6.1426837227 -6.1404780473 -6.1399085587 -6.1383989550 -6.1377328448 -6.1325715071 -6.1301609930 -6.1272653249 -6.1245002961 -6.1232217126 -6.1222877517 -6.1202912621 -6.1160035519 -6.1142970278 -6.1123503754 -6.1115973189 -6.1089645255 -6.1075045158 -6.1044877867 -6.1030110254 -6.1010439766 -6.0987743503 -6.0941410257 -6.0928603015 -6.0914996764 -6.0912015970 -6.0904062668 -6.0899382973 -6.0876381641 -6.0857939318 -6.0814858551 -6.0811048443 -6.0781845587 -6.0727728462 -6.0651054418 -6.0581122948 -6.0554841974 -6.0502141390 -6.0477501344 -6.0438289915 -6.0423903675 -6.0395848348 -6.0371582910 -6.0359734761 -6.0347308330 -6.0336818370 -6.0319760876 -6.0307069608 -6.0278511871 -6.0276255011 -6.0255982283 -6.0241691864 -6.0228505614 -6.0213717982 -6.0198715425 -6.0178817751 -6.0153603019 -6.0145190313 -6.0138332657 -6.0113188813 -6.0106944258 -6.0098321667 -6.0094393648 -6.0043955345 -6.0025042897 -6.0016084719 -6.0009522443 -6.0002305126 -5.9979521840 -5.9938860357 -5.9899488864 -5.9887586462 -5.9862678866 -5.9834918379 -5.9820258996 -5.9814897793 -5.9789687894 -5.9766448920 -5.9749617196 -5.9711542021 -5.9706040513 -5.9674408620 -5.9652430438 -5.9643389236 -5.9632823264 -5.9613618255 -5.9600952575 -5.9584560241 -5.9556837744 -5.9547681705 -5.9538170747 -5.9530998574 -5.9500949551 -5.9486440864 -5.9458117849 -5.9444980420 -5.9425185927 -5.9407020068 -5.9388568542 -5.9360583135 -5.9308240478 -5.9281142823 -5.9260813515 -5.9241217193 -5.9206352140 -5.9173242979 -5.9139005529 -5.9130366238 -5.9113968778 -5.9094787776 -5.9077650691 -5.9065293398 -5.9050678713 -5.9041368755 -5.9027573508 -5.8992642153 -5.8980155635 -5.8973086532 -5.8941344087 -5.8916894885 -5.8874324735 -5.8866607275 -5.8831107622 -5.8801376450 -5.8778843886 -5.8742074710 -5.8737352691 -5.8697182129 -5.8686065969 -5.8671566378 -5.8643987824 -5.8640615087 -5.8594304238 -5.8584603779 -5.8539496854 -5.8521742073 -5.8493896684 -5.8485584551 -5.8397409484 -5.8355311333 -5.8320678736 -5.8249166619 -5.8239866713 -5.8206576779 -5.8165967573 -5.7987173143 -5.7929700350 -5.7860244239 -5.7824415912 -5.7790180785 -5.7754955179 -5.7723071860 -5.7702341968 -5.7635386150 -5.7602228346 -5.7565544883 -5.7517551254
-6.6202478147 -6.6009706145 -6.5892967000 -6.5830954485 -6.5735102268 -6.5609373155 -6.5580127312 -6.5460263372 -6.5197332071 -6.5082515208 -6.5070495037 -6.5025050147 -6.4905362862 -6.4897020429 -6.4810645198 -6.4740391132 -6.4731766295 -6.4613889095 -6.4554628363 -6.4440338764 -6.4407603289 -6.4317140948 -6.4288152023 -6.4265121223 -6.4200864802 -6.4184139869 -6.4101692969 -6.4073619400 -6.4028037699 -6.3992947191 -6.3763696155 -6.3691112337 -6.3637797434 -6.3597694794 -6.3580252787 -6.3528525346 -6.3527765818 -6.3515857462 -6.3481387269 -6.3394606741 -6.3388882426 -6.3347366408 -6.3327687103 -6.3266285069 -6.3261943201 -6.3231118178 -6.3226699653 -6.3221854343 -6.3205566912 -6.3181008503 -6.3107584409 -6.3101305694 -6.3083690859 -6.3068409889 -6.3060722305 -6.3047702003 -6.3031907830 -6.3025826610 -6.2985776134 -6.2952278828 -6.2901979303 -6.2883309756 -6.2816912317 -6.2731590771 -6.2630184022 -6.2615755220 -6.2529028108 -6.2521083190 -6.2461457805 -6.2458892159 -6.2446801703 -6.2428943244 -6.2423672954 -6.2363611453 -6.2305268063 -6.2273330286 -6.1818206220 -6.1802954613 -6.1712578077 -6.1709085183 -6.1692582706 -6.1611856743 -6.1592979195 -6.1571040337 -6.1560541799 -6.1548284776 -6.1533196146 -6.1488474068 -6.1477473718 -6.1462600155 -6.1450859753 -6.1437408550 -6.1418205666 -6.1399279139 -6.1390379094 -6.1370707146 -6.1316378119 -6.1301729515 -6.1274950721 -6.1242197127 -6.1222676323 -6.1215835861 -6.1194453401 -6.1172456641 -6.1159787173 -6.1133835728 -6.1100677278 -6.1092618846 -6.1067600638 -6.1046522772 -6.1031919850 -6.1004407361 -6.0992292012 -6.0955924044 -6.0943204221 -6.0931284049 -6.0922213778 -6.0901822025 -6.0894300015 -6.0876554050 -6.0863749538 -6.0825563948 -6.0805358265 -6.0774244767 -6.0750461882 -6.0672782894 -6.0569796025 -6.0543426650 -6.0490326499 -6.0472625637 -6.0442963222 -6.0415942398 -6.0400355587 -6.0373430413 -6.0354932752 -6.0343067396 -6.0335059827 -6.0320584516 -6.0307161815 -6.0281350677 -6.0269987977 -6.0254536514 -6.0241409844 -6.0233158493 -6.0213702867 -6.0204852645 -6.0176609176 -6.0162701557 -6.0148184600 -6.0142930619 -6.0122915008 -6.0111806543 -6.0104330435 -6.0094355571 -6.0050507473 -6.0027877178 -6.0015641209 -6.0011670347 -6.0004914588 -5.9980565496 -5.9937913261 -5.9898223621 -5.9894693904 -5.9872717584 -5.9833355562 -5.9822263930 -5.9815883663 -5.9783911786 -5.9765545827 -5.9740537477 -5.9712761558 -5.9705417253 -5.9677168342 -5.9662458310 -5.9650239557 -5.9631273117 -5.9614231709 -5.9599912474 -5.9576279410 -5.9567622217 -5.9546284504 -5.9533306093 -5.9529450557 -5.9509510936 -5.9483933986 -5.9461534064 -5.9446030448 -5.9430992817 -5.9414409525 -5.9381364451 -5.9365724370 -5.9314958004 -5.9289258013 -5.9266882101 -5.9234893562 -5.9200214838 -5.9163186457 -5.9132759553 -5.9122896093 -5.9110967474 -5.9097297780 -5.9076142489 -5.9069863291 -5.9046428255 -5.9040086718 -5.9028346996 -5.8999033213 -5.8984259446 -5.8973641673 -5.8946974748 -5.8923908423 -5.8883814243 -5.8859513867 -5.8825445920 -5.8795259041 -5.8780845349 -5.8742662191 -5.8730493589 -5.8696460721 -5.8684769113 -5.8672810766 -5.8653112110 -5.8641195973 -5.8591438622 -5.8578569537 -5.8543709864 -5.8521471497 -5.8500225450 -5.8487091758 -5.8406795010 -5.8349324267 -5.8322491349 -5.8245153909 -5.8236076916 -5.8209192028 -5.8175447896 -5.7984279102 -5.7916311322 -5.7864149281 -5.7826803632 -5.7785825796 -5.7750390363 -5.7722247067 -5.7700719882 -5.7636382598 -5.7603874233 -5.7570056485 -5.7520402147
-6.6217662344 -6.6024039907 -6.5908819466 -6.5848832409 -6.5718406392 -6.5614937384 -6.5593621405 -6.5493949673 -6.5175611270 -6.5094108474 -6.5060952889 -6.5050200942 -6.4939677684 -6.4909993190 -6.4823270339 -6.4750961980 -6.4725125432 -6.4645577933 -6.4546138030 -6.4470164436 -6.4395913549 -6.4316373700 -6.4304638199 -6.4227207051 -6.4222868993 -6.4142823961 -6.4123959172 -6.4095407041 -6.4049840808 -6.4015756831 -6.3726264616 -6.3656407932 -6.3654470565 -6.3615443781 -6.3597496355 -6.3546804534 -6.3543060784 -6.3499448230 -6.3483861062 -6.3397615853 -6.3372188218 -6.3357887033 -6.3350978431 -6.3275059207 -6.3249263922 -6.3231550351 -6.3209232816 -6.3207081278 -6.3191955240 -6.3173920974 -6.3127886700 -6.3115751270 -6.3082770470 -6.3072439276 -6.3066386103 -6.3059665300 -6.3044227011 -6.3007498506 -6.2968539536 -6.2933301258 -6.2924173585 -6.2883504425 -6.2855284009 -6.2769748835 -6.2611773662 -6.2598385819 -6.2510926806 -6.2503379707 -6.2494988865 -6.2441986126 -6.2429300513 -6.2411780671 -6.2406765803 -6.2397827346 -6.2339360355 -6.2307354062 -6.1828809834 -6.1818690289 -6.1719440276 -6.1708211224 -6.1678005560 -6.1587776262 -6.1580436102 -6.1576970721 -6.1562274972 -6.1548992025 -6.1508362801 -6.1501067853 -6.1486992370 -6.1474060583 -6.1460225216 -6.1446885653 -6.1431847228 -6.1411655608 -6.1401717264 -6.1346731025 -6.1326153063 -6.1289237626 -6.1272619340 -6.1255630391 -6.1227615138 -6.1200136733 -6.1185969816 -6.1181881194 -6.1162954575 -6.1148731894 -6.1104328824 -6.1079950177 -6.1067325046 -6.1040493588 -6.1028415072 -6.1000089798 -6.0993104242 -6.0972639719 -6.0958590570 -6.0948101291 -6.0937275988 -6.0898486835 -6.0888778407 -6.0881857954 -6.0856338357 -6.0840036833 -6.0796861924 -6.0772279702 -6.0763210266 -6.0694858331 -6.0558705766 -6.0533140532 -6.0483542137 -6.0475519705 -6.0442300943 -6.0413201846 -6.0397371823 -6.0381598433 -6.0353380293 -6.0342521518 -6.0330390836 -6.0317133705 -6.0304808416 -6.0285404009 -6.0264518641 -6.0260013657 -6.0244600867 -6.0230677892 -6.0216512073 -6.0202921747 -6.0175965722 -6.0172189442 -6.0150318389 -6.0144324798 -6.0133647154 -6.0123880594 -6.0103736935 -6.0091954115 -6.0061515619 -6.0029882640 -6.0014985912 -6.0012757814 -6.0006686777 -5.9982667229 -5.9937259593 -5.9903307521 -5.9895844283 -5.9880779418 -5.9835097136 -5.9821777063 -5.9816437735 -5.9780801619 -5.9762137514 -5.9732243718 -5.9719957559 -5.9702038424 -5.9682848420 -5.9668140536 -5.9656585859 -5.9633328504 -5.9618030302 -5.9593039871 -5.9581097951 -5.9567062642 -5.9555753662 -5.9529838504 -5.9518894664 -5.9513355326 -5.9482709166 -5.9465473988 -5.9448004577 -5.9433977395 -5.9422257982 -5.9383042293 -5.9361622604 -5.9320235671 -5.9297140218 -5.9273115655 -5.9228029009 -5.9194556508 -5.9153539078 -5.9127973463 -5.9116644238 -5.9112520553 -5.9097060787 -5.9078778707 -5.9069191118 -5.9047112198 -5.9038307986 -5.9023860753 -5.9004767554 -5.8989686368 -5.8973033272 -5.8951314859 -5.8931247042 -5.8892703195 -5.8852583773 -5.8820173535 -5.8792610226 -5.8783317251 -5.8741442493 -5.8724683014 -5.8696987142 -5.8684960738 -5.8671451363 -5.8661927878 -5.8641052999 -5.8590418546 -5.8571239214 -5.8548576619 -5.8522992616 -5.8504722740 -5.8486420172 -5.8415133423 -5.8343659891 -5.8324707304 -5.8242949755 -5.8231599817 -5.8210780966 -5.8183711438 -5.7982264177 -5.7904387277 -5.7868315224 -5.7829574942 -5.7782708825 -5.7747344290 -5.7721944226 -5.7698410055 -5.7635796390 -5.7606378299 -5.7573306131 -5.7522847684
-6.6233134084 -6.6038908185 -6.5924519229 -6.5865819035 -6.5701318130 -6.5649531979 -6.5577394394 -6.5527425663 -6.5154038449 -6.5106677549 -6.5096529674 -6.5029629968 -6.4974558852 -6.4922499761 -6.4835963012 -6.4763290795 -6.4716811368 -6.4677154616 -6.4537747898 -6.4499922223 -6.4384211904 -6.4344448295 -6.4292108224 -6.4253403079 -6.4180453873 -6.4145819277 -6.4116824012 -6.4101320103 -6.4071116940 -6.4037986045 -6.3688945099 -6.3673286977 -6.3633358146 -6.3619897994 -6.3615306509 -6.3565483076 -6.3559599324 -6.3515657127 -6.3453666962 -6.3403396564 -6.3396716684 -6.3374182407 -6.3326255526 -6.3287279207 -6.3271513444 -6.3218267581 -6.3200463320 -6.3186396593 -6.3177659562 -6.3148539686 -6.3142035371 -6.3132301602 -6.3116014402 -6.3092523909 -6.3083386303 -6.3037750861 -6.3026217483 -6.2988507585 -6.2965251842 -6.2950404525 -6.2913654766 -6.2893680357 -6.2864855600 -6.2807930583 -6.2593533438 -6.2581224105 -6.2529985404 -6.2492721550 -6.2485373431 -6.2433750680 -6.2424790487 -6.2411856493 -6.2394631883 -6.2388490133 -6.2373433014 -6.2341291002 -6.1839449210 -6.1834281752 -6.1729708887 -6.1723645983 -6.1644273811 -6.1602323187 -6.1592760064 -6.1554842262 -6.1550926462 -6.1537890748 -6.1520671320 -6.1497276794 -6.1486168999 -6.1476232592 -6.1466644393 -6.1456248011 -6.1445119825 -6.1424499174 -6.1411709535 -6.1338619293 -6.1321365260 -6.1292715249 -6.1274312894 -6.1253956384 -6.1233375950 -6.1210398279 -6.1199108517 -6.1169495692 -6.1161352142 -6.1143559180 -6.1110669631 -6.1083968254 -6.1059246757 -6.1035595968 -6.1019920363 -6.1000243301 -6.0989857924 -6.0986458469 -6.0974087103 -6.0963093548 -6.0947112208 -6.0911924306 -6.0880447128 -6.0873042612 -6.0857742524 -6.0848040903 -6.0798962654 -6.0776935553 -6.0754833058 -6.0715698523 -6.0548726341 -6.0525745640 -6.0492928874 -6.0468929528 -6.0440540088 -6.0415435511 -6.0395839982 -6.0381397155 -6.0361035895 -6.0338941450 -6.0325413152 -6.0313770146 -6.0304800782 -6.0283992463 -6.0271107867 -6.0259555164 -6.0243768004 -6.0237412711 -6.0211090702 -6.0201500973 -6.0183899921 -6.0168717209 -6.0156307607 -6.0149159261 -6.0139230321 -6.0131333754 -6.0102984254 -6.0092131723 -6.0071959221 -6.0032978255 -6.0015031130 -6.0012325187 -6.0008457125 -5.9986001296 -5.9936951577 -5.9909574599 -5.9898767156 -5.9884552933 -5.9837733344 -5.9820525324 -5.9816734891 -5.9780488572 -5.9756311565 -5.9733318818 -5.9719222075 -5.9701742270 -5.9692578850 -5.9667590724 -5.9662431898 -5.9638906761 -5.9618661570 -5.9595098531 -5.9585997570 -5.9565973362 -5.9557393970 -5.9538117399 -5.9510615863 -5.9505036560 -5.9481930124 -5.9469242833 -5.9452805778 -5.9434338586 -5.9429024701 -5.9387768323 -5.9355402730 -5.9323205289 -5.9303805363 -5.9278313635 -5.9221752183 -5.9189407511 -5.9144700026 -5.9127285271 -5.9115215163 -5.9109246087 -5.9098783892 -5.9081878097 -5.9065050664 -5.9050392292 -5.9035632205 -5.9020349971 -5.9007531985 -5.8993929205 -5.8973524275 -5.8954095572 -5.8938287421 -5.8900716373 -5.8846213987 -5.8815866740 -5.8797220748 -5.8780578446 -5.8740659334 -5.8720315156 -5.8698634057 -5.8684537672 -5.8671771588 -5.8665488258 -5.8641748353 -5.8590180201 -5.8564233297 -5.8553109242 -5.8526067142 -5.8506948778 -5.8485313288 -5.8421195852 -5.8338578428 -5.8327510065 -5.8242162501 -5.8226523125 -5.8212843517 -5.8189523024 -5.7981083879 -5.7895364174 -5.7871856915 -5.7832061104 -5.7780891325 -5.7745617648 -5.7722002186 -5.7696576413 -5.7633779409 -5.7609416370 -5.7575115013 -5.7524583644
-6.6248890346 -6.6054308797 -6.5940106901 -6.5881872423 -6.5684019774 -6.5683729310 -6.5560758572 -6.5560617862 -6.5133391349 -6.5132222529 -6.5118511845 -6.5009823664 -6.5008940130 -6.4935094533 -6.4848733696 -6.4775792771 -6.4708797020 -6.4708222445 -6.4530207823 -6.4528865701 -6.4372726619 -6.4372144246 -6.4279618075 -6.4279384020 -6.4167271163 -6.4138268961 -6.4137441299 -6.4091952047 -6.4060095069 -6.4059087791 -6.3691625194 -6.3651763682 -6.3651193020 -6.3633669395 -6.3584440411 -6.3584378300 -6.3576824214 -6.3532905363 -6.3424428334 -6.3422813303 -6.3411379190 -6.3393674433 -6.3302616084 -6.3294511493 -6.3293326898 -6.3233002208 -6.3171365976 -6.3170942681 -6.3164807094 -6.3159537133 -6.3155342521 -6.3142906111 -6.3110117182 -6.3109477005 -6.3099563214 -6.3016497664 -6.3006369726 -6.3005676523 -6.2968808897 -6.2932651868 -6.2931190357 -6.2893826570 -6.2847993071 -6.2844146507 -6.2575485888 -6.2564954647 -6.2563787375 -6.2475483718 -6.2470217836 -6.2465700123 -6.2408219251 -6.2407303424 -6.2394616950 -6.2379744989 -6.2373581231 -6.2370744545 -6.1850820855 -6.1849015339 -6.1741049437 -6.1738019574 -6.1619703333 -6.1612238661 -6.1606859343 -6.1557938526 -6.1539189517 -6.1534255953 -6.1523695164 -6.1497637778 -6.1495594996 -6.1472224659 -6.1464810383 -6.1461486566 -6.1446310570 -6.1433368745 -6.1420270781 -6.1347221885 -6.1310565533 -6.1296905094 -6.1286473449 -6.1246743934 -6.1232133964 -6.1225585393 -6.1211133029 -6.1178370679 -6.1149884723 -6.1132153163 -6.1110339595 -6.1084963204 -6.1065443443 -6.1027619240 -6.1016356407 -6.1009846850 -6.0993694520 -6.0988672048 -6.0979938074 -6.0976518039 -6.0946854722 -6.0924111757 -6.0874483507 -6.0870317720 -6.0863694804 -6.0850676701 -6.0804903723 -6.0770270226 -6.0750950013 -6.0728158778 -6.0543434648 -6.0524446742 -6.0497792977 -6.0465475340 -6.0442524829 -6.0416274258 -6.0399654720 -6.0374595835 -6.0365495083 -6.0341656100 -6.0323379736 -6.0309756964 -6.0306045705 -6.0279888051 -6.0275933608 -6.0261680487 -6.0246422457 -6.0240791168 -6.0205993922 -6.0204213025 -6.0182472489 -6.0167237167 -6.0165643343 -6.0154169744 -6.0148647897 -6.0126203434 -6.0103034317 -6.0097713864 -6.0077024190 -6.0037533575 -6.0015171819 -6.0012621199 -6.0009478418 -5.9990575731 -5.9936995757 -5.9915577835 -5.9903965981 -5.9885602054 -5.9838972781 -5.9820470049 -5.9816743378 -5.9781056296 -5.9752680905 -5.9738971170 -5.9715940773 -5.9704515997 -5.9698953114 -5.9668075855 -5.9665155179 -5.9644297089 -5.9620834938 -5.9604131063 -5.9585681806 -5.9570639576 -5.9552620963 -5.9546059242 -5.9506760454 -5.9498392426 -5.9479034741 -5.9469836501 -5.9457808520 -5.9439948547 -5.9430117975 -5.9390373457 -5.9353173337 -5.9324251002 -5.9307270838 -5.9281475862 -5.9216501663 -5.9184703000 -5.9139135078 -5.9129533691 -5.9112742135 -5.9106980529 -5.9101351477 -5.9082641416 -5.9062558650 -5.9051732281 -5.9033905143 -5.9021117695 -5.9007742192 -5.8993805833 -5.8975358128 -5.8957201899 -5.8942822840 -5.8907503673 -5.8841355730 -5.8814418109 -5.8801311173 -5.8777592542 -5.8741529437 -5.8717667988 -5.8700402107 -5.8682341743 -5.8675659104 -5.8662982523 -5.8643239675 -5.8590258254 -5.8559941571 -5.8555806777 -5.8528708707 -5.8507773710 -5.8484940666 -5.8424001040 -5.8335274780 -5.8329939997 -5.8241991684 -5.8222021402 -5.8216192999 -5.8191698159 -5.7980704020 -5.7892000985 -5.7873042292 -5.7833238456 -5.7780324805 -5.7745075052 -5.7722064946 -5.7695948069 -5.7632260382 -5.7611147902 -5.7575645294 -5.7525239173
-6.6184900421 -6.5991268364 -6.5877564517 -6.5819161344 -6.5650007006 -6.5649696288 -6.5527317163 -6.5527182335 -6.5104775661 -6.5103941672 -6.5067605898 -6.4980808392 -6.4979968363 -6.4884267258 -6.4797289493 -6.4725469623 -6.4663334788 -6.4662802241 -6.4487931652 -6.4486600273 -6.4340252114 -6.4339658671 -6.4252694812 -6.4252477154 -6.4181072103 -6.4180277525 -6.4099928919 -6.4098978783 -6.4082018978 -6.4009523290 -6.3690935240 -6.3690576022 -6.3619844963 -6.3618321483 -6.3616595831 -6.3559496786 -6.3506818248 -6.3463732799 -6.3434923425 -6.3434135023 -6.3353053958 -6.3333558869 -6.3313474459 -6.3313139037 -6.3249221063 -6.3240291522 -6.3190899674 -6.3190688365 -6.3173620924 -6.3143543539 -6.3143013332 -6.3119045145 -6.3114327364 -6.3099717248 -6.3081953136 -6.3049151142 -6.3034870927 -6.2974367990 -6.2965765097 -6.2963915942 -6.2892946625 -6.2891366473 -6.2808961576 -6.2805416120 -6.2647330177 -6.2545333480 -6.2529803172 -6.2528521892 -6.2463393550 -6.2442685496 -6.2435423645 -6.2431483555 -6.2374011917 -6.2373255805 -6.2343958350 -6.2339326192 -6.1798978269 -6.1797073304 -6.1689813983 -6.1686930721 -6.1646683164 -6.1641015682 -6.1560467785 -6.1554440688 -6.1547077135 -6.1538712761 -6.1526826369 -6.1505530775 -6.1479307738 -6.1471720768 -6.1465668597 -6.1454139593 -6.1424757123 -6.1406674970 -6.1384630867 -6.1315723855 -6.1307647533 -6.1303725422 -6.1260146290 -6.1243712265 -6.1225280091 -6.1201262447 -6.1177313112 -6.1167426983 -6.1158201018 -6.1139421045 -6.1132095363 -6.1108970603 -6.1038096453 -6.1026021431 -6.1005941810 -6.0995350718 -6.0986606246 -6.0967780802 -6.0964983774 -6.0952053516 -6.0935665206 -6.0906214742 -6.0886356770 -6.0858557278 -6.0853178702 -6.0830747368 -6.0809434782 -6.0786976269 -6.0731548231 -6.0707006779 -6.0568844347 -6.0513194545 -6.0495843341 -6.0474338481 -6.0432007302 -6.0410487458 -6.0392187511 -6.0380489683 -6.0368067172 -6.0333867785 -6.0318860076 -6.0318039907 -6.0314603095 -6.0287096592 -6.0265786620 -6.0248473022 -6.0241004756 -6.0237169413 -6.0219762134 -6.0200867201 -6.0180370474 -6.0163420089 -6.0144871827 -6.0141008288 -6.0127173560 -6.0116260310 -6.0096584973 -6.0073715202 -6.0063550753 -6.0021578416 -6.0016273079 -6.0007539504 -6.0003176617 -5.9968402854 -5.9936828529 -5.9895428165 -5.9891334026 -5.9874098827 -5.9833304742 -5.9819750796 -5.9816254663 -5.9778289774 -5.9748601819 -5.9732456599 -5.9706117792 -5.9698298306 -5.9688085650 -5.9673666578 -5.9649335191 -5.9625510632 -5.9601067190 -5.9582226890 -5.9575176941 -5.9566241420 -5.9549330063 -5.9538821649 -5.9513740687 -5.9510206775 -5.9488404224 -5.9484891083 -5.9445153000 -5.9425385047 -5.9408688802 -5.9386428815 -5.9357615502 -5.9324097448 -5.9296588376 -5.9265357739 -5.9234915639 -5.9202814452 -5.9147418566 -5.9133008200 -5.9124082426 -5.9107381353 -5.9098245438 -5.9082697044 -5.9069774341 -5.9057703400 -5.9031187375 -5.9019675063 -5.9005572368 -5.8998757138 -5.8964207879 -5.8936984245 -5.8931784163 -5.8882834649 -5.8861965270 -5.8813842173 -5.8796092672 -5.8783375156 -5.8736526337 -5.8722914677 -5.8706045675 -5.8681707987 -5.8676151090 -5.8660264624 -5.8639263927 -5.8589063626 -5.8562059205 -5.8557355073 -5.8521951484 -5.8503744719 -5.8482714669 -5.8415520428 -5.8344910981 -5.8324058885 -5.8244339824 -5.8231884876 -5.8205240701 -5.8186978754 -5.7982157112 -5.7900034650 -5.7875174789 -5.7827505057 -5.7782205351 -5.7747201235 -5.7722108192 -5.7697213177 -5.7640201622 -5.7604683739 -5.7572653035 -5.7522241792
-6.6120110600 -6.5927472257 -6.5814258507 -6.5755670061 -6.5614333435 -6.5613997763 -6.5491794833 -6.5491665975 -6.5076919209 -6.5076187792 -6.5015941422 -6.4952653104 -6.4951805038 -6.4833015214 -6.4745427126 -6.4674777506 -6.4619012304 -6.4618515435 -6.4446775901 -6.4445474865 -6.4307363697 -6.4306769981 -6.4226115800 -6.4225906210 -6.4221577512 -6.4220873373 -6.4137562897 -6.4136655969 -6.3996169191 -6.3926479024 -6.3731977949 -6.3731606549 -6.3654560830 -6.3654476845 -6.3544857027 -6.3485638718 -6.3451676245 -6.3451312024 -6.3435952711 -6.3392880502 -6.3336757437 -6.3334355246 -6.3331274282 -6.3293728952 -6.3273408948 -6.3213940318 -6.3213072319 -6.3184407635 -6.3179789917 -6.3173475704 -6.3172172656 -6.3129624084 -6.3116842634 -6.3080091159 -6.3072885490 -6.3054470935 -6.3019970290 -6.2970404033 -6.2925254211 -6.2920821709 -6.2851736595 -6.2850062221 -6.2769440125 -6.2766061294 -6.2719178361 -6.2615807860 -6.2532084294 -6.2510977887 -6.2495131838 -6.2494330979 -6.2402528498 -6.2398039586 -6.2340621913 -6.2339968999 -6.2310689808 -6.2305689189 -6.1747530808 -6.1745524698 -6.1681118363 -6.1675403795 -6.1639092715 -6.1636334741 -6.1594194853 -6.1576100808 -6.1568596110 -6.1539258646 -6.1512260461 -6.1501179099 -6.1496149126 -6.1481753111 -6.1434261473 -6.1408144076 -6.1380244208 -6.1359389730 -6.1342785523 -6.1330055057 -6.1321491293 -6.1279921396 -6.1260050119 -6.1241192933 -6.1203448506 -6.1198811871 -6.1182950418 -6.1162954352 -6.1161672139 -6.1134786223 -6.1123915703 -6.1093593181 -6.1044442288 -6.1036823582 -6.0993974838 -6.0985168341 -6.0969190538 -6.0961429696 -6.0952001597 -6.0945411591 -6.0922842729 -6.0892020300 -6.0868193805 -6.0849725330 -6.0842952794 -6.0828264273 -6.0793562409 -6.0764929989 -6.0706175690 -6.0679806031 -6.0611956479 -6.0530053491 -6.0495029247 -6.0464152536 -6.0424624678 -6.0419891532 -6.0393383155 -6.0378623017 -6.0359945044 -6.0349704120 -6.0332726202 -6.0327207897 -6.0293128985 -6.0284736908 -6.0274773224 -6.0262308644 -6.0249205678 -6.0224000615 -6.0209824957 -6.0194400486 -6.0186691657 -6.0154495405 -6.0125949829 -6.0123248435 -6.0102344591 -6.0093306417 -6.0082305987 -6.0049057490 -6.0044613352 -6.0023248043 -6.0013292766 -6.0000806292 -5.9983904346 -5.9945112804 -5.9937770690 -5.9903638341 -5.9867873056 -5.9852380655 -5.9824760422 -5.9820208645 -5.9812627038 -5.9774582094 -5.9744634004 -5.9726424013 -5.9699019652 -5.9695505546 -5.9681462682 -5.9678171345 -5.9631784900 -5.9605577860 -5.9587618199 -5.9574181116 -5.9570092570 -5.9554338071 -5.9547866562 -5.9539002720 -5.9523457563 -5.9512929437 -5.9495946430 -5.9491146248 -5.9443148705 -5.9417437549 -5.9383808807 -5.9369215967 -5.9364685410 -5.9329046246 -5.9276181963 -5.9255943426 -5.9238100020 -5.9218669083 -5.9162266804 -5.9139469273 -5.9134904029 -5.9115678391 -5.9095539631 -5.9084622842 -5.9083522625 -5.9066673334 -5.9029506078 -5.9019874994 -5.9010999555 -5.8983176705 -5.8949501233 -5.8919522049 -5.8912337883 -5.8887662219 -5.8857803837 -5.8833417478 -5.8785310819 -5.8780676523 -5.8745261892 -5.8724673734 -5.8713933492 -5.8687886168 -5.8668771549 -5.8647709853 -5.8642687618 -5.8584584508 -5.8563460688 -5.8556749667 -5.8521025170 -5.8491522831 -5.8475469894 -5.8402416873 -5.8357329071 -5.8321818523 -5.8253235306 -5.8232165579 -5.8194609473 -5.8180102365 -5.7986352937 -5.7914565381 -5.7885830175 -5.7818301364 -5.7785732026 -5.7753152979 -5.7723470223 -5.7697452571 -5.7655280867 -5.7602571563 -5.7558129200 -5.7512545839
-6.6054522118 -6.5862923420 -6.5750195949 -6.5691409475 -6.5577028219 -6.5576659269 -6.5454162141 -6.5454039385 -6.5049582089 -6.5048910918 -6.4963759245 -6.4925277678 -6.4924319467 -6.4781326302 -6.4693124167 -6.4623708781 -6.4575856003 -6.4575384741 -6.4406689206 -6.4405438288 -6.4274543979 -6.4273972856 -6.4261403775 -6.4260698310 -6.4197891441 -6.4197649686 -6.4173044478 -6.4172178719 -6.3909772468 -6.3842823485 -6.3774638966 -6.3774264027 -6.3692679810 -6.3692603971 -6.3472960893 -6.3469892701 -6.3468998969 -6.3418240034 -6.3412150877 -6.3367589600 -6.3356421311 -6.3355974482 -6.3324437270 -6.3268462568 -6.3238007062 -6.3236026926 -6.3233950895 -6.3214635370 -6.3210917520 -6.3202885633 -6.3202161963 -6.3135288078 -6.3120643328 -6.3064680767 -6.3040656814 -6.3027681235 -6.2958681337 -6.2908060630 -6.2884242541 -6.2874301166 -6.2809410653 -6.2807499947 -6.2791157078 -6.2729526789 -6.2726397455 -6.2686295369 -6.2600636347 -6.2578782065 -6.2462287368 -6.2461343844 -6.2370046686 -6.2365629830 -6.2308059624 -6.2307506240 -6.2277766358 -6.2272378895 -6.1716529478 -6.1710828702 -6.1696531008 -6.1694424435 -6.1629021279 -6.1608372314 -6.1601040688 -6.1588647835 -6.1586087470 -6.1574144537 -6.1543156636 -6.1526917327 -6.1470178066 -6.1423762142 -6.1402718780 -6.1365876899 -6.1362284206 -6.1349817981 -6.1334641594 -6.1311476955 -6.1296415471 -6.1277378852 -6.1256052153 -6.1239005583 -6.1221184288 -6.1210533020 -6.1182872718 -6.1160308270 -6.1155634205 -6.1122213439 -6.1082144476 -6.1059927798 -6.1053492387 -6.1044737902 -6.1016526791 -6.0991862961 -6.0984126110 -6.0945248341 -6.0940857385 -6.0924824777 -6.0907600572 -6.0882761770 -6.0853315045 -6.0832938918 -6.0821578429 -6.0794309950 -6.0759928902 -6.0738093460 -6.0684361396 -6.0655904386 -6.0648496012 -6.0574112731 -6.0479873495 -6.0452265530 -6.0436652187 -6.0431026610 -6.0403704919 -6.0377859886 -6.0371531995 -6.0351013389 -6.0341854219 -6.0322698887 -6.0313506826 -6.0297207272 -6.0270548588 -6.0262727851 -6.0236231139 -6.0231524995 -6.0199826567 -6.0197880012 -6.0166979045 -6.0132729149 -6.0113918928 -6.0105456591 -6.0095364016 -6.0059124026 -6.0049986722 -6.0045477989 -6.0027707040 -6.0019252722 -6.0003591690 -5.9988726546 -5.9961182049 -5.9940201993 -5.9921590353 -5.9914464081 -5.9845703215 -5.9838346848 -5.9823800770 -5.9811075441 -5.9801196981 -5.9770701543 -5.9742689072 -5.9721760096 -5.9703004495 -5.9690786077 -5.9682562012 -5.9672987259 -5.9615153106 -5.9590778288 -5.9585292290 -5.9575280059 -5.9567662209 -5.9557292551 -5.9534525467 -5.9532359513 -5.9526115773 -5.9515124992 -5.9496332105 -5.9487858861 -5.9444018930 -5.9419431341 -5.9383405124 -5.9348561556 -5.9347321877 -5.9326250944 -5.9275440024 -5.9249326767 -5.9243551194 -5.9201880192 -5.9180487331 -5.9148676156 -5.9146246107 -5.9125857048 -5.9100658592 -5.9097742952 -5.9087456627 -5.9075697364 -5.9036444512 -5.9025451584 -5.9000198009 -5.8965257965 -5.8933716651 -5.8913860044 -5.8903513957 -5.8888324058 -5.8862124013 -5.8830984485 -5.8780452956 -5.8775153508 -5.8757333840 -5.8742354033 -5.8701976865 -5.8696992130 -5.8661711994 -5.8655728842 -5.8629895565 -5.8576428757 -5.8563268985 -5.8552546113 -5.8519850254 -5.8476819824 -5.8464226322 -5.8391563592 -5.8367183265 -5.8325986813 -5.8259542749 -5.8228916725 -5.8184967954 -5.8172796896 -5.7992945061 -5.7931348655 -5.7901350227 -5.7818768446 -5.7787090297 -5.7762774937 -5.7724150660 -5.7699234858 -5.7666708176 -5.7609827471 -5.7534615481 -5.7497715657
-6.5988134513 -6.5797623184 -6.5685383297 -6.5626394263 -6.5538143045 -6.5537724236 -6.5414431559 -6.5414314994 -6.5022682671 -6.5022056914 -6.4911657497 -6.4898597350 -6.4896872392 -6.4729184005 -6.4640357937 -6.4572266753 -6.4533870374 -6.4533396752 -6.4367625412 -6.4366444026 -6.4299989377 -6.4299340871 -6.4240352104 -6.4239772977 -6.4206545432 -6.4205720581 -6.4169894496 -6.4169629407 -6.3823004933 -6.3818669668 -6.3818385497 -6.3758696355 -6.3732598214 -6.3732451909 -6.3503431068 -6.3491483681 -6.3491031281 -6.3399059699 -6.3380106897 -6.3379593910 -6.3351815723 -6.3338917932 -6.3298039379 -6.3291506333 -6.3260947834 -6.3259943493 -6.3255617459 -6.3232448353 -6.3232215258 -6.3215986914 -6.3178200832 -6.3155887079 -6.3063555292 -6.3019329723 -6.3000607673 -6.2977016391 -6.2899652243 -6.2863159488 -6.2852450706 -6.2841289027 -6.2820108034 -6.2766059545 -6.2763928026 -6.2756686069 -6.2689725962 -6.2686878511 -6.2668951165 -6.2646688472 -6.2430399124 -6.2429417866 -6.2338791126 -6.2334537249 -6.2276399329 -6.2275926554 -6.2245087643 -6.2239261829 -6.1752863878 -6.1747240032 -6.1664477370 -6.1646409033 -6.1644192721 -6.1641651081 -6.1634943718 -6.1609855482 -6.1576933022 -6.1560107393 -6.1539046176 -6.1536682404 -6.1440016621 -6.1405909592 -6.1382627797 -6.1375688808 -6.1361044632 -6.1325008064 -6.1309962240 -6.1296159802 -6.1277760925 -6.1259464419 -6.1250927718 -6.1242478464 -6.1234149297 -6.1201677601 -6.1193579548 -6.1175153327 -6.1117862190 -6.1087949316 -6.1076786768 -6.1061740251 -6.1054966385 -6.1037991084 -6.1012569085 -6.0995157140 -6.0981906388 -6.0968414921 -6.0930457238 -6.0929065486 -6.0871616448 -6.0841330443 -6.0830977421 -6.0819602677 -6.0789405345 -6.0765346161 -6.0730771185 -6.0716434317 -6.0693837027 -6.0653783713 -6.0617988295 -6.0615495523 -6.0469440886 -6.0457774867 -6.0453391934 -6.0435749556 -6.0426454388 -6.0378787210 -6.0378041190 -6.0363649379 -6.0358815064 -6.0339985809 -6.0325662067 -6.0295323440 -6.0267066577 -6.0260502462 -6.0238983423 -6.0213521753 -6.0189831297 -6.0188014773 -6.0147879974 -6.0132866709 -6.0098284063 -6.0083191610 -6.0070340342 -6.0054398349 -6.0036522381 -6.0025041620 -6.0015510345 -6.0005173488 -5.9981218130 -5.9972230510 -5.9945814486 -5.9938305465 -5.9920215587 -5.9897506378 -5.9850058270 -5.9820275051 -5.9812057605 -5.9800773144 -5.9783337421 -5.9767486026 -5.9745544134 -5.9721722629 -5.9705735452 -5.9688149590 -5.9681558946 -5.9671032751 -5.9602094346 -5.9600120820 -5.9590643715 -5.9571174420 -5.9561089491 -5.9549571220 -5.9541584611 -5.9520173851 -5.9514879495 -5.9504551049 -5.9491426348 -5.9481510385 -5.9445272957 -5.9425650538 -5.9392615665 -5.9353167604 -5.9315623126 -5.9302559098 -5.9289907715 -5.9262479169 -5.9221181614 -5.9200362831 -5.9172232354 -5.9161787167 -5.9157072745 -5.9137598682 -5.9113582399 -5.9107532439 -5.9091004633 -5.9084423373 -5.9043892836 -5.9032413207 -5.8987776746 -5.8946987613 -5.8939480471 -5.8918726706 -5.8888838460 -5.8885707513 -5.8863181209 -5.8808144518 -5.8788907690 -5.8778058199 -5.8767187435 -5.8747463470 -5.8701189438 -5.8690907997 -5.8681996394 -5.8644416555 -5.8616066031 -5.8566622838 -5.8560891944 -5.8545179127 -5.8515969467 -5.8463321000 -5.8449823178 -5.8395858345 -5.8362922624 -5.8335146044 -5.8260653658 -5.8225360739 -5.8176643679 -5.8165327368 -5.8001644815 -5.7949533795 -5.7919439929 -5.7829304195 -5.7789781514 -5.7776597300 -5.7720944363 -5.7711198625 -5.7665206531 -5.7620352158 -5.7508652251 -5.7479802168
-6.5920947452 -6.5731572748 -6.5619827759 -6.5560653055 -6.5497751347 -6.5497244224 -6.5372660172 -6.5372549727 -6.4996153245 -6.4995566294 -6.4873437636 -6.4872501021 -6.4855635685 -6.4676570534 -6.4587107293 -6.4520494807 -6.4493044980 -6.4492472594 -6.4337483117 -6.4336901660 -6.4328180453 -6.4327242940 -6.4238295156 -6.4237525015 -6.4206494744 -6.4205966305 -6.4141516454 -6.4141219741 -6.3864158885 -6.3863789349 -6.3774267696 -6.3774188643 -6.3735654955 -6.3673850246 -6.3587430622 -6.3515538967 -6.3515226283 -6.3436123613 -6.3403455097 -6.3403261278 -6.3372006518 -6.3326607881 -6.3297206737 -6.3285377765 -6.3284779820 -6.3267450563 -6.3260649064 -6.3259421735 -6.3229173340 -6.3189741437 -6.3122183368 -6.3098447777 -6.3010074055 -6.2978988517 -6.2958108634 -6.2934773946 -6.2922592218 -6.2845082414 -6.2826844244 -6.2806674172 -6.2791188428 -6.2758751319 -6.2737449696 -6.2722497167 -6.2718822757 -6.2714443039 -6.2650193365 -6.2647150121 -6.2400014946 -6.2398981335 -6.2308890173 -6.2304894456 -6.2245682372 -6.2245262144 -6.2212503695 -6.2206188176 -6.1790053068 -6.1784563481 -6.1700538018 -6.1677759179 -6.1671165753 -6.1646216653 -6.1611937063 -6.1595930627 -6.1595650562 -6.1592155889 -6.1490249182 -6.1488252100 -6.1451083832 -6.1422425126 -6.1409817113 -6.1345219894 -6.1339866107 -6.1319913703 -6.1304963988 -6.1289406211 -6.1275792021 -6.1269370510 -6.1242793493 -6.1223682340 -6.1206315388 -6.1198744826 -6.1187588403 -6.1151510393 -6.1132821951 -6.1080215944 -6.1073393950 -6.1060583665 -6.1040201214 -6.1033433437 -6.0995745001 -6.0979210999 -6.0976190197 -6.0969040274 -6.0919827762 -6.0918823035 -6.0836225733 -6.0818616832 -6.0806544017 -6.0798328679 -6.0778988764 -6.0751625852 -6.0730845771 -6.0703797093 -6.0673912976 -6.0650463200 -6.0611926216 -6.0585137492 -6.0487093540 -6.0471163502 -6.0461474170 -6.0450195484 -6.0429698334 -6.0400281424 -6.0392745556 -6.0383009471 -6.0358048119 -6.0354904505 -6.0346993886 -6.0298991512 -6.0268773532 -6.0248201493 -6.0217486843 -6.0198853949 -6.0179489214 -6.0177190685 -6.0150978675 -6.0121941259 -6.0075602451 -6.0065784804 -6.0063201796 -6.0046659119 -6.0035449635 -6.0005665367 -5.9991168098 -5.9980293119 -5.9964164374 -5.9960713069 -5.9944348297 -5.9924046794 -5.9904668548 -5.9874121489 -5.9863273657 -5.9816184907 -5.9797169180 -5.9780825475 -5.9768738981 -5.9762576318 -5.9749727841 -5.9726055225 -5.9703728559 -5.9693839737 -5.9676471298 -5.9670679891 -5.9615452685 -5.9605952357 -5.9590560654 -5.9562471607 -5.9554753502 -5.9543115982 -5.9535828821 -5.9510916021 -5.9501315279 -5.9495044881 -5.9477752053 -5.9472687852 -5.9446810449 -5.9432769959 -5.9401340189 -5.9363362760 -5.9316486661 -5.9287638825 -5.9275094754 -5.9263893117 -5.9220242552 -5.9196483941 -5.9180432314 -5.9166260801 -5.9151113167 -5.9142127030 -5.9126447696 -5.9116629503 -5.9096278262 -5.9090697015 -5.9049874277 -5.9039301165 -5.8988565820 -5.8951620374 -5.8932973740 -5.8923688733 -5.8889074179 -5.8869828739 -5.8838934270 -5.8806187507 -5.8800579489 -5.8784752007 -5.8772441114 -5.8739802967 -5.8705199036 -5.8699579723 -5.8677758000 -5.8635413620 -5.8602827985 -5.8557262507 -5.8555573902 -5.8535237168 -5.8510147223 -5.8451349154 -5.8433645002 -5.8408612678 -5.8359140955 -5.8338071559 -5.8258642424 -5.8222434301 -5.8169789094 -5.8157709721 -5.8012342209 -5.7968526797 -5.7939245518 -5.7844698994 -5.7797071202 -5.7794193767 -5.7735203713 -5.7710372119 -5.7655897656 -5.7630341581 -5.7482512987 -5.7460267959
-6.5852961750 -6.5664773985 -6.5553538529 -6.5494270664 -6.5455946165 -6.5455235183 -6.5328948881 -6.5328844171 -6.4969924333 -6.4969372999 -6.4847526269 -6.4846976849 -6.4802057870 -6.4623468405 -6.4533353846 -6.4468646527 -6.4453373727 -6.4452310809 -6.4371594566 -6.4370981306 -6.4291732976 -6.4290741998 -6.4268064971 -6.4267304887 -6.4172852119 -6.4172346655 -6.4112617835 -6.4112283543 -6.3910685779 -6.3910321454 -6.3817410427 -6.3817354831 -6.3671784230 -6.3648148800 -6.3588804544 -6.3541475185 -6.3540960736 -6.3519468348 -6.3452595943 -6.3427978184 -6.3427738536 -6.3378054307 -6.3311438466 -6.3311017375 -6.3287951550 -6.3287616215 -6.3254367295 -6.3195027805 -6.3161332284 -6.3124289563 -6.3067210320 -6.3041788186 -6.3006352648 -6.2962036381 -6.2940811489 -6.2911114169 -6.2896551660 -6.2867072190 -6.2805600342 -6.2796042832 -6.2782037071 -6.2764022275 -6.2734285677 -6.2697421576 -6.2678357264 -6.2670263055 -6.2611374562 -6.2608141230 -6.2371492181 -6.2370401262 -6.2280450512 -6.2276814041 -6.2215896445 -6.2215497260 -6.2179867105 -6.2173021605 -6.1828028957 -6.1822718892 -6.1737234306 -6.1714571552 -6.1708387681 -6.1683112331 -6.1647969381 -6.1629663196 -6.1546577428 -6.1544142161 -6.1499739990 -6.1467354734 -6.1442070364 -6.1440436439 -6.1379382810 -6.1374759664 -6.1358492850 -6.1315854741 -6.1306448789 -6.1296465537 -6.1262930372 -6.1244735530 -6.1242257980 -6.1218486018 -6.1203609579 -6.1190141466 -6.1163180451 -6.1141160058 -6.1104319532 -6.1095004734 -6.1069443253 -6.1066124169 -6.1030559995 -6.0998795020 -6.0969863328 -6.0967957192 -6.0953488195 -6.0933723949 -6.0910558314 -6.0909101674 -6.0833887957 -6.0814483829 -6.0808634624 -6.0779745928 -6.0758009348 -6.0751544152 -6.0718127502 -6.0689205834 -6.0666105236 -6.0604340580 -6.0584256192 -6.0553075894 -6.0516155692 -6.0491229808 -6.0482725129 -6.0449127563 -6.0439469328 -6.0429553494 -6.0408431324 -6.0399146077 -6.0378049604 -6.0351558437 -6.0350392289 -6.0329226675 -6.0250187585 -6.0232001785 -6.0200591637 -6.0190137176 -6.0171355364 -6.0167409908 -6.0153481823 -6.0102859604 -6.0078604154 -6.0073159683 -6.0044509071 -6.0026714348 -6.0012966180 -6.0002077230 -5.9974365187 -5.9969717919 -5.9948453804 -5.9946319321 -5.9923244807 -5.9902986696 -5.9885003577 -5.9873016330 -5.9850862781 -5.9829177550 -5.9777937038 -5.9770203706 -5.9760821184 -5.9750996343 -5.9745102335 -5.9729929599 -5.9711089885 -5.9691989035 -5.9674510123 -5.9671069665 -5.9627117560 -5.9614330587 -5.9585350817 -5.9568041666 -5.9544134019 -5.9533004651 -5.9519903645 -5.9502803476 -5.9492403233 -5.9486584229 -5.9463657869 -5.9455237615 -5.9448386491 -5.9439384445 -5.9408669238 -5.9375096761 -5.9336432046 -5.9302411797 -5.9247824997 -5.9244609692 -5.9226283018 -5.9201051151 -5.9192641284 -5.9166822610 -5.9150719556 -5.9139103521 -5.9136193047 -5.9116402853 -5.9103872571 -5.9087619212 -5.9052625361 -5.9045052056 -5.9009234348 -5.8964258766 -5.8935079649 -5.8908317206 -5.8874419841 -5.8855896958 -5.8827289123 -5.8818014935 -5.8809705000 -5.8797523727 -5.8756879158 -5.8744476768 -5.8709415487 -5.8693488305 -5.8667942898 -5.8628822646 -5.8589932598 -5.8550654289 -5.8545872048 -5.8523683716 -5.8503476160 -5.8441840342 -5.8420392966 -5.8417000022 -5.8369900697 -5.8325476254 -5.8255489469 -5.8220683300 -5.8164252963 -5.8150106758 -5.8025252777 -5.7987575788 -5.7960258019 -5.7862755590 -5.7814663221 -5.7807615168 -5.7758608046 -5.7706914981 -5.7644182486 -5.7635636812 -5.7457035341 -5.7440064107
-6.5784179664 -6.5597229645 -6.5486528707 -6.5427784046 -6.5412836834 -6.5411278570 -6.5283438646 -6.5283338797 -6.4943919468 -6.4943402306 -6.4822600228 -6.4822052874 -6.4747298512 -6.4569861170 -6.4479083105 -6.4419435594 -6.4415441557 -6.4410904010 -6.4404435870 -6.4403909739 -6.4296537553 -6.4295802626 -6.4254890735 -6.4253996015 -6.4139272952 -6.4138800909 -6.4083188908 -6.4082812271 -6.3958168312 -6.3957811753 -6.3862023352 -6.3861969721 -6.3756012546 -6.3603562034 -6.3568445155 -6.3568007488 -6.3560288334 -6.3533107380 -6.3503308380 -6.3459758752 -6.3452906191 -6.3452001856 -6.3338594711 -6.3338104124 -6.3314576047 -6.3314196551 -6.3182869435 -6.3124530196 -6.3094185459 -6.3077663640 -6.3060368039 -6.3013304723 -6.2985855598 -6.2965883387 -6.2919298818 -6.2903364693 -6.2873476150 -6.2859645537 -6.2849087599 -6.2811779750 -6.2750683068 -6.2720904556 -6.2673914980 -6.2644578294 -6.2634128696 -6.2612639953 -6.2573250175 -6.2569361305 -6.2345266599 -6.2344127061 -6.2253571342 -6.2250394302 -6.2186961455 -6.2186545188 -6.2147064353 -6.2139664030 -6.1866710644 -6.1861612752 -6.1774626633 -6.1752456535 -6.1746539380 -6.1720514946 -6.1685293478 -6.1666050907 -6.1550961315 -6.1516023625 -6.1497792592 -6.1495300430 -6.1413601482 -6.1401666526 -6.1395213809 -6.1393157529 -6.1348385755 -6.1341407025 -6.1325740747 -6.1286701953 -6.1269085330 -6.1247159429 -6.1242835798 -6.1230586090 -6.1189340121 -6.1168936963 -6.1152108013 -6.1117339734 -6.1090227697 -6.1063540471 -6.1061247445 -6.1054348308 -6.0991148187 -6.0967346201 -6.0960428532 -6.0952447202 -6.0914368909 -6.0903504009 -6.0898482632 -6.0894108731 -6.0891195582 -6.0805240358 -6.0802832405 -6.0799810619 -6.0747068468 -6.0722067021 -6.0688158220 -6.0668867513 -6.0632610951 -6.0564604469 -6.0550030966 -6.0547158554 -6.0528802750 -6.0509161651 -6.0504392281 -6.0470622891 -6.0457629912 -6.0446195541 -6.0422041234 -6.0412577657 -6.0390807871 -6.0363048713 -6.0349568448 -6.0343062005 -6.0241088662 -6.0218519939 -6.0199203627 -6.0172870468 -6.0171787168 -6.0162116876 -6.0131947221 -6.0098073314 -6.0087562427 -6.0076578220 -6.0030026055 -6.0006303496 -6.0000921665 -5.9991247715 -5.9974077822 -5.9966409802 -5.9919078794 -5.9916540483 -5.9905047776 -5.9894102752 -5.9875032629 -5.9851822441 -5.9848388778 -5.9826293810 -5.9778722160 -5.9766430052 -5.9750948129 -5.9741996321 -5.9737010062 -5.9725441063 -5.9715022684 -5.9687314164 -5.9678750492 -5.9667366104 -5.9633652713 -5.9616615563 -5.9581548357 -5.9573678286 -5.9539203197 -5.9518656782 -5.9508494701 -5.9492147189 -5.9486389963 -5.9477282393 -5.9452829534 -5.9447153962 -5.9444987213 -5.9432180665 -5.9413807719 -5.9387888498 -5.9356597641 -5.9321235467 -5.9266094803 -5.9225018043 -5.9213573703 -5.9208277093 -5.9197150092 -5.9172819494 -5.9152312996 -5.9146752039 -5.9132888216 -5.9115451493 -5.9104123827 -5.9081409109 -5.9055837682 -5.9045700506 -5.9025186771 -5.8992607882 -5.8919984318 -5.8891624467 -5.8862416562 -5.8858643676 -5.8835630277 -5.8831181088 -5.8807364718 -5.8786795822 -5.8773748263 -5.8732122041 -5.8698065740 -5.8682904942 -5.8659400215 -5.8624279520 -5.8577050827 -5.8543795359 -5.8535931906 -5.8511887126 -5.8496606839 -5.8443012512 -5.8421337389 -5.8401077491 -5.8381040344 -5.8309843951 -5.8252236984 -5.8220469729 -5.8159770537 -5.8142751944 -5.8040912660 -5.8005867556 -5.7981857040 -5.7882654487 -5.7837359925 -5.7820082849 -5.7783538139 -5.7712048751 -5.7632964170 -5.7631613089 -5.7432628982 -5.7419830899
-6.5714604879 -6.5528943347 -6.5418821832 -6.5370234348 -6.5368542306 -6.5356465758 -6.5236305208 -6.5236208651 -6.4918051338 -6.4917567912 -6.4798201778 -6.4797637280 -6.4691769842 -6.4515734019 -6.4438063101 -6.4437482395 -6.4424286794 -6.4378245048 -6.4376802636 -6.4359961886 -6.4323566129 -6.4322839574 -6.4218775851 -6.4217994226 -6.4105928078 -6.4105489443 -6.4053277498 -6.4052854455 -6.4006379903 -6.4006036670 -6.3907990092 -6.3907908720 -6.3840031623 -6.3686785710 -6.3613480271 -6.3596667453 -6.3596309896 -6.3539962087 -6.3478527622 -6.3478122815 -6.3472577779 -6.3417683918 -6.3366443999 -6.3365945195 -6.3341003482 -6.3340588238 -6.3148729181 -6.3111931825 -6.3055206167 -6.3034806530 -6.3028218426 -6.2998190278 -6.2960364031 -6.2941090669 -6.2930607041 -6.2915787756 -6.2879534697 -6.2865670376 -6.2805806983 -6.2757425344 -6.2706838849 -6.2676279606 -6.2614245393 -6.2599193091 -6.2587792016 -6.2550717173 -6.2535693136 -6.2528448545 -6.2321847356 -6.2320672990 -6.2228376283 -6.2225744885 -6.2158731009 -6.2158246079 -6.2114038064 -6.2106073854 -6.1905975095 -6.1901106807 -6.1812812854 -6.1791161496 -6.1785261255 -6.1758410262 -6.1723756238 -6.1703333062 -6.1604341265 -6.1567825156 -6.1455127627 -6.1450060226 -6.1447388508 -6.1446425179 -6.1381729339 -6.1357820133 -6.1350459974 -6.1346579211 -6.1315961132 -6.1306629097 -6.1289780887 -6.1272131219 -6.1257514166 -6.1209535060 -6.1199471035 -6.1141527961 -6.1131266537 -6.1071000872 -6.1054908460 -6.1052816391 -6.1038284560 -6.1008858224 -6.0959130171 -6.0957083472 -6.0950165586 -6.0941966179 -6.0916715026 -6.0897132427 -6.0896207992 -6.0866330924 -6.0861852909 -6.0855440557 -6.0796535171 -6.0793717321 -6.0715319373 -6.0689568533 -6.0660974113 -6.0649339083 -6.0593755535 -6.0579667034 -6.0547299023 -6.0536940760 -6.0524930204 -6.0509269995 -6.0503327228 -6.0492648758 -6.0479657051 -6.0463395535 -6.0433685743 -6.0423639827 -6.0390850810 -6.0389606783 -6.0352041282 -6.0335228212 -6.0241173035 -6.0222984659 -6.0197839928 -6.0167872920 -6.0155634603 -6.0147435740 -6.0114570163 -6.0105837702 -6.0100460923 -6.0059974678 -6.0035829963 -6.0012948944 -5.9978649629 -5.9974754463 -5.9969404427 -5.9946967939 -5.9918884996 -5.9890065319 -5.9887925459 -5.9880295189 -5.9861399951 -5.9845082435 -5.9824318716 -5.9805606203 -5.9786238898 -5.9781559965 -5.9748766597 -5.9734079858 -5.9731090429 -5.9719688494 -5.9694095977 -5.9687552637 -5.9675365715 -5.9664853332 -5.9636097658 -5.9613505923 -5.9578874070 -5.9576975035 -5.9539026385 -5.9512962098 -5.9495186466 -5.9485304518 -5.9479701962 -5.9462712520 -5.9457279861 -5.9447525313 -5.9428105603 -5.9419789545 -5.9407666261 -5.9400840015 -5.9376186136 -5.9340099052 -5.9287521065 -5.9246836121 -5.9221051649 -5.9209904799 -5.9181336285 -5.9167927524 -5.9158194344 -5.9150480228 -5.9129189641 -5.9119844430 -5.9092781261 -5.9075127037 -5.9069208800 -5.9058412026 -5.9021000715 -5.9004012035 -5.8902595587 -5.8881286347 -5.8877981074 -5.8866982183 -5.8842905260 -5.8828148842 -5.8801082065 -5.8799720071 -5.8762509790 -5.8716751124 -5.8685209427 -5.8667513756 -5.8651718511 -5.8621062798 -5.8564038486 -5.8537678510 -5.8526852579 -5.8501947225 -5.8488529199 -5.8452844771 -5.8414727978 -5.8391626415 -5.8380557961 -5.8294158056 -5.8249431483 -5.8221918248 -5.8156227611 -5.8135805759 -5.8059565286 -5.8023591294 -5.8002694868 -5.7904002555 -5.7861861015 -5.7833756818 -5.7809211689 -5.7724974897 -5.7623771242 -5.7619099722 -5.7409537397 -5.7400022722
-6.5644242452 -6.5459919603 -6.5350491298 -6.5323759104 -6.5323152600 -6.5288803421 -6.5187753848 -6.5187658097 -6.4892217625 -6.4891768124 -6.4774227216 -6.4773645968 -6.4635516302 -6.4469549797 -6.4468969174 -6.4461068091 -6.4368982314 -6.4349779951 -6.4349113202 -6.4340735491 -6.4339797417 -6.4306645503 -6.4183195489 -6.4182528993 -6.4073026008 -6.4072620416 -6.4055410868 -6.4055083968 -6.4022524949 -6.4022071939 -6.3955253486 -6.3955023502 -6.3923701163 -6.3769825541 -6.3693665110 -6.3626070238 -6.3625457094 -6.3620306559 -6.3504639756 -6.3504241594 -6.3394818537 -6.3394309814 -6.3384753069 -6.3367513370 -6.3367066008 -6.3331849275 -6.3219486683 -6.3103255657 -6.3041753950 -6.3008399436 -6.2987434125 -6.2982062797 -6.2964186753 -6.2937671881 -6.2908142182 -6.2876242544 -6.2840955874 -6.2826814452 -6.2751276667 -6.2704383479 -6.2663117899 -6.2629749084 -6.2563032956 -6.2556899898 -6.2533487236 -6.2504020420 -6.2497961989 -6.2471400664 -6.2301778735 -6.2300564961 -6.2205078437 -6.2203043337 -6.2131018071 -6.2130416840 -6.2080814525 -6.2072295931 -6.1945589214 -6.1940953719 -6.1851915545 -6.1830390806 -6.1824179472 -6.1796819245 -6.1763307289 -6.1741334531 -6.1659615188 -6.1622268545 -6.1499116590 -6.1494570945 -6.1427980736 -6.1402368213 -6.1399858081 -6.1391191555 -6.1353206337 -6.1324432911 -6.1309734926 -6.1302387804 -6.1300535761 -6.1280905433 -6.1265208033 -6.1228335746 -6.1168531570 -6.1107531117 -6.1082492510 -6.1044032724 -6.1042622615 -6.1025263066 -6.1017253639 -6.0990606305 -6.0963240457 -6.0943427329 -6.0940726771 -6.0921950265 -6.0906567696 -6.0891788540 -6.0890257439 -6.0877158036 -6.0823705751 -6.0820220921 -6.0790780286 -6.0787246449 -6.0686561418 -6.0660625348 -6.0636175751 -6.0631990909 -6.0612084127 -6.0571157185 -6.0559539565 -6.0552912192 -6.0535362440 -6.0514174551 -6.0497283971 -6.0493502340 -6.0474048204 -6.0467767130 -6.0450769479 -6.0427580185 -6.0409159813 -6.0382445816 -6.0353557217 -6.0325211995 -6.0252678851 -6.0233805985 -6.0196791368 -6.0160893788 -6.0150320413 -6.0133449147 -6.0122249552 -6.0107370419 -6.0081927695 -6.0051709554 -6.0044549386 -6.0025721779 -5.9974242073 -5.9959347080 -5.9950061806 -5.9938567484 -5.9914682553 -5.9897079603 -5.9858143636 -5.9851870412 -5.9843391903 -5.9818568011 -5.9813332301 -5.9795591626 -5.9792365781 -5.9777940280 -5.9768433971 -5.9730987140 -5.9718169066 -5.9700222722 -5.9690380418 -5.9669245974 -5.9668141960 -5.9662294671 -5.9635110270 -5.9608081579 -5.9579456171 -5.9576237249 -5.9540624919 -5.9515937298 -5.9485629919 -5.9482609567 -5.9468253727 -5.9461734235 -5.9456611197 -5.9436509458 -5.9421070968 -5.9416046184 -5.9406701403 -5.9394242026 -5.9383994297 -5.9358823485 -5.9309326633 -5.9269692780 -5.9237044033 -5.9222561410 -5.9190119713 -5.9181245070 -5.9147190683 -5.9135151001 -5.9126649244 -5.9112869907 -5.9102639596 -5.9089470147 -5.9062898689 -5.9056548655 -5.9038482344 -5.8973511018 -5.8900597899 -5.8894149414 -5.8885397868 -5.8874839966 -5.8843382688 -5.8830278942 -5.8808891133 -5.8786198071 -5.8739625936 -5.8704919513 -5.8672371990 -5.8653355352 -5.8641247645 -5.8617519869 -5.8551643309 -5.8534080467 -5.8519791952 -5.8494336341 -5.8477806113 -5.8462628794 -5.8411777202 -5.8385898904 -5.8366357192 -5.8279266506 -5.8247522986 -5.8224674748 -5.8153871540 -5.8129371967 -5.8080358996 -5.8043069830 -5.8020149973 -5.7926585484 -5.7887789590 -5.7848232619 -5.7835258875 -5.7742284292 -5.7611920525 -5.7606823383 -5.7387925133 -5.7380977174
-6.5573098771 -6.5390164068 -6.5282592413 -6.5277337331 -6.5275765505 -6.5219500728 -6.5138015756 -6.5137917215 -6.4866295871 -6.4865880847 -6.4750595840 -6.4749999768 -6.4578542797 -6.4500277889 -6.4499695194 -6.4405871732 -6.4374779465 -6.4374069738 -6.4313432850 -6.4304699465 -6.4303649980 -6.4252474928 -6.4148137085 -6.4147587117 -6.4104813179 -6.4104524157 -6.4040226640 -6.4039849056 -6.4009161152 -6.4003414260 -6.4001734013 -6.3991386691 -6.3990873614 -6.3852547208 -6.3773621608 -6.3701184050 -6.3655493098 -6.3655161686 -6.3531286890 -6.3530881147 -6.3423464234 -6.3422960938 -6.3394302252 -6.3393830140 -6.3297009922 -6.3289884091 -6.3246069452 -6.3171218259 -6.3075381427 -6.3047894561 -6.2972542476 -6.2921784947 -6.2903395384 -6.2878084648 -6.2856231948 -6.2823776010 -6.2802427630 -6.2785134815 -6.2696922231 -6.2652803559 -6.2618840506 -6.2581269443 -6.2520551842 -6.2516827484 -6.2476184330 -6.2467849493 -6.2456577893 -6.2403600068 -6.2285580713 -6.2284243666 -6.2184086117 -6.2182630132 -6.2103726252 -6.2102993286 -6.2047651427 -6.2038678094 -6.1984881978 -6.1980531665 -6.1892056992 -6.1869757449 -6.1862879663 -6.1835785014 -6.1803923633 -6.1779840833 -6.1716525936 -6.1678801091 -6.1547207842 -6.1541949519 -6.1479983378 -6.1427567550 -6.1396958562 -6.1362348954 -6.1355547868 -6.1353070346 -6.1335631207 -6.1315524479 -6.1273111297 -6.1255600705 -6.1242288257 -6.1199019109 -6.1137575226 -6.1082087508 -6.1076269706 -6.1033871562 -6.1031898333 -6.1031169658 -6.0986470929 -6.0980518427 -6.0947660191 -6.0932926612 -6.0926662469 -6.0914547076 -6.0886174893 -6.0884462951 -6.0867048103 -6.0839854509 -6.0792387500 -6.0785785200 -6.0780794118 -6.0773877936 -6.0661528975 -6.0645647384 -6.0634881382 -6.0617972055 -6.0616465339 -6.0595926289 -6.0582013480 -6.0566227807 -6.0542528558 -6.0519718655 -6.0512252057 -6.0488286011 -6.0466651954 -6.0457673949 -6.0447682926 -6.0441277150 -6.0403759326 -6.0365338720 -6.0354702078 -6.0313612652 -6.0269039992 -6.0246725247 -6.0198813040 -6.0167125354 -6.0153289771 -6.0134311818 -6.0125353098 -6.0085745595 -6.0076872925 -6.0057605483 -6.0042324758 -6.0021594134 -5.9992610277 -5.9958164346 -5.9940703197 -5.9922531879 -5.9892854778 -5.9889556343 -5.9839330220 -5.9829369396 -5.9823081726 -5.9819041409 -5.9802085544 -5.9791742785 -5.9788538396 -5.9768830655 -5.9756592184 -5.9732313959 -5.9707327139 -5.9688683827 -5.9676065304 -5.9662354017 -5.9661550668 -5.9643518469 -5.9632244615 -5.9602199674 -5.9580607963 -5.9574440110 -5.9543249635 -5.9521835235 -5.9484861362 -5.9481815278 -5.9469439737 -5.9462312301 -5.9447516543 -5.9431333974 -5.9421422045 -5.9415510042 -5.9404981326 -5.9385186286 -5.9376734369 -5.9361313235 -5.9331093307 -5.9292321599 -5.9254040089 -5.9238579106 -5.9206389566 -5.9198333491 -5.9148921727 -5.9141743114 -5.9128393338 -5.9107737953 -5.9102690480 -5.9091967355 -5.9067786490 -5.9055875960 -5.9014232192 -5.8943623645 -5.8923234520 -5.8915726897 -5.8892876079 -5.8871182981 -5.8854521745 -5.8826146787 -5.8794239551 -5.8770238648 -5.8718986493 -5.8695601242 -5.8659081811 -5.8646518762 -5.8629377896 -5.8607403243 -5.8545493320 -5.8530902311 -5.8514681388 -5.8486336542 -5.8472323802 -5.8463150543 -5.8410218699 -5.8374442140 -5.8351340334 -5.8266394272 -5.8247017106 -5.8227377307 -5.8153761955 -5.8123669937 -5.8101308672 -5.8065461703 -5.8033038827 -5.7950284247 -5.7914709770 -5.7863288689 -5.7861368701 -5.7761858316 -5.7599515550 -5.7595086671 -5.7367913234 -5.7362954161
-6.5501181561 -6.5319684395 -6.5230921063 -6.5230419769 -6.5210727760 -6.5149342806 -6.5087347531 -6.5087241342 -6.4840136849 -6.4839756951 -6.4727221807 -6.4726612966 -6.4530418424 -6.4529838235 -6.4520839318 -6.4399336173 -6.4398625376 -6.4350123907 -6.4269515743 -6.4269085929 -6.4255949729 -6.4197692804 -6.4154294294 -6.4154044289 -6.4113534466 -6.4113098040 -6.4091008431 -6.4052860752 -6.4052510287 -6.4007300143 -6.4006935274 -6.3960375032 -6.3959834089 -6.3934889264 -6.3853311293 -6.3781426798 -6.3685760864 -6.3685412813 -6.3558445657 -6.3558029677 -6.3452383385 -6.3451908096 -6.3421436239 -6.3420923049 -6.3359857511 -6.3238664431 -6.3209495970 -6.3160364174 -6.3142006128 -6.3113270533 -6.2904589010 -6.2859190894 -6.2847083780 -6.2818518321 -6.2804096855 -6.2774882314 -6.2763306351 -6.2738260886 -6.2643141772 -6.2602548752 -6.2573763845 -6.2531286383 -6.2482096644 -6.2479079887 -6.2436388848 -6.2432321707 -6.2397706720 -6.2334301770 -6.2273685260 -6.2271786125 -6.2166229980 -6.2165213379 -6.2077591550 -6.2076701454 -6.2025724055 -6.2023794120 -6.2009565796 -6.2002174358 -6.1933309937 -6.1908645650 -6.1900765435 -6.1875351361 -6.1845616953 -6.1818575022 -6.1774689413 -6.1736688648 -6.1599356411 -6.1589002350 -6.1535581558 -6.1466374119 -6.1437857362 -6.1408005486 -6.1371075114 -6.1356620011 -6.1309858214 -6.1307185190 -6.1239911595 -6.1211519991 -6.1201388812 -6.1169483204 -6.1147386567 -6.1106503166 -6.1050550804 -6.1045880380 -6.1020916647 -6.1020195067 -6.0984673382 -6.0940135355 -6.0925592087 -6.0918651457 -6.0896374351 -6.0884007534 -6.0880384624 -6.0864901326 -6.0827852662 -6.0804628447 -6.0784251150 -6.0778217192 -6.0741178056 -6.0738907480 -6.0677790087 -6.0641397520 -6.0634626425 -6.0624002320 -6.0609974619 -6.0595906280 -6.0593676556 -6.0582473012 -6.0571350061 -6.0546560612 -6.0514361783 -6.0484846999 -6.0475866008 -6.0439603523 -6.0438904809 -6.0429752401 -6.0395062780 -6.0354400097 -6.0338718496 -6.0310047098 -6.0276413625 -6.0261376590 -6.0205996432 -6.0187685539 -6.0162435530 -6.0129055452 -6.0126487523 -6.0100492158 -6.0068447598 -6.0053297501 -6.0026439442 -6.0015524829 -6.0007255240 -5.9979763942 -5.9921642877 -5.9898141618 -5.9883200895 -5.9864560353 -5.9856283778 -5.9829749369 -5.9807709413 -5.9797578135 -5.9791928647 -5.9790216150 -5.9764263441 -5.9747684698 -5.9741293009 -5.9726731585 -5.9696928940 -5.9681684425 -5.9662074193 -5.9656558081 -5.9652422524 -5.9630013894 -5.9618414239 -5.9597001005 -5.9581764470 -5.9572204553 -5.9546574256 -5.9528618687 -5.9490858889 -5.9484632085 -5.9471987917 -5.9468130847 -5.9447763856 -5.9434833230 -5.9422230336 -5.9408201476 -5.9398569100 -5.9384057907 -5.9363103329 -5.9352311761 -5.9338083921 -5.9314396532 -5.9271762270 -5.9255780782 -5.9224333024 -5.9216785944 -5.9165251446 -5.9150063238 -5.9140823969 -5.9129016906 -5.9100821721 -5.9091194870 -5.9049240520 -5.9035162887 -5.8984457277 -5.8949923814 -5.8938393333 -5.8915171532 -5.8910372328 -5.8890508073 -5.8841896760 -5.8811526888 -5.8777152270 -5.8755084198 -5.8703177141 -5.8686293499 -5.8649570560 -5.8638000157 -5.8624698147 -5.8587100755 -5.8551150434 -5.8527654278 -5.8507111830 -5.8482450322 -5.8469126606 -5.8450795197 -5.8407132197 -5.8360758960 -5.8336868972 -5.8259918448 -5.8246185948 -5.8227523631 -5.8158736987 -5.8122317271 -5.8116432518 -5.8088086179 -5.8042826264 -5.7974998965 -5.7942081764 -5.7887514787 -5.7878493252 -5.7782648256 -5.7587535466 -5.7584078048 -5.7349595740 -5.7346159095
-6.5428499935 -6.5248493223 -6.5183354742 -6.5183066644 -6.5140412409 -6.5078439182 -6.5036035304 -6.5035915081 -6.4813556085 -6.4813211688 -6.4704004692 -6.4703385404 -6.4560186268 -6.4559599097 -6.4462420928 -6.4423567964 -6.4422859123 -6.4293856910 -6.4234589208 -6.4234173664 -6.4203711904 -6.4203548326 -6.4199100966 -6.4173623591 -6.4142354646 -6.4102874705 -6.4102640986 -6.4079213944 -6.4078908072 -6.4016810814 -6.3975244973 -6.3974891338 -6.3932700383 -6.3928914797 -6.3928344233 -6.3861409560 -6.3716401338 -6.3716044682 -6.3586094774 -6.3585662537 -6.3481545914 -6.3481120605 -6.3449073679 -6.3448394149 -6.3429217696 -6.3305560724 -6.3208244607 -6.3178169859 -6.3122317581 -6.3074881421 -6.2838364781 -6.2800999422 -6.2794701437 -6.2759438897 -6.2752087983 -6.2728319984 -6.2722930389 -6.2685930417 -6.2590088954 -6.2553296393 -6.2528012559 -6.2480847357 -6.2446714150 -6.2444007277 -6.2404093830 -6.2397435082 -6.2331611148 -6.2272840615 -6.2266341594 -6.2255411212 -6.2153578697 -6.2152713742 -6.2069885363 -6.2066571952 -6.2042781801 -6.2041016707 -6.1982005373 -6.1975634098 -6.1971464994 -6.1944862829 -6.1935796688 -6.1915375579 -6.1888188387 -6.1857378651 -6.1833002052 -6.1794597391 -6.1654219363 -6.1636944603 -6.1592548240 -6.1509160923 -6.1477164753 -6.1458025166 -6.1406224844 -6.1392616853 -6.1264958211 -6.1262320312 -6.1213949054 -6.1208141464 -6.1168579025 -6.1160193093 -6.1139479644 -6.1116088911 -6.1075261637 -6.1015885070 -6.1009428095 -6.1008454763 -6.0939181297 -6.0916617685 -6.0914197107 -6.0891045791 -6.0882439868 -6.0878675980 -6.0846508575 -6.0824518864 -6.0792630921 -6.0783852326 -6.0778600850 -6.0754603052 -6.0710186202 -6.0704679977 -6.0697120690 -6.0665736868 -6.0647763730 -6.0630296375 -6.0621318911 -6.0604092734 -6.0584980822 -6.0582699109 -6.0573767054 -6.0565323109 -6.0540112598 -6.0512225372 -6.0459083523 -6.0432473103 -6.0416157210 -6.0414826901 -6.0382976656 -6.0349201191 -6.0331540637 -6.0302638909 -6.0282731560 -6.0260341890 -6.0218463426 -6.0210832748 -6.0174798451 -6.0139811269 -6.0127124444 -6.0114356257 -6.0076077425 -6.0051566489 -6.0022571571 -6.0011859097 -5.9997527774 -5.9980935126 -5.9903344993 -5.9892477113 -5.9876632924 -5.9860653038 -5.9850342329 -5.9835965437 -5.9810388736 -5.9776923921 -5.9768009670 -5.9761860330 -5.9751039326 -5.9738652012 -5.9717297565 -5.9708587820 -5.9685963389 -5.9674675173 -5.9660730135 -5.9652251053 -5.9632234019 -5.9625462024 -5.9594660264 -5.9593215571 -5.9583703903 -5.9568649470 -5.9550313306 -5.9535161633 -5.9499954933 -5.9495265198 -5.9478434975 -5.9468734526 -5.9457335205 -5.9434131841 -5.9427061831 -5.9415246290 -5.9387796527 -5.9373757956 -5.9360985004 -5.9342593659 -5.9334249951 -5.9314831489 -5.9290032932 -5.9273537702 -5.9243111647 -5.9236206540 -5.9191515749 -5.9162283271 -5.9148491451 -5.9146949390 -5.9104661533 -5.9098642562 -5.9017791951 -5.9008293703 -5.8974200813 -5.8961277506 -5.8956752118 -5.8932402774 -5.8919150817 -5.8884701789 -5.8822307529 -5.8796626619 -5.8759094692 -5.8741655117 -5.8694747779 -5.8674905546 -5.8646369379 -5.8630197527 -5.8614514516 -5.8565617717 -5.8559955789 -5.8532766406 -5.8493694660 -5.8481704830 -5.8457225193 -5.8437841868 -5.8402663094 -5.8346596491 -5.8323324426 -5.8264066103 -5.8242262956 -5.8223914604 -5.8171461348 -5.8136494678 -5.8117981870 -5.8102604735 -5.8050654765 -5.8000470669 -5.7969287556 -5.7913172262 -5.7893877430 -5.7804069077 -5.7576441912 -5.7573941475 -5.7333048153 -5.7330757354
-6.5355064489 -6.5176622262 -6.5135693554 -6.5135437945 -6.5069276569 -6.5006832376 -6.4984404869 -6.4984261048 -6.4786323838 -6.4786014425 -6.4680822864 -6.4680196240 -6.4589825604 -6.4589238289 -6.4447775130 -6.4447068338 -6.4403266903 -6.4258160705 -6.4252582815 -6.4250555667 -6.4237168091 -6.4200291405 -6.4199713602 -6.4153311998 -6.4153100490 -6.4141500703 -6.4098259342 -6.4086512795 -6.4045584946 -6.4045389102 -6.4011750392 -6.3943292139 -6.3942938725 -6.3941075828 -6.3897353552 -6.3896755673 -6.3747344188 -6.3746978498 -6.3614219779 -6.3613752874 -6.3511027191 -6.3510765448 -6.3498440578 -6.3476489335 -6.3476178205 -6.3371883553 -6.3274064927 -6.3242571112 -6.3035617797 -6.2989764985 -6.2774845496 -6.2749065379 -6.2742964648 -6.2704270288 -6.2702658530 -6.2679254173 -6.2678314742 -6.2630615940 -6.2537770028 -6.2504787633 -6.2482082949 -6.2431975196 -6.2414730163 -6.2411813444 -6.2373550044 -6.2362616905 -6.2269964495 -6.2263596936 -6.2257246563 -6.2192836105 -6.2152488478 -6.2151635964 -6.2093143748 -6.2089804243 -6.2027367155 -6.2026600587 -6.2017114510 -6.1981594001 -6.1973459980 -6.1958466877 -6.1949675055 -6.1937235117 -6.1922452518 -6.1900445142 -6.1883086743 -6.1849468520 -6.1711438409 -6.1685894367 -6.1649429643 -6.1557707882 -6.1515651879 -6.1505801116 -6.1440941534 -6.1427844289 -6.1281141633 -6.1220983890 -6.1218458075 -6.1183132928 -6.1176928232 -6.1126968738 -6.1120297355 -6.1108232625 -6.1043843104 -6.0998188573 -6.0997978570 -6.0984937846 -6.0907595187 -6.0905517289 -6.0895991505 -6.0879762428 -6.0873096053 -6.0851014309 -6.0805157473 -6.0791218274 -6.0784196846 -6.0769718489 -6.0746245640 -6.0742382598 -6.0718563395 -6.0696763538 -6.0675845314 -6.0667736184 -6.0660348478 -6.0655327412 -6.0633975138 -6.0609352438 -6.0603372191 -6.0575562060 -6.0568880286 -6.0561965312 -6.0546073119 -6.0539605564 -6.0453796235 -6.0430820510 -6.0410639138 -6.0394965908 -6.0361802130 -6.0351739791 -6.0331169373 -6.0304803806 -6.0274806867 -6.0252331086 -6.0237825238 -6.0221917364 -6.0189161656 -6.0164275176 -6.0140198330 -6.0118646082 -6.0080451586 -6.0069278766 -6.0034932603 -5.9991016647 -5.9983145959 -5.9957945497 -5.9916069126 -5.9886101161 -5.9875680334 -5.9861275535 -5.9847701347 -5.9816794396 -5.9800402381 -5.9758135133 -5.9754354946 -5.9742626011 -5.9734798617 -5.9715943324 -5.9697097970 -5.9689822060 -5.9673948500 -5.9666799193 -5.9659672831 -5.9649008650 -5.9626460920 -5.9607599282 -5.9592487757 -5.9585509023 -5.9572150338 -5.9563081897 -5.9553364487 -5.9541274891 -5.9512670304 -5.9507628704 -5.9487339610 -5.9469045758 -5.9462072917 -5.9440959287 -5.9429847125 -5.9424875989 -5.9394613379 -5.9363737752 -5.9358227821 -5.9336159767 -5.9318776631 -5.9308252333 -5.9294963282 -5.9288528071 -5.9262152953 -5.9256298222 -5.9218980474 -5.9187881842 -5.9155082167 -5.9151560077 -5.9110046169 -5.9105621941 -5.9000681116 -5.8990823574 -5.8984688425 -5.8973311731 -5.8960462113 -5.8947743811 -5.8919558354 -5.8863063307 -5.8802814536 -5.8782742646 -5.8740463593 -5.8730250342 -5.8690939045 -5.8666029826 -5.8643284467 -5.8628314671 -5.8595503946 -5.8572163611 -5.8550684642 -5.8532036643 -5.8479741189 -5.8478533202 -5.8443951746 -5.8425021373 -5.8396738488 -5.8333571955 -5.8311426446 -5.8271269094 -5.8240089944 -5.8220783417 -5.8186498978 -5.8156538022 -5.8124379627 -5.8102248576 -5.8056999379 -5.8025851222 -5.7995709638 -5.7938038702 -5.7909104458 -5.7825724759 -5.7566470505 -5.7564789906 -5.7318332079 -5.7316883698
-6.5280887466 -6.5104266578 -6.5088090396 -6.5087582682 -6.4997455635 -6.4934654159 -6.4932833996 -6.4932559965 -6.4758156437 -6.4757879494 -6.4657556510 -6.4656929622 -6.4619560469 -6.4618982047 -6.4472318997 -6.4471609375 -6.4343388541 -6.4338730444 -6.4300778791 -6.4300232165 -6.4204436810 -6.4204268656 -6.4180865919 -6.4179172478 -6.4166209961 -6.4164480539 -6.4090437496 -6.4083268981 -6.4030401937 -6.4020415461 -6.4012336996 -6.4011865926 -6.3911462842 -6.3911125710 -6.3865816679 -6.3865202063 -6.3778527618 -6.3778147129 -6.3642837134 -6.3642275014 -6.3567392325 -6.3540546379 -6.3539899742 -6.3504817693 -6.3504396127 -6.3437596065 -6.3339443008 -6.3306457447 -6.2949557054 -6.2905176955 -6.2716261886 -6.2701812613 -6.2689501866 -6.2659932447 -6.2655068316 -6.2627901571 -6.2623011458 -6.2574336874 -6.2486129465 -6.2457146812 -6.2436870688 -6.2390769148 -6.2386867192 -6.2379439687 -6.2345093918 -6.2328017481 -6.2265232786 -6.2262241688 -6.2194825815 -6.2178329510 -6.2173215196 -6.2122780213 -6.2100073154 -6.2095415136 -6.2065579042 -6.2039464337 -6.2032757048 -6.2003696531 -6.1998031552 -6.1974946533 -6.1968902848 -6.1956710490 -6.1931208395 -6.1915070879 -6.1892224564 -6.1882773485 -6.1770548922 -6.1735694081 -6.1705392996 -6.1611843075 -6.1553657909 -6.1549267646 -6.1475701982 -6.1463486036 -6.1348656463 -6.1251140050 -6.1178033397 -6.1175772525 -6.1145827390 -6.1088159374 -6.1083298881 -6.1073479799 -6.1012331711 -6.0987398676 -6.0987145628 -6.0955095428 -6.0898611993 -6.0897502213 -6.0880235193 -6.0877100282 -6.0844834223 -6.0814059583 -6.0784089654 -6.0782017142 -6.0774486894 -6.0764322732 -6.0735474386 -6.0728221346 -6.0706927378 -6.0703530410 -6.0691304006 -6.0680574615 -6.0665041887 -6.0636623285 -6.0631510109 -6.0614569908 -6.0600789203 -6.0593339939 -6.0577226184 -6.0554781011 -6.0545370183 -6.0529389165 -6.0452044203 -6.0431141851 -6.0413964427 -6.0389417771 -6.0373187422 -6.0332563429 -6.0320528623 -6.0304884621 -6.0278269238 -6.0268837241 -6.0232968216 -6.0225417467 -6.0201479618 -6.0182717547 -6.0158614811 -6.0138787126 -6.0083597536 -6.0070885600 -6.0048201521 -5.9983796887 -5.9955438348 -5.9942324695 -5.9928159567 -5.9897139748 -5.9878937027 -5.9854710665 -5.9828371265 -5.9800904193 -5.9783197657 -5.9759707195 -5.9733673410 -5.9720495271 -5.9710476809 -5.9697789686 -5.9683561587 -5.9673967958 -5.9665982243 -5.9658717771 -5.9652423937 -5.9642295018 -5.9625413512 -5.9597968013 -5.9589304210 -5.9580876490 -5.9563172211 -5.9556744722 -5.9547912976 -5.9543149726 -5.9528554945 -5.9515618914 -5.9497138834 -5.9470617193 -5.9464356211 -5.9455549587 -5.9429734036 -5.9425856826 -5.9412186227 -5.9379820360 -5.9339245257 -5.9327785536 -5.9315303815 -5.9307408068 -5.9296690253 -5.9283655541 -5.9276367272 -5.9265719382 -5.9246013089 -5.9215982572 -5.9158821968 -5.9155182570 -5.9115570738 -5.9112122382 -5.9024986404 -5.9010316676 -5.8983474506 -5.8977343258 -5.8954247368 -5.8944216521 -5.8893613378 -5.8844587799 -5.8785174781 -5.8770913478 -5.8726947600 -5.8716333279 -5.8688665117 -5.8664022513 -5.8640760062 -5.8622553151 -5.8585381635 -5.8571888352 -5.8556736223 -5.8510585347 -5.8477756111 -5.8463854039 -5.8432673556 -5.8412367935 -5.8387983885 -5.8325020531 -5.8303043402 -5.8274027588 -5.8241326888 -5.8226243341 -5.8196753337 -5.8175502848 -5.8131723836 -5.8099111333 -5.8062528123 -5.8048521160 -5.8020706973 -5.7961477973 -5.7923882958 -5.7847295982 -5.7557748606 -5.7556712191 -5.7305497892 -5.7304648645
-6.5205983065 -6.5041549057 -6.5040829427 -6.5029672690 -6.4924987140 -6.4881805022 -6.4881615480 -6.4861565401 -6.4728724132 -6.4728473237 -6.4650356296 -6.4649788115 -6.4633298270 -6.4632692229 -6.4497679420 -6.4496936781 -6.4420105934 -6.4347756377 -6.4347370961 -6.4282792471 -6.4260150207 -6.4255374353 -6.4254693928 -6.4168718150 -6.4135312504 -6.4132725880 -6.4118458146 -6.4099344519 -6.4024447303 -6.3981274027 -6.3979573675 -6.3971129416 -6.3879776888 -6.3879448327 -6.3834481638 -6.3833851100 -6.3809820162 -6.3809414313 -6.3672151503 -6.3671204485 -6.3634864116 -6.3570421279 -6.3569878849 -6.3533459781 -6.3532960966 -6.3502589179 -6.3404353643 -6.3369812790 -6.2864337067 -6.2821308679 -6.2664895313 -6.2656126340 -6.2633247224 -6.2618056799 -6.2612636667 -6.2572584801 -6.2565025259 -6.2518205239 -6.2435267175 -6.2411355985 -6.2393693175 -6.2364899642 -6.2363932498 -6.2343640656 -6.2322743542 -6.2302161459 -6.2265606602 -6.2252417919 -6.2211647616 -6.2206191393 -6.2126186465 -6.2115992483 -6.2106301360 -6.2098356548 -6.2072296362 -6.2068866773 -6.2050112499 -6.2043044096 -6.2041924693 -6.2014705214 -6.1977986340 -6.1965727600 -6.1931449579 -6.1928087085 -6.1867396097 -6.1856503028 -6.1829579506 -6.1785704081 -6.1759834547 -6.1669212158 -6.1591291002 -6.1589697652 -6.1510705894 -6.1500098966 -6.1415942626 -6.1320028263 -6.1136256704 -6.1134561941 -6.1114491366 -6.1054936182 -6.1046084277 -6.1035969670 -6.0981375729 -6.0977313101 -6.0976818428 -6.0925922456 -6.0892300806 -6.0890927555 -6.0876081371 -6.0874556653 -6.0808241174 -6.0806092886 -6.0787430475 -6.0780672788 -6.0773985623 -6.0758640621 -6.0735609512 -6.0726641494 -6.0719334864 -6.0696150499 -6.0695140407 -6.0668143238 -6.0665428000 -6.0645252015 -6.0628474472 -6.0607087676 -6.0596956921 -6.0583808544 -6.0573896151 -6.0548170009 -6.0531336497 -6.0513473644 -6.0450918154 -6.0432161762 -6.0425843331 -6.0390048512 -6.0387364953 -6.0347288489 -6.0308701665 -6.0298868840 -6.0283610370 -6.0268950815 -6.0252316692 -6.0234901645 -6.0202613723 -6.0182103668 -6.0172168790 -6.0164692880 -6.0080597892 -6.0069405075 -6.0056014490 -5.9984710969 -5.9966537479 -5.9925409209 -5.9919233055 -5.9901760948 -5.9878903933 -5.9838076299 -5.9810354575 -5.9794351018 -5.9765910857 -5.9753593290 -5.9714549481 -5.9702379448 -5.9692861820 -5.9681822091 -5.9676627739 -5.9667562451 -5.9658876030 -5.9654070302 -5.9640346251 -5.9629170538 -5.9618408055 -5.9605196250 -5.9585744813 -5.9567857731 -5.9563919739 -5.9554454759 -5.9548013648 -5.9541582501 -5.9527656757 -5.9518237346 -5.9503080118 -5.9480893609 -5.9468003468 -5.9459218082 -5.9433811624 -5.9426222867 -5.9420564677 -5.9400469108 -5.9347920347 -5.9330423073 -5.9314265547 -5.9302457064 -5.9301737333 -5.9285881915 -5.9274514143 -5.9268048518 -5.9245064119 -5.9242409584 -5.9161580077 -5.9157973123 -5.9120745008 -5.9118158915 -5.9050130224 -5.9033242071 -5.9008474927 -5.9001715988 -5.8925263060 -5.8916335172 -5.8868215988 -5.8829140964 -5.8770602973 -5.8762228504 -5.8722989181 -5.8698685663 -5.8685569393 -5.8666019478 -5.8643032728 -5.8611477441 -5.8590331369 -5.8570838599 -5.8544371487 -5.8487550298 -5.8475924393 -5.8450571680 -5.8426275014 -5.8399576153 -5.8375365387 -5.8326026654 -5.8298235657 -5.8267573254 -5.8249452550 -5.8233765990 -5.8214238640 -5.8177804094 -5.8144024472 -5.8099234175 -5.8071621597 -5.8059812735 -5.8043252396 -5.7982489271 -5.7937789205 -5.7868487723 -5.7550345537 -5.7549777197 -5.7294586304 -5.7294142905
-6.5130368083 -6.4994412737 -6.4994232848 -6.4956120931 -6.4851898782 -6.4831856232 -6.4831611465 -6.4787991561 -6.4697950970 -6.4697723814 -6.4680883572 -6.4680319906 -6.4609090112 -6.4608472217 -6.4524913492 -6.4523645162 -6.4500418343 -6.4393039503 -6.4392740974 -6.4339633939 -6.4306072709 -6.4305709707 -6.4246562696 -6.4221488153 -6.4177864152 -6.4100912103 -6.4099461610 -6.4060900663 -6.3965056092 -6.3947795500 -6.3947210416 -6.3914572864 -6.3848544752 -6.3848262569 -6.3841278060 -6.3840837936 -6.3802962584 -6.3802333729 -6.3707667915 -6.3700512026 -6.3695985780 -6.3600545283 -6.3600011941 -6.3568724312 -6.3561964181 -6.3560494959 -6.3468771396 -6.3432622680 -6.2780231979 -6.2738408852 -6.2618805559 -6.2611174115 -6.2578397057 -6.2574283055 -6.2571290705 -6.2518227244 -6.2506599460 -6.2462912033 -6.2386333011 -6.2370639888 -6.2354974096 -6.2348557889 -6.2347267094 -6.2323076891 -6.2314510769 -6.2287611653 -6.2267678778 -6.2253675147 -6.2231766782 -6.2205037750 -6.2166346470 -6.2131919748 -6.2126620355 -6.2109257251 -6.2103446595 -6.2080783175 -6.2073771014 -6.2065495752 -6.2053809340 -6.2003782523 -6.1992269579 -6.1971944520 -6.1907535761 -6.1904788590 -6.1893107945 -6.1846632459 -6.1823612070 -6.1822123263 -6.1809189153 -6.1727570312 -6.1628595949 -6.1628347493 -6.1546005819 -6.1538785592 -6.1481699189 -6.1389582357 -6.1096096789 -6.1095268542 -6.1082355153 -6.1024021408 -6.1009491919 -6.0998912744 -6.0968655397 -6.0968276253 -6.0950243481 -6.0901556591 -6.0887305048 -6.0881997614 -6.0872804501 -6.0871500255 -6.0838264384 -6.0797035240 -6.0788766502 -6.0783815527 -6.0762130374 -6.0758308508 -6.0754142205 -6.0739869493 -6.0727346034 -6.0698984236 -6.0687753074 -6.0661086563 -6.0656214809 -6.0636673511 -6.0628479383 -6.0610400434 -6.0577048514 -6.0566689489 -6.0543571598 -6.0532040175 -6.0518850953 -6.0498432709 -6.0449537866 -6.0443474609 -6.0433128220 -6.0395810032 -6.0392032653 -6.0367037605 -6.0332348166 -6.0322337890 -6.0281237627 -6.0266670229 -6.0250745766 -6.0239229130 -6.0220889686 -6.0205227741 -6.0165120308 -6.0150994862 -6.0076063659 -6.0069498999 -6.0059722187 -5.9996027813 -5.9987751993 -5.9940648707 -5.9902038767 -5.9875251409 -5.9869112599 -5.9822211041 -5.9798198802 -5.9791280793 -5.9752517322 -5.9740018260 -5.9704192266 -5.9688358700 -5.9683435961 -5.9676700796 -5.9667034088 -5.9665157780 -5.9656636094 -5.9639041973 -5.9634180319 -5.9615131420 -5.9612952886 -5.9600214388 -5.9586377501 -5.9572857295 -5.9560431038 -5.9556408747 -5.9546242907 -5.9533587904 -5.9531314229 -5.9514793564 -5.9499310369 -5.9489803311 -5.9468495118 -5.9456371254 -5.9445913930 -5.9424137102 -5.9421318807 -5.9417186609 -5.9366612614 -5.9348817601 -5.9325848908 -5.9321603670 -5.9298944826 -5.9287464306 -5.9272810233 -5.9258706276 -5.9248726520 -5.9220040544 -5.9163605168 -5.9159988576 -5.9125306254 -5.9123696945 -5.9075203667 -5.9056306999 -5.9034974708 -5.9025588029 -5.8897579431 -5.8888511072 -5.8845324186 -5.8816375504 -5.8762617355 -5.8755084734 -5.8723949585 -5.8688503575 -5.8678579340 -5.8667613520 -5.8648352174 -5.8605527510 -5.8588631128 -5.8570311613 -5.8522529401 -5.8480121487 -5.8461163418 -5.8439914777 -5.8423424678 -5.8386362079 -5.8362887545 -5.8333087344 -5.8296534727 -5.8260680577 -5.8255039022 -5.8247298318 -5.8224235790 -5.8173278824 -5.8163190301 -5.8109141905 -5.8078474901 -5.8062870631 -5.8059364325 -5.7999638408 -5.7950131214 -5.7888995608 -5.7544296082 -5.7544036602 -5.7285629352 -5.7285440487
-6.5054063669 -6.4948731633 -6.4948651642 -6.4881457083 -6.4783707360 -6.4783409749 -6.4778116678 -6.4714168333 -6.4713711077 -6.4713206249 -6.4664125168 -6.4663813225 -6.4583382458 -6.4583115101 -6.4582689568 -6.4552336180 -6.4551191350 -6.4436216568 -6.4435984269 -6.4418859356 -6.4355872182 -6.4355423027 -6.4323893403 -6.4255929009 -6.4159536017 -6.4067735094 -6.4066385913 -6.4001757164 -6.3915840128 -6.3915485730 -6.3904888428 -6.3873380380 -6.3872793494 -6.3856546004 -6.3816558036 -6.3816279380 -6.3772302860 -6.3771423342 -6.3770442137 -6.3730129960 -6.3729215329 -6.3632640979 -6.3630377803 -6.3629740678 -6.3591193587 -6.3590623560 -6.3532663576 -6.3494873386 -6.2697671949 -6.2656875815 -6.2575101418 -6.2566684677 -6.2536563038 -6.2531870691 -6.2516928257 -6.2466276933 -6.2449671690 -6.2408969392 -6.2356232183 -6.2355067695 -6.2342718552 -6.2336784691 -6.2321199845 -6.2315142107 -6.2305222033 -6.2296996921 -6.2294050332 -6.2246362325 -6.2224210507 -6.2210889711 -6.2189190631 -6.2180028941 -6.2159655718 -6.2151308964 -6.2137001677 -6.2113216036 -6.2086141734 -6.2082930300 -6.2019321694 -6.2014790277 -6.1985460212 -6.1955936860 -6.1909013653 -6.1894910854 -6.1875843379 -6.1867177827 -6.1860158317 -6.1795399776 -6.1793522825 -6.1775700086 -6.1665981319 -6.1665206878 -6.1583707253 -6.1581191444 -6.1541834504 -6.1459561995 -6.1060057872 -6.1056815142 -6.1048666160 -6.0993577874 -6.0975347141 -6.0964104259 -6.0961137620 -6.0960640924 -6.0923118556 -6.0891883836 -6.0881635584 -6.0871317328 -6.0870222625 -6.0868856171 -6.0857988214 -6.0823483330 -6.0802507904 -6.0793996689 -6.0776423633 -6.0774660393 -6.0758078554 -6.0729365187 -6.0722968939 -6.0711692876 -6.0689883803 -6.0667086209 -6.0656852464 -6.0624098233 -6.0593439388 -6.0586240312 -6.0564815500 -6.0549992755 -6.0527680656 -6.0513827048 -6.0493014946 -6.0484184829 -6.0459843429 -6.0445191938 -6.0432887662 -6.0404036063 -6.0395483784 -6.0382733132 -6.0357712009 -6.0346961600 -6.0310454398 -6.0296257921 -6.0258316287 -6.0244857890 -6.0213809336 -6.0202664893 -6.0143470450 -6.0135202940 -6.0073901630 -6.0070451709 -6.0061414871 -6.0017900755 -6.0003283517 -5.9961362853 -5.9885990800 -5.9850777885 -5.9846959075 -5.9814913703 -5.9792964221 -5.9778430759 -5.9744725898 -5.9728091131 -5.9702492679 -5.9690645952 -5.9685280843 -5.9671323088 -5.9662172499 -5.9652622164 -5.9647496565 -5.9627894404 -5.9623390138 -5.9617080405 -5.9604967909 -5.9593152458 -5.9579284270 -5.9575570468 -5.9564676545 -5.9555002691 -5.9543794173 -5.9540924774 -5.9525748743 -5.9513300212 -5.9501597608 -5.9476980101 -5.9467276709 -5.9452902107 -5.9448237593 -5.9441436272 -5.9419277368 -5.9412817657 -5.9384261888 -5.9366940031 -5.9349754278 -5.9340404251 -5.9321558746 -5.9300383162 -5.9262393385 -5.9234049495 -5.9226414705 -5.9197169177 -5.9165040282 -5.9161257382 -5.9129062189 -5.9128816250 -5.9099660820 -5.9079107117 -5.9061604641 -5.9049047255 -5.8871487041 -5.8861944456 -5.8825995855 -5.8806115449 -5.8764918871 -5.8748628042 -5.8726603952 -5.8684014582 -5.8675204610 -5.8667581776 -5.8652112311 -5.8611071661 -5.8575414171 -5.8559603613 -5.8502652537 -5.8483062364 -5.8444730857 -5.8431915768 -5.8417139951 -5.8373605475 -5.8361026138 -5.8335617939 -5.8298434161 -5.8270954577 -5.8260759116 -5.8245031710 -5.8220691871 -5.8186067070 -5.8169622753 -5.8127587381 -5.8081906165 -5.8075416219 -5.8056660308 -5.8011702748 -5.7959694090 -5.7908470293 -5.7539613876 -5.7539526450 -5.7278651692 -5.7278600242
-6.4977101946 -6.4904558454 -6.4904438627 -6.4806063326 -6.4748719371 -6.4748181052 -6.4736920397 -6.4736524722 -6.4703879167 -6.4662584416 -6.4639728572 -6.4628962645 -6.4627937257 -6.4583451403 -6.4582685026 -6.4555524915 -6.4554975888 -6.4497624996 -6.4477098065 -6.4476842516 -6.4405241422 -6.4403296822 -6.4399330950 -6.4333509700 -6.4097054279 -6.4034987544 -6.4033376735 -6.3941843673 -6.3906593424 -6.3905624295 -6.3882956775 -6.3882725440 -6.3844364290 -6.3836327810 -6.3798072537 -6.3785083529 -6.3784854099 -6.3760550640 -6.3759935504 -6.3740843697 -6.3740209608 -6.3694804973 -6.3661285703 -6.3660886672 -6.3620680497 -6.3620177106 -6.3595927803 -6.3556549364 -6.2617491719 -6.2577683434 -6.2532567150 -6.2522022306 -6.2495836649 -6.2492139320 -6.2461137770 -6.2418107939 -6.2396559596 -6.2380731039 -6.2376698940 -6.2356201064 -6.2346170384 -6.2338339102 -6.2320484382 -6.2318114376 -6.2297624603 -6.2292824143 -6.2287385192 -6.2259912018 -6.2256351619 -6.2230774144 -6.2209378367 -6.2193635597 -6.2178439371 -6.2172699507 -6.2159693850 -6.2116106723 -6.2094210709 -6.2087553590 -6.2027587160 -6.2024849215 -6.2012741787 -6.1941509942 -6.1916882091 -6.1912724600 -6.1854049623 -6.1847561356 -6.1840024739 -6.1817547271 -6.1758632426 -6.1748538577 -6.1701878635 -6.1700541094 -6.1639554516 -6.1617053678 -6.1590091265 -6.1529598744 -6.1027190511 -6.1020362361 -6.1014701382 -6.0963894086 -6.0956178423 -6.0955429314 -6.0945039394 -6.0933972948 -6.0903550247 -6.0901399957 -6.0887295996 -6.0877219831 -6.0870865727 -6.0863588848 -6.0849438236 -6.0833277645 -6.0820045112 -6.0816203719 -6.0792447009 -6.0782321374 -6.0777134218 -6.0754067393 -6.0721806978 -6.0699058925 -6.0690824611 -6.0682639971 -6.0630043311 -6.0601575462 -6.0580008209 -6.0564620052 -6.0545793557 -6.0539221309 -6.0516720925 -6.0501955343 -6.0474686043 -6.0465835553 -6.0457727923 -6.0438762699 -6.0430686734 -6.0418236231 -6.0401100905 -6.0388254405 -6.0375206290 -6.0368854116 -6.0339815976 -6.0323738695 -6.0291134421 -6.0281505935 -6.0182920837 -6.0170975296 -6.0126893297 -6.0121635063 -6.0079779810 -6.0073210298 -6.0059549431 -6.0039858140 -6.0015996951 -5.9980840531 -5.9872962529 -5.9832461961 -5.9824297021 -5.9810346711 -5.9780310249 -5.9766941181 -5.9743623233 -5.9724886830 -5.9708998650 -5.9705908465 -5.9682732634 -5.9668737558 -5.9649830441 -5.9646169460 -5.9634192566 -5.9626284248 -5.9613043957 -5.9608648218 -5.9603737639 -5.9591166196 -5.9584072899 -5.9569468778 -5.9562929202 -5.9552535582 -5.9548180186 -5.9539452899 -5.9532955921 -5.9512542075 -5.9482120774 -5.9481318514 -5.9465942481 -5.9455050496 -5.9447664711 -5.9431623794 -5.9415201450 -5.9408511870 -5.9397069509 -5.9383434663 -5.9374627232 -5.9357823330 -5.9342180411 -5.9327468730 -5.9237377269 -5.9210340137 -5.9203775404 -5.9175889806 -5.9166073601 -5.9161472962 -5.9134877473 -5.9131764397 -5.9121160474 -5.9101135451 -5.9087291501 -5.9072163098 -5.8847155315 -5.8837322421 -5.8811351703 -5.8798188683 -5.8773831947 -5.8752720799 -5.8722934825 -5.8682510636 -5.8674643903 -5.8672745853 -5.8649327680 -5.8619790000 -5.8555986262 -5.8544321987 -5.8493494477 -5.8486975668 -5.8439885499 -5.8418426739 -5.8405874733 -5.8375942037 -5.8356144555 -5.8336310371 -5.8305176825 -5.8279931492 -5.8258101058 -5.8245086083 -5.8210417531 -5.8203766714 -5.8169242327 -5.8149697643 -5.8086354032 -5.8084312798 -5.8050406567 -5.8019601298 -5.7964560359 -5.7926461271 -5.7536303482 -5.7536265890 -5.7273680609 -5.7273657852
-6.4899571236 -6.4862188880 -6.4861959679 -6.4784073419 -6.4783506676 -6.4741877974 -6.4730009732 -6.4694457879 -6.4693979427 -6.4629030930 -6.4617450589 -6.4616762839 -6.4592373305 -6.4592066607 -6.4575621491 -6.4562994514 -6.4524884507 -6.4524404746 -6.4515725455 -6.4515556950 -6.4477814112 -6.4448225483 -6.4447918621 -6.4410563759 -6.4034600614 -6.4002679437 -6.4000017156 -6.3938864582 -6.3936931994 -6.3900899665 -6.3881343235 -6.3852030847 -6.3851777654 -6.3790877091 -6.3790171034 -6.3783197735 -6.3757263845 -6.3754355372 -6.3753706424 -6.3738068630 -6.3710600968 -6.3709967634 -6.3691951975 -6.3691535468 -6.3659651079 -6.3650223393 -6.3649173428 -6.3617618842 -6.2541875533 -6.2506075825 -6.2489832738 -6.2475264150 -6.2456134334 -6.2453478320 -6.2417033576 -6.2409216549 -6.2405558801 -6.2386750252 -6.2376126608 -6.2372854668 -6.2354388320 -6.2351980056 -6.2331757560 -6.2320951385 -6.2312513339 -6.2304928541 -6.2280736640 -6.2275937700 -6.2268329036 -6.2229497878 -6.2218750719 -6.2206752128 -6.2205041238 -6.2170942362 -6.2145484380 -6.2112770217 -6.2105972791 -6.2074270440 -6.2064615929 -6.2027502900 -6.2007979206 -6.1982151953 -6.1949542741 -6.1902347756 -6.1849229163 -6.1815664934 -6.1806651335 -6.1760922660 -6.1743506364 -6.1740115659 -6.1716341163 -6.1708587095 -6.1699063336 -6.1651892162 -6.1629741042 -6.1598828395 -6.0995512268 -6.0987957934 -6.0984215182 -6.0955427954 -6.0955000586 -6.0935324154 -6.0932657629 -6.0922226122 -6.0915777795 -6.0895477505 -6.0889402845 -6.0878697046 -6.0874289684 -6.0866070558 -6.0848523250 -6.0836965187 -6.0831097880 -6.0821389660 -6.0801660299 -6.0793132907 -6.0777558407 -6.0769170813 -6.0748139355 -6.0728539776 -6.0664665899 -6.0662873294 -6.0609612300 -6.0595544007 -6.0575764335 -6.0569010737 -6.0525222178 -6.0518445811 -6.0502139183 -6.0493495594 -6.0470429907 -6.0456588156 -6.0454036543 -6.0438803218 -6.0430065205 -6.0418217964 -6.0395459645 -6.0389945665 -6.0384479804 -6.0375238340 -6.0361011228 -6.0346226788 -6.0323618385 -6.0318738990 -6.0153822368 -6.0140404413 -6.0118821357 -6.0111703014 -6.0092680004 -6.0085045138 -6.0056686106 -6.0053668095 -6.0020202915 -5.9998560389 -5.9860429662 -5.9837715431 -5.9799414021 -5.9791412270 -5.9769229422 -5.9762207453 -5.9744886166 -5.9728364213 -5.9723294664 -5.9722136209 -5.9670634905 -5.9665527249 -5.9652573063 -5.9642060013 -5.9623199964 -5.9619694897 -5.9605940538 -5.9600220614 -5.9597501190 -5.9595939581 -5.9584333987 -5.9574991079 -5.9568089782 -5.9562761203 -5.9540463202 -5.9535880541 -5.9523136619 -5.9509969563 -5.9492022733 -5.9484814909 -5.9457708838 -5.9449002606 -5.9436699080 -5.9422084153 -5.9410277647 -5.9408964052 -5.9401681309 -5.9396078795 -5.9387400062 -5.9372858256 -5.9360339895 -5.9353565104 -5.9213061788 -5.9191466665 -5.9181375283 -5.9168029175 -5.9166325933 -5.9156464980 -5.9143522841 -5.9133439169 -5.9130971362 -5.9121041351 -5.9109015845 -5.9094408297 -5.8824813646 -5.8816198126 -5.8802968381 -5.8791356821 -5.8787455735 -5.8765788485 -5.8713219829 -5.8690049057 -5.8673997773 -5.8673943422 -5.8643920975 -5.8628705679 -5.8534180828 -5.8528770463 -5.8500522304 -5.8493991388 -5.8428547257 -5.8408754418 -5.8395760770 -5.8388138701 -5.8350948588 -5.8337639044 -5.8310091533 -5.8279880051 -5.8256043605 -5.8254019572 -5.8206785940 -5.8195293232 -5.8174073758 -5.8171943982 -5.8090415824 -5.8089729232 -5.8042547793 -5.8026479704 -5.7962958363 -5.7942314796 -5.7534328208 -5.7534299321 -5.7270697871 -5.7270675675
-6.4825576230 -6.4825576230 -6.4821353137 -6.4821353137 -6.4817728813 -6.4817728813 -6.4656296688 -6.4656296688 -6.4653635643 -6.4653635643 -6.4651502596 -6.4651502596 -6.4554550267 -6.4554550267 -6.4554419087 -6.4554419087 -6.4553496302 -6.4553496302 -6.4489836033 -6.4489836033 -6.4488171082 -6.4488171082 -6.4486245880 -6.4486245880 -6.3979699705 -6.3979699705 -6.3969166517 -6.3969166517 -6.3958246311 -6.3958246311 -6.3825011021 -6.3825011021 -6.3820268823 -6.3820268823 -6.3816458360 -6.3816458360 -6.3723274678 -6.3723274678 -6.3722699985 -6.3722699985 -6.3721338779 -6.3721338779 -6.3681502175 -6.3681502175 -6.3679348469 -6.3679348468 -6.3677041570 -6.3677041570 -6.2480752142 -6.2480752142 -6.2455249527 -6.2455249527 -6.2433270915 -6.2433270915 -6.2417276062 -6.2417276062 -6.2408839709 -6.2408839709 -6.2395280803 -6.2395280803 -6.2362872184 -6.2362872184 -6.2338283157 -6.2338283157 -6.2299567662 -6.2299567662 -6.2261471647 -6.2261471647 -6.2251859860 -6.2251859860 -6.2251423624 -6.2251423624 -6.2157562665 -6.2157562665 -6.2135026661 -6.2135026661 -6.2105903049 -6.2105903049 -6.2038939761 -6.2038939760 -6.1995614436 -6.1995614436 -6.1948976469 -6.1948976469 -6.1790355453 -6.1790355453 -6.1779671860 -6.1779671860 -6.1761581388 -6.1761581388 -6.1702594291 -6.1702594291 -6.1666274837 -6.1666274837 -6.1660578978 -6.1660578978 -6.0965025966 -6.0965025966 -6.0964477100 -6.0964477100 -6.0961895998 -6.0961895998 -6.0917207416 -6.0917207416 -6.0900118895 -6.0900118895 -6.0898357479 -6.0898357479 -6.0854573448 -6.0854573448 -6.0853712205 -6.0853712205 -6.0831411248 -6.0831411248 -6.0796186099 -6.0796186099 -6.0770982289 -6.0770982289 -6.0754617780 -6.0754617780 -6.0653901164 -6.0653901164 -6.0597535096 -6.0597535096 -6.0577051470 -6.0577051470 -6.0511876860 -6.0511876860 -6.0481277523 -6.0481277523 -6.0478277193 -6.0478277193 -6.0446644074 -6.0446644074 -6.0418293059 -6.0418293059 -6.0396799605 -6.0396799605 -6.0370249191 -6.0370249191 -6.0352901622 -6.0352901622 -6.0350045143 -6.0350045143 -6.0130502529 -6.0130502529 -6.0110480907 -6.0110480907 -6.0102147471 -6.0102147471 -6.0056319473 -6.0056319473 -6.0012971496 -6.0012971496 -5.9848401856 -5.9848401856 -5.9780831491 -5.9780831491 -5.9768138449 -5.9768138449 -5.9736508268 -5.9736508268 -5.9730878761 -5.9730878761 -5.9662582137 -5.9662582137 -5.9651642667 -5.9651642667 -5.9612124204 -5.9612124204 -5.9605815049 -5.9605815049 -5.9593834966 -5.9593834966 -5.9577618824 -5.9577618824 -5.9574262217 -5.9574262217 -5.9535103428 -5.9535103428 -5.9507034150 -5.9507034150 -5.9500298060 -5.9500298060 -5.9443469328 -5.9443469328 -5.9424639066 -5.9424639066 -5.9420730408 -5.9420730408 -5.9393000387 -5.9393000387 -5.9378833298 -5.9378833298 -5.9373322291 -5.9373322291 -5.9192282438 -5.9192282438 -5.9169347393 -5.9169347393 -5.9162583581 -5.9162583581 -5.9136793047 -5.9136793047 -5.9132168047 -5.9132168047 -5.9112353920 -5.9112353920 -5.8805065458 -5.8805065458 -5.8803251116 -5.8803251116 -5.8780820573 -5.8780820573 -5.8701644583 -5.8701644583 -5.8673594433 -5.8673594433 -5.8636941167 -5.8636941167 -5.8517813142 -5.8517813142 -5.8507502208 -5.8507502208 -5.8413251666 -5.8413251666 -5.8392968926 -5.8392968926 -5.8346192708 -5.8346192708 -5.8294606080 -5.8294606080 -5.8256140165 -5.8256140165 -5.8193327545 -5.8193327545 -5.8182511334 -5.8182511334 -5.8091791715 -5.8091791715 -5.8034233636 -5.8034233636 -5.7955000302 -5.7955000302 -5.7533656810 -5.7533656810 -5.7269691101 -5.7269691101
