-6.0792130620 -6.0792130620 -6.0786433118 -6.0786433117 -6.0782267231 -6.0782267231 -6.0713417359 -6.0713417359 -6.0704086030 -6.0704086030 -6.0695291864 -6.0695291864 -6.0634924607 -6.0634924607 -6.0626952712 -6.0626952712 -6.0622779065 -6.0622779065 -6.0548080212 -6.0548080212 -6.0532721889 -6.0532721889 -6.0516819690 -6.0516819690 -6.0073284270 -6.0073284270 -6.0041125552 -6.0041125552 -6.0030659358 -6.0030659358 -6.0014626057 -6.0014626057 -5.9993995711 -5.9993995711 -5.9949626328 -5.9949626328 -5.9475874827 -5.9475874827 -5.9435251938 -5.9435251938 -5.9427494885 -5.9427494885 -5.9340581983 -5.9340581982 -5.9318382867 -5.9318382867 -5.9317305247 -5.9317305247 -5.9295985781 -5.9295985780 -5.9277532835 -5.9277532835 -5.9266573385 -5.9266573385 -5.9174226341 -5.9174226341 -5.9140631620 -5.9140631620 -5.9130784769 -5.9130784768 -5.9127390741 -5.9127390741 -5.9083125448 -5.9083125448 -5.9031753153 -5.9031753153 -5.8992671923 -5.8992671923 -5.8963156156 -5.8963156156 -5.8950546711 -5.8950546711 -5.8792385591 -5.8792385590 -5.8760812159 -5.8760812159 -5.8724371504 -5.8724371503 -5.8677694079 -5.8677694079 -5.8659195917 -5.8659195917 -5.8617963987 -5.8617963987 -5.8339509538 -5.8339509538 -5.8334239352 -5.8334239352 -5.8284012823 -5.8284012823 -5.8222814384 -5.8222814384 -5.8175222664 -5.8175222664 -5.8116564312 -5.8116564311 -5.8105235944 -5.8105235944 -5.7985412255 -5.7985412255 -5.7918876188 -5.7918876188 -5.7834825730 -5.7834825730 -5.7789033009 -5.7789033008 -5.7676904783 -5.7676904783 -5.7646211734 -5.7646211734 -5.7588944528 -5.7588944528 -5.7481893127 -5.7481893127 -5.7465313420 -5.7465313420 -5.7282777112 -5.7282777112 -5.7177673030 -5.7177673030 -5.7104432803 -5.7104432803 -5.6479644743 -5.6479644743
-6.0814615021 -6.0809313147 -6.0793262568 -6.0792586888 -6.0768222945 -6.0762357842 -6.0730774021 -6.0721110837 -6.0700557436 -6.0700004056 -6.0684628246 -6.0674777160 -6.0656958434 -6.0647061548 -6.0633497633 -6.0632894717 -6.0609722899 -6.0605522759 -6.0561527738 -6.0547846279 -6.0530592858 -6.0528622553 -6.0513475298 -6.0497215207 -6.0100347514 -6.0075337585 -6.0056260295 -6.0049584540 -6.0041874125 -6.0019950539 -6.0016412647 -6.0000827290 -5.9986286493 -5.9979933876 -5.9956546343 -5.9922221915 -5.9493181810 -5.9470403748 -5.9447002827 -5.9439709523 -5.9422273894 -5.9408658716 -5.9349826138 -5.9347557954 -5.9324767300 -5.9320994802 -5.9315438208 -5.9310143702 -5.9307057190 -5.9290767406 -5.9275101198 -5.9272505211 -5.9263473983 -5.9260709634 -5.9181996089 -5.9172161902 -5.9151208401 -5.9145540733 -5.9135521878 -5.9132456501 -5.9115812311 -5.9112271511 -5.9084258768 -5.9083295619 -5.9036329258 -5.9028995539 -5.8998979588 -5.8990352119 -5.8971400327 -5.8962015799 -5.8949166879 -5.8933812820 -5.8806320545 -5.8785472196 -5.8763085531 -5.8758729742 -5.8730866216 -5.8710166450 -5.8691384309 -5.8674212557 -5.8659822547 -5.8654018680 -5.8625568476 -5.8603111534 -5.8361376571 -5.8348576394 -5.8330588471 -5.8317811286 -5.8294925110 -5.8272217209 -5.8236720813 -5.8210493587 -5.8174350638 -5.8174037017 -5.8121855676 -5.8119819406 -5.8112019069 -5.8088545103 -5.7986909510 -5.7986046924 -5.7927504899 -5.7907847779 -5.7837210117 -5.7834276354 -5.7788756976 -5.7788267860 -5.7680125522 -5.7676719044 -5.7647735383 -5.7647371823 -5.7593299638 -5.7583771419 -5.7494543534 -5.7474339185 -5.7463194752 -5.7459343228 -5.7293005467 -5.7270640683 -5.7178197441 -5.7178131945 -5.7113717804 -5.7093587634 -5.6480382371 -5.6480357923
-6.0841510201 -6.0836842321 -6.0808918444 -6.0807821530 -6.0750297826 -6.0748109211 -6.0744156501 -6.0739325749 -6.0691548701 -6.0691170206 -6.0683465813 -6.0670769191 -6.0660467085 -6.0650525875 -6.0645212434 -6.0644726482 -6.0591113529 -6.0588764689 -6.0576068450 -6.0563450477 -6.0516987578 -6.0516107963 -6.0493085743 -6.0472713052 -6.0133504852 -6.0111240242 -6.0072090988 -6.0065516006 -6.0059326588 -6.0032757760 -5.9997801458 -5.9982690116 -5.9970667388 -5.9958250773 -5.9930080211 -5.9888511620 -5.9514648375 -5.9484995386 -5.9452603201 -5.9445784111 -5.9407251576 -5.9388634945 -5.9365677636 -5.9363174645 -5.9340249715 -5.9327288507 -5.9315938477 -5.9315376095 -5.9303413889 -5.9285514605 -5.9278083934 -5.9261295405 -5.9252543307 -5.9245680544 -5.9192614477 -5.9182322797 -5.9160319990 -5.9154053803 -5.9133584923 -5.9132882619 -5.9103519645 -5.9094835596 -5.9084101345 -5.9083183010 -5.9037065669 -5.9036892863 -5.8999960653 -5.8996545466 -5.8980082582 -5.8953332336 -5.8938129826 -5.8913401665 -5.8823171356 -5.8788356956 -5.8771686905 -5.8749993302 -5.8727415274 -5.8707867102 -5.8692850968 -5.8679852172 -5.8665845036 -5.8641651573 -5.8622744424 -5.8585108491 -5.8386281148 -5.8367690148 -5.8332680403 -5.8312199219 -5.8294176720 -5.8268821836 -5.8242650526 -5.8204552796 -5.8171495931 -5.8170977776 -5.8130686471 -5.8124808637 -5.8108108385 -5.8072843517 -5.7991964244 -5.7987225158 -5.7932286991 -5.7896206654 -5.7839998629 -5.7836270545 -5.7788024350 -5.7786172872 -5.7686175495 -5.7679552366 -5.7652834958 -5.7650228944 -5.7594433561 -5.7580551941 -5.7505327643 -5.7474626336 -5.7458367741 -5.7444060547 -5.7300964743 -5.7257023954 -5.7179735975 -5.7179554014 -5.7121057199 -5.7081471639 -5.6482569224 -5.6482518164
-6.0870716853 -6.0866632535 -6.0829459060 -6.0828128949 -6.0765367013 -6.0756914324 -6.0733590111 -6.0728250298 -6.0711768685 -6.0696917852 -6.0690734533 -6.0690090089 -6.0651860425 -6.0651467766 -6.0633254416 -6.0624275213 -6.0589906595 -6.0579345699 -6.0573764638 -6.0573042623 -6.0500410224 -6.0499675024 -6.0468186668 -6.0446061210 -6.0169425003 -6.0151160082 -6.0092792277 -6.0084433465 -6.0075812215 -6.0054910783 -5.9973060176 -5.9963284133 -5.9951512599 -5.9936907209 -5.9891856449 -5.9852072256 -5.9537850929 -5.9507174023 -5.9457220546 -5.9453432616 -5.9393174409 -5.9383814066 -5.9381399426 -5.9367588563 -5.9358438374 -5.9336789099 -5.9323706084 -5.9320613022 -5.9300438938 -5.9284895296 -5.9273464037 -5.9247428888 -5.9242408947 -5.9225484238 -5.9204869232 -5.9197983831 -5.9175173454 -5.9154365086 -5.9132282890 -5.9130948832 -5.9105909315 -5.9084960916 -5.9075604922 -5.9071931743 -5.9049561934 -5.9034397550 -5.9007013803 -5.9003799770 -5.8974653651 -5.8942033356 -5.8925598681 -5.8891688060 -5.8841655871 -5.8795469428 -5.8782878961 -5.8740748119 -5.8722830442 -5.8719711399 -5.8686431263 -5.8679464293 -5.8669580047 -5.8627954758 -5.8613913356 -5.8565708845 -5.8412547353 -5.8391406335 -5.8339916708 -5.8323223850 -5.8282398423 -5.8281672157 -5.8232690296 -5.8208032267 -5.8167265994 -5.8166662558 -5.8135218493 -5.8123577735 -5.8105039350 -5.8059986179 -5.8000939667 -5.7987446420 -5.7933051444 -5.7886195954 -5.7841183282 -5.7840504876 -5.7787467370 -5.7782861302 -5.7694876795 -5.7685081074 -5.7661288643 -5.7653859110 -5.7591814347 -5.7581070483 -5.7513035177 -5.7476440823 -5.7451177667 -5.7426985131 -5.7306361170 -5.7242470105 -5.7182367988 -5.7181865804 -5.7125943696 -5.7068302635 -5.6486202178 -5.6486112531
-6.0901606259 -6.0897925852 -6.0852718140 -6.0851237421 -6.0782062906 -6.0774538631 -6.0740399222 -6.0723948483 -6.0718943833 -6.0714039468 -6.0707254570 -6.0705932884 -6.0643245209 -6.0642395203 -6.0606644308 -6.0602647598 -6.0599359165 -6.0593825025 -6.0557941499 -6.0556020037 -6.0483154395 -6.0482260599 -6.0440938706 -6.0418059061 -6.0207185036 -6.0191951074 -6.0114501222 -6.0105027971 -6.0092129186 -6.0075976253 -5.9949693273 -5.9943972197 -5.9929905470 -5.9914025094 -5.9851541931 -5.9814088106 -5.9561973019 -5.9531017555 -5.9464604342 -5.9463071439 -5.9406931967 -5.9401887968 -5.9382106858 -5.9366948488 -5.9358937120 -5.9343020107 -5.9332664570 -5.9326695362 -5.9299669509 -5.9290215451 -5.9261839570 -5.9235728187 -5.9230238995 -5.9215988857 -5.9214502421 -5.9204033830 -5.9189711818 -5.9159587272 -5.9132820285 -5.9127714844 -5.9109564661 -5.9092883834 -5.9058378838 -5.9057472399 -5.9054012385 -5.9032732587 -5.9017779826 -5.9005332965 -5.8962333113 -5.8930383603 -5.8912525663 -5.8869430669 -5.8861074945 -5.8803641480 -5.8794046444 -5.8749845701 -5.8719635111 -5.8713096685 -5.8690061374 -5.8686144415 -5.8652275241 -5.8613952756 -5.8602720617 -5.8545901870 -5.8439570296 -5.8418342418 -5.8350746208 -5.8336969876 -5.8301030066 -5.8274982317 -5.8219125228 -5.8215773387 -5.8164011706 -5.8161802638 -5.8137934432 -5.8114141091 -5.8103023980 -5.8051078864 -5.8012736525 -5.7985972673 -5.7930889228 -5.7880657326 -5.7847423086 -5.7836987784 -5.7787279132 -5.7778885209 -5.7706085005 -5.7692810542 -5.7671664644 -5.7657512422 -5.7586469229 -5.7585318406 -5.7518373896 -5.7478817353 -5.7441633400 -5.7409988243 -5.7308999463 -5.7227749228 -5.7186066525 -5.7185019833 -5.7127718016 -5.7054246141 -5.6491276566 -5.6491118688
-6.0933719249 -6.0930254567 -6.0877746387 -6.0876151744 -6.0799846563 -6.0794583881 -6.0766937618 -6.0750859312 -6.0731106294 -6.0729557489 -6.0705338615 -6.0700804066 -6.0630126426 -6.0628589709 -6.0614037971 -6.0607428781 -6.0581128742 -6.0576890335 -6.0541201405 -6.0536038824 -6.0466009194 -6.0465062140 -6.0412321378 -6.0389202877 -6.0246264018 -6.0233088602 -6.0136195416 -6.0126513078 -6.0108276559 -6.0095257587 -5.9928232066 -5.9924626984 -5.9906323098 -5.9890306317 -5.9810579100 -5.9775156021 -5.9586678320 -5.9555570543 -5.9475660664 -5.9474127784 -5.9427961642 -5.9421059356 -5.9400483353 -5.9369018043 -5.9356829756 -5.9346125531 -5.9339713269 -5.9322786804 -5.9299558486 -5.9295803417 -5.9250332143 -5.9238166462 -5.9227255622 -5.9223384782 -5.9210464857 -5.9200915996 -5.9185157130 -5.9168336034 -5.9142848942 -5.9122257036 -5.9106979104 -5.9105804133 -5.9056243063 -5.9050791524 -5.9035673488 -5.9031067307 -5.9027283198 -5.8996842296 -5.8948931574 -5.8918840396 -5.8900265192 -5.8879749479 -5.8847465549 -5.8811747360 -5.8804594079 -5.8768289847 -5.8713022022 -5.8708640581 -5.8693162924 -5.8685572916 -5.8632201287 -5.8599818677 -5.8590430675 -5.8527115075 -5.8466013674 -5.8447706365 -5.8364026230 -5.8352103323 -5.8321341748 -5.8279449668 -5.8219646218 -5.8205698420 -5.8163701480 -5.8157126018 -5.8138005017 -5.8102496390 -5.8099806082 -5.8045915281 -5.8026118716 -5.7983303343 -5.7926954809 -5.7880053687 -5.7855607144 -5.7828336934 -5.7786994070 -5.7774872938 -5.7719428903 -5.7702143968 -5.7682673451 -5.7660608930 -5.7592009396 -5.7579532489 -5.7522882523 -5.7481625880 -5.7430129366 -5.7393804137 -5.7308821119 -5.7214045577 -5.7190577926 -5.7188974566 -5.7125535063 -5.7039428464 -5.6497782241 -5.6497508451
-6.0966735812 -6.0963327875 -6.0904090058 -6.0902399548 -6.0820585200 -6.0819909932 -6.0788350927 -6.0775965585 -6.0757561230 -6.0755926839 -6.0692641376 -6.0688399053 -6.0630310915 -6.0623319596 -6.0611142769 -6.0610375864 -6.0560064721 -6.0558709217 -6.0520744404 -6.0512058895 -6.0449428853 -6.0448498123 -6.0382918265 -6.0359832057 -6.0286297355 -6.0274394687 -6.0157577866 -6.0148209887 -6.0124130054 -6.0113088366 -5.9908051803 -5.9905256366 -5.9881614000 -5.9866185652 -5.9769338737 -5.9735643236 -5.9611798854 -5.9580578858 -5.9489917458 -5.9487072854 -5.9449672968 -5.9440431427 -5.9420985267 -5.9384590088 -5.9360565136 -5.9357409810 -5.9335828092 -5.9314015206 -5.9298562348 -5.9297873158 -5.9253297144 -5.9249551587 -5.9227584659 -5.9223443914 -5.9208173426 -5.9189242132 -5.9184262463 -5.9162294989 -5.9156390563 -5.9132589794 -5.9106627340 -5.9098826678 -5.9056309345 -5.9055692779 -5.9033184456 -5.9023058694 -5.9014145878 -5.8981781329 -5.8936408455 -5.8907451821 -5.8905266330 -5.8880410312 -5.8831356289 -5.8815406396 -5.8813859901 -5.8786937657 -5.8717893186 -5.8707801205 -5.8688032120 -5.8675516414 -5.8611742266 -5.8585831301 -5.8577630820 -5.8517107827 -5.8483944034 -5.8478932691 -5.8378939363 -5.8368172646 -5.8342588003 -5.8294263667 -5.8219003750 -5.8193315238 -5.8165877161 -5.8153239011 -5.8135117643 -5.8103271498 -5.8084008527 -5.8043071581 -5.8040149789 -5.7981096009 -5.7921966991 -5.7881645653 -5.7864981437 -5.7819633420 -5.7784794096 -5.7771505031 -5.7734058408 -5.7712287190 -5.7693579875 -5.7662920220 -5.7599565492 -5.7571985773 -5.7527741783 -5.7484678554 -5.7417357536 -5.7378919693 -5.7305926452 -5.7203858974 -5.7194461873 -5.7193649766 -5.7118477986 -5.7023945529 -5.6505701923 -5.6505248830
-6.1000438973 -6.0996964128 -6.0931502636 -6.0929725984 -6.0850467311 -6.0844975719 -6.0805540396 -6.0797896290 -6.0785439496 -6.0783843403 -6.0680493239 -6.0676490957 -6.0641390946 -6.0635032888 -6.0597244851 -6.0596417764 -6.0545022940 -6.0543006129 -6.0495691953 -6.0484822319 -6.0433656966 -6.0432765755 -6.0353084849 -6.0330237524 -6.0327017203 -6.0315727417 -6.0178517277 -6.0169664187 -6.0139604585 -6.0129846104 -5.9888482816 -5.9885948817 -5.9856482400 -5.9841907326 -5.9727973538 -5.9695802838 -5.9637230502 -5.9605940302 -5.9506397994 -5.9502764620 -5.9471353716 -5.9459928968 -5.9442194208 -5.9402434982 -5.9371713082 -5.9370692383 -5.9331503965 -5.9316259575 -5.9293626917 -5.9290535637 -5.9270089640 -5.9260771308 -5.9235834395 -5.9213991212 -5.9198235627 -5.9197341495 -5.9176242737 -5.9166395804 -5.9155804280 -5.9140342826 -5.9097578814 -5.9092264177 -5.9063067334 -5.9061713531 -5.9030703354 -5.9013462755 -5.8992908052 -5.8963925493 -5.8932953089 -5.8916424146 -5.8896111871 -5.8866302936 -5.8836902994 -5.8823865727 -5.8806861289 -5.8794880231 -5.8724132368 -5.8714276512 -5.8674552592 -5.8663490280 -5.8591267799 -5.8573379535 -5.8564965830 -5.8532666989 -5.8511371512 -5.8475301201 -5.8394850438 -5.8384737353 -5.8364320229 -5.8314394054 -5.8218802988 -5.8182447138 -5.8168486173 -5.8150414445 -5.8130603405 -5.8105838642 -5.8068514369 -5.8053705595 -5.8040830981 -5.7981031257 -5.7916339536 -5.7883192519 -5.7875146456 -5.7816580354 -5.7778707340 -5.7769746397 -5.7747924979 -5.7722095492 -5.7704024818 -5.7664577890 -5.7606724868 -5.7564614918 -5.7533443767 -5.7487569507 -5.7404061526 -5.7365702507 -5.7300571706 -5.7204841206 -5.7199077716 -5.7190554779 -5.7106105332 -5.7007869551 -5.6515011730 -5.6514300596
-6.1034681369 -6.1031046927 -6.0959832165 -6.0957974945 -6.0882995490 -6.0873598138 -6.0821767847 -6.0818877705 -6.0812930723 -6.0811357525 -6.0668759863 -6.0664972257 -6.0653100238 -6.0647505813 -6.0583093134 -6.0582326115 -6.0532798622 -6.0529879574 -6.0467700598 -6.0455847433 -6.0418840449 -6.0417975774 -6.0368203957 -6.0357270791 -6.0323035665 -6.0300332875 -6.0198935730 -6.0190632682 -6.0154645779 -6.0145766652 -5.9869204759 -5.9866762868 -5.9831302957 -5.9817635695 -5.9686672102 -5.9662797134 -5.9655837892 -5.9631597314 -5.9524738008 -5.9521221959 -5.9492668267 -5.9479623491 -5.9463949453 -5.9422227845 -5.9384917930 -5.9383626778 -5.9332843497 -5.9323781334 -5.9293078203 -5.9281850651 -5.9279999695 -5.9271973831 -5.9248990497 -5.9214326409 -5.9197737786 -5.9192558258 -5.9180403258 -5.9174676777 -5.9151719465 -5.9123747975 -5.9090982708 -5.9089136322 -5.9068357728 -5.9065541804 -5.9023747559 -5.9003775575 -5.8971751665 -5.8950696918 -5.8945443034 -5.8908172532 -5.8884683431 -5.8850967583 -5.8850341900 -5.8832253099 -5.8819704246 -5.8774064450 -5.8730618907 -5.8721103158 -5.8659893638 -5.8651245210 -5.8574048616 -5.8571443339 -5.8556580644 -5.8544478853 -5.8540398864 -5.8458521225 -5.8411126308 -5.8401239143 -5.8385535633 -5.8336847059 -5.8221832047 -5.8173908595 -5.8170495668 -5.8148382180 -5.8125526398 -5.8109931995 -5.8070105102 -5.8050308104 -5.8038428244 -5.7983885545 -5.7910466966 -5.7885744667 -5.7883739788 -5.7820098319 -5.7776999233 -5.7771087970 -5.7752627215 -5.7730054877 -5.7713675719 -5.7665994866 -5.7612253227 -5.7558321019 -5.7540023504 -5.7489581501 -5.7390877224 -5.7354447629 -5.7293153518 -5.7210941409 -5.7205024856 -5.7184647640 -5.7088982686 -5.6991255039 -5.6525681174 -5.6524616943
-6.1069361180 -6.1065498954 -6.0988973299 -6.0987038809 -6.0916652473 -6.0904838699 -6.0847382894 -6.0845436155 -6.0833339313 -6.0830254104 -6.0665211642 -6.0660265109 -6.0657016633 -6.0653452173 -6.0569692269 -6.0568988216 -6.0521809500 -6.0518380424 -6.0438412451 -6.0426369874 -6.0410703659 -6.0405713858 -6.0402974145 -6.0397927956 -6.0292927151 -6.0270550131 -6.0218767007 -6.0210991647 -6.0169215531 -6.0160976936 -5.9850118779 -5.9847729138 -5.9806272402 -5.9793514201 -5.9689024266 -5.9657546020 -5.9644899016 -5.9615946104 -5.9544603589 -5.9542048478 -5.9513642794 -5.9499618177 -5.9486143857 -5.9443749243 -5.9398691422 -5.9396341464 -5.9338278372 -5.9332935391 -5.9310447129 -5.9288708479 -5.9272766907 -5.9268488726 -5.9261525408 -5.9231696454 -5.9206531215 -5.9195691337 -5.9179378135 -5.9168660033 -5.9134045562 -5.9108555644 -5.9096926617 -5.9086926998 -5.9067575328 -5.9060337503 -5.9014733883 -5.8993895981 -5.8973739684 -5.8948787225 -5.8927829357 -5.8897616343 -5.8875453550 -5.8864657562 -5.8843746457 -5.8831459451 -5.8830095529 -5.8752199488 -5.8737077273 -5.8727077175 -5.8645260028 -5.8641117686 -5.8595311515 -5.8583856164 -5.8550824174 -5.8536997597 -5.8534472448 -5.8446668223 -5.8426976040 -5.8416841422 -5.8401551035 -5.8360285294 -5.8228273668 -5.8172467812 -5.8169260558 -5.8146043289 -5.8120885602 -5.8115008058 -5.8082334312 -5.8036628093 -5.8035449542 -5.7989326937 -5.7906040200 -5.7894345602 -5.7884105422 -5.7828016664 -5.7787352151 -5.7776785948 -5.7743163964 -5.7735427510 -5.7721696354 -5.7667688296 -5.7614854623 -5.7554167950 -5.7547270307 -5.7489704604 -5.7378282832 -5.7345412102 -5.7284204774 -5.7217734575 -5.7211364058 -5.7180093973 -5.7068319099 -5.6974145087 -5.6537672344 -5.6536142284
-6.1104406307 -6.1100266795 -6.1018844845 -6.1016835055 -6.0951002062 -6.0937657129 -6.0878342751 -6.0876172921 -6.0848018157 -6.0845783977 -6.0677154792 -6.0672606183 -6.0645944053 -6.0642338885 -6.0557247276 -6.0556606114 -6.0511533181 -6.0507756526 -6.0452016786 -6.0440588313 -6.0408891582 -6.0398495466 -6.0391438642 -6.0388416884 -6.0262907489 -6.0241765346 -6.0237074401 -6.0230628584 -6.0183271772 -6.0175537852 -5.9831218864 -5.9828879678 -5.9781526511 -5.9769749464 -5.9714956800 -5.9683711057 -5.9603574433 -5.9577322239 -5.9565621850 -5.9563902325 -5.9534445348 -5.9519969891 -5.9508592383 -5.9466708076 -5.9412335271 -5.9409205459 -5.9346893869 -5.9343250569 -5.9329655520 -5.9302236413 -5.9276265381 -5.9262814823 -5.9261321852 -5.9248397208 -5.9222143412 -5.9214632298 -5.9162273956 -5.9155376876 -5.9119280130 -5.9105044819 -5.9102689144 -5.9081617821 -5.9059289791 -5.9051870708 -5.9004601983 -5.8995107840 -5.8983637560 -5.8928112861 -5.8912817154 -5.8888884754 -5.8887110874 -5.8856611792 -5.8850840354 -5.8838252598 -5.8815353990 -5.8743749573 -5.8739052430 -5.8723818187 -5.8644667181 -5.8633455698 -5.8615313875 -5.8607888001 -5.8535906284 -5.8523482165 -5.8521295117 -5.8452054838 -5.8443925988 -5.8430262330 -5.8398617066 -5.8383810054 -5.8237260406 -5.8175533189 -5.8169841264 -5.8142758744 -5.8120320181 -5.8118758993 -5.8091355622 -5.8033985080 -5.8023786950 -5.7995986092 -5.7910634993 -5.7893306409 -5.7885124497 -5.7838684745 -5.7799249872 -5.7786347009 -5.7740518181 -5.7731844949 -5.7726093828 -5.7669847696 -5.7613543913 -5.7554840460 -5.7552981272 -5.7487026694 -5.7366611940 -5.7338843765 -5.7274439562 -5.7224603664 -5.7217760249 -5.7176522988 -5.7045273713 -5.6956578532 -5.6550938332 -5.6548810743
-6.1139764236 -6.1135312061 -6.1049378323 -6.1047294381 -6.0985851373 -6.0971481259 -6.0910371567 -6.0908103708 -6.0862155348 -6.0860552126 -6.0689282629 -6.0685208778 -6.0634813882 -6.0631274488 -6.0545869394 -6.0545284920 -6.0501932423 -6.0497718891 -6.0493748574 -6.0482002283 -6.0384238643 -6.0382410875 -6.0374407572 -6.0362532868 -6.0256861215 -6.0250055689 -6.0232561635 -6.0211296724 -6.0196516817 -6.0189431968 -5.9812545832 -5.9810263794 -5.9757240341 -5.9748793615 -5.9738648594 -5.9710052090 -5.9589695680 -5.9587252186 -5.9562305262 -5.9557423305 -5.9540513401 -5.9538197756 -5.9528020418 -5.9490809374 -5.9425840891 -5.9422194894 -5.9360144781 -5.9354727555 -5.9346747989 -5.9317020977 -5.9288915742 -5.9272229214 -5.9256481905 -5.9251841270 -5.9235109292 -5.9231571410 -5.9146083070 -5.9143876894 -5.9119860443 -5.9112262258 -5.9092341270 -5.9067668729 -5.9049946495 -5.9042403731 -5.9017905668 -5.8991570904 -5.8972896504 -5.8913822756 -5.8908818339 -5.8895146410 -5.8876447929 -5.8858336111 -5.8848595283 -5.8837789801 -5.8798355289 -5.8750208189 -5.8743581166 -5.8703439067 -5.8667533095 -5.8657149780 -5.8612610885 -5.8601733189 -5.8529658375 -5.8510613746 -5.8505133788 -5.8468357488 -5.8460386168 -5.8440146121 -5.8405896288 -5.8382276121 -5.8247961957 -5.8180538334 -5.8174878194 -5.8141061082 -5.8123843952 -5.8122751302 -5.8093108280 -5.8035024920 -5.8014349324 -5.8001282414 -5.7919190520 -5.7888926443 -5.7886961080 -5.7850048673 -5.7809578343 -5.7798032810 -5.7747238358 -5.7726441319 -5.7723253994 -5.7671933616 -5.7608478658 -5.7561770844 -5.7554997334 -5.7481384178 -5.7356100754 -5.7334992078 -5.7264962056 -5.7231178279 -5.7223467696 -5.7173581755 -5.7020705775 -5.6938598414 -5.6565420570 -5.6562543941
-6.1175395572 -6.1170606086 -6.1080511674 -6.1078354228 -6.1021098996 -6.1006008945 -6.0943152665 -6.0940798187 -6.0876218992 -6.0875051637 -6.0701572423 -6.0697960975 -6.0623750750 -6.0620254345 -6.0537760789 -6.0535272497 -6.0534039049 -6.0523646846 -6.0491961537 -6.0487709947 -6.0372081991 -6.0371622658 -6.0345994774 -6.0332433418 -6.0274823592 -6.0268231796 -6.0210420788 -6.0205925917 -6.0199716841 -6.0180997474 -5.9794259118 -5.9792015384 -5.9768482878 -5.9738536393 -5.9731533403 -5.9722246305 -5.9614390228 -5.9609860740 -5.9578799433 -5.9562052237 -5.9555339005 -5.9520804948 -5.9515632723 -5.9495420742 -5.9439248188 -5.9435268421 -5.9379175924 -5.9367396167 -5.9359974753 -5.9333204709 -5.9301923235 -5.9290171327 -5.9263853435 -5.9258979679 -5.9237136593 -5.9235565706 -5.9142205839 -5.9135512552 -5.9119257723 -5.9116851245 -5.9075241639 -5.9053984911 -5.9045432366 -5.9033564278 -5.9032172619 -5.8978085139 -5.8961731302 -5.8933887365 -5.8893328209 -5.8885680151 -5.8871577271 -5.8857545719 -5.8854149502 -5.8821058872 -5.8782553830 -5.8756408736 -5.8750669673 -5.8694142791 -5.8693709904 -5.8678907241 -5.8599960054 -5.8591921420 -5.8531175191 -5.8510403696 -5.8486330366 -5.8485151580 -5.8466839588 -5.8449196710 -5.8421076095 -5.8362951213 -5.8259826324 -5.8187842817 -5.8182961040 -5.8144223197 -5.8132767529 -5.8121656006 -5.8089488967 -5.8041441339 -5.8009070230 -5.8002585932 -5.7926130660 -5.7897710740 -5.7880366794 -5.7859671386 -5.7817871789 -5.7810301307 -5.7754471911 -5.7724690055 -5.7718959135 -5.7673083062 -5.7602123979 -5.7565931541 -5.7559421878 -5.7473400818 -5.7346955802 -5.7334075324 -5.7257921075 -5.7237116711 -5.7226616407 -5.7171128936 -5.6995224817 -5.6920262339 -5.6581044248 -5.6577247561
-6.1211269861 -6.1206126668 -6.1112185609 -6.1109955011 -6.1056683983 -6.1041070880 -6.0976557802 -6.0974118648 -6.0890333603 -6.0889488668 -6.0714048976 -6.0710929243 -6.0612726868 -6.0609248061 -6.0578716060 -6.0565276157 -6.0526359117 -6.0525954665 -6.0482551459 -6.0478062620 -6.0362866142 -6.0362589189 -6.0315879693 -6.0301924255 -6.0292143990 -6.0285830021 -6.0222883210 -6.0216267983 -6.0172510886 -6.0151739296 -5.9795971683 -5.9775682355 -5.9773574084 -5.9763857808 -5.9709901325 -5.9700398212 -5.9639816700 -5.9632881531 -5.9601407994 -5.9583097022 -5.9578065287 -5.9541582715 -5.9479922591 -5.9458186067 -5.9452293080 -5.9447414711 -5.9400806819 -5.9381287822 -5.9372123044 -5.9350998938 -5.9315087948 -5.9307840558 -5.9279520158 -5.9275866238 -5.9232020287 -5.9228916867 -5.9151075285 -5.9140774119 -5.9110004808 -5.9108095614 -5.9066557084 -5.9058780058 -5.9038266988 -5.9025674665 -5.9020628756 -5.8963365131 -5.8956740338 -5.8949007258 -5.8885824715 -5.8877347741 -5.8876053120 -5.8860609599 -5.8841120196 -5.8802219775 -5.8776125746 -5.8760595261 -5.8756498219 -5.8724286017 -5.8717020221 -5.8657771257 -5.8590219891 -5.8584318359 -5.8537066782 -5.8528100186 -5.8495697301 -5.8472331698 -5.8460625819 -5.8459193281 -5.8421418411 -5.8343064776 -5.8272496325 -5.8197389476 -5.8193135176 -5.8150826739 -5.8143126587 -5.8117919823 -5.8084427743 -5.8052587186 -5.8008808346 -5.8000495858 -5.7930027894 -5.7911695486 -5.7875157351 -5.7867285777 -5.7823987603 -5.7821459090 -5.7761311384 -5.7722266840 -5.7718561349 -5.7673104441 -5.7600141065 -5.7565424624 -5.7562422722 -5.7463914249 -5.7339455811 -5.7336161317 -5.7256346824 -5.7242163653 -5.7224307044 -5.7169166954 -5.6969287200 -5.6901655948 -5.6597710142 -5.6592805715
-6.1247362860 -6.1241855999 -6.1144341382 -6.1142037845 -6.1092565777 -6.1076564566 -6.1010496061 -6.1007972962 -6.0904561506 -6.0903975454 -6.0726746190 -6.0724220930 -6.0621021054 -6.0606981131 -6.0601513177 -6.0598048051 -6.0518456055 -6.0518120814 -6.0473200958 -6.0468486167 -6.0355187309 -6.0355023379 -6.0308884450 -6.0302774230 -6.0285494355 -6.0271314728 -6.0234986573 -6.0228559973 -6.0142951326 -6.0122545825 -5.9822491588 -5.9791077008 -5.9758062052 -5.9756070066 -5.9688495685 -5.9680911908 -5.9665443252 -5.9655293378 -5.9624490751 -5.9603677234 -5.9600415424 -5.9567881888 -5.9467147408 -5.9462692024 -5.9437709200 -5.9423698124 -5.9419188136 -5.9396573566 -5.9383647767 -5.9370221251 -5.9328443029 -5.9324529213 -5.9296715965 -5.9294200583 -5.9225598956 -5.9221022567 -5.9162740435 -5.9151741791 -5.9099439129 -5.9098047389 -5.9086447873 -5.9044978803 -5.9028886940 -5.9010699414 -5.9006644771 -5.8977958420 -5.8948015144 -5.8938119751 -5.8894441412 -5.8873340057 -5.8871224899 -5.8864486045 -5.8821027849 -5.8790403332 -5.8786142023 -5.8771054504 -5.8752764035 -5.8745927573 -5.8725831111 -5.8636143714 -5.8588065371 -5.8582445881 -5.8551809802 -5.8541731781 -5.8500306397 -5.8486521381 -5.8446676829 -5.8445315852 -5.8412485494 -5.8323356722 -5.8285703821 -5.8208803468 -5.8204760714 -5.8159028043 -5.8153541204 -5.8114057748 -5.8079646761 -5.8066391215 -5.8013289039 -5.7997043955 -5.7930901897 -5.7928803507 -5.7874682436 -5.7874007227 -5.7829287940 -5.7827435681 -5.7767328886 -5.7720823487 -5.7719516855 -5.7672676252 -5.7604527871 -5.7572276079 -5.7550202949 -5.7453639603 -5.7341251573 -5.7333815297 -5.7259447111 -5.7246257068 -5.7217243258 -5.7167776205 -5.6943269545 -5.6882912577 -5.6615279225 -5.6609071233
-6.1283654715 -6.1277779317 -6.1176919427 -6.1174543145 -6.1128715133 -6.1112423265 -6.1044888876 -6.1042282539 -6.0918944157 -6.0918580923 -6.0739718726 -6.0738058862 -6.0662875806 -6.0648357632 -6.0590459126 -6.0587007791 -6.0511769867 -6.0511509681 -6.0463868802 -6.0458934909 -6.0349132986 -6.0348969965 -6.0324690930 -6.0318766430 -6.0255336216 -6.0246558973 -6.0241785287 -6.0239448762 -6.0113483632 -6.0093529406 -5.9849499940 -5.9818351547 -5.9741062169 -5.9739215161 -5.9692766766 -5.9683768425 -5.9670151884 -5.9660050694 -5.9646353996 -5.9621377368 -5.9620075654 -5.9594645199 -5.9480381599 -5.9476273875 -5.9446486828 -5.9413633688 -5.9403832908 -5.9397513916 -5.9390087231 -5.9375707902 -5.9342041757 -5.9340402510 -5.9314208207 -5.9312688436 -5.9219018930 -5.9212739577 -5.9175214965 -5.9164003935 -5.9113036035 -5.9089301382 -5.9083115816 -5.9034816372 -5.9021828416 -5.9001196765 -5.8992780636 -5.8988161071 -5.8932954566 -5.8927337688 -5.8909079630 -5.8881733225 -5.8864865354 -5.8859113722 -5.8810674583 -5.8808369604 -5.8793743542 -5.8760716400 -5.8759347560 -5.8753629405 -5.8714407048 -5.8617701550 -5.8593581991 -5.8589417103 -5.8574860101 -5.8545838478 -5.8498251656 -5.8497508758 -5.8431347342 -5.8427951921 -5.8399753330 -5.8304300819 -5.8299177553 -5.8221552733 -5.8217315061 -5.8168245596 -5.8163923167 -5.8110949019 -5.8081591289 -5.8076102760 -5.8020809815 -5.7993624955 -5.7947278424 -5.7929928931 -5.7882623914 -5.7879693718 -5.7830695893 -5.7829242488 -5.7772175501 -5.7724074909 -5.7716913946 -5.7672659341 -5.7611609295 -5.7579553944 -5.7533589057 -5.7443204996 -5.7348662008 -5.7330744527 -5.7263728135 -5.7249547640 -5.7208599274 -5.7167072766 -5.6917524143 -5.6864246809 -5.6633541895 -5.6625847934
-6.1320128722 -6.1313884004 -6.1209858529 -6.1207409777 -6.1165109551 -6.1148600653 -6.1079662755 -6.1076974067 -6.0933527093 -6.0933338843 -6.0753303610 -6.0752890451 -6.0703797054 -6.0689694812 -6.0579229229 -6.0575768164 -6.0506342374 -6.0506159778 -6.0454513158 -6.0449367824 -6.0346364790 -6.0345615219 -6.0337933418 -6.0332769617 -6.0257902092 -6.0251952188 -6.0224957714 -6.0210336856 -6.0084175713 -6.0064717845 -5.9876723801 -5.9845862524 -5.9726563217 -5.9724877330 -5.9716969016 -5.9705709767 -5.9677940291 -5.9661954877 -5.9657775497 -5.9627927328 -5.9623039741 -5.9620025561 -5.9493914787 -5.9490294824 -5.9469639804 -5.9432681420 -5.9416237229 -5.9410029688 -5.9357668328 -5.9356836627 -5.9355851746 -5.9342445424 -5.9331091981 -5.9329707192 -5.9212387737 -5.9204138534 -5.9187894991 -5.9177077397 -5.9135013525 -5.9080566000 -5.9074114742 -5.9030970485 -5.9018982109 -5.9015902607 -5.8973545466 -5.8969589307 -5.8930923773 -5.8919053750 -5.8916139151 -5.8897526659 -5.8858651661 -5.8851699848 -5.8832304697 -5.8822646327 -5.8774650174 -5.8768830510 -5.8766348776 -5.8734536061 -5.8697944621 -5.8618741599 -5.8608340849 -5.8591074609 -5.8587465376 -5.8556738958 -5.8496170813 -5.8489275728 -5.8416009874 -5.8411491073 -5.8385204476 -5.8312516814 -5.8286557856 -5.8235084732 -5.8230142617 -5.8178271813 -5.8174403004 -5.8109785026 -5.8096471195 -5.8075165550 -5.8029017027 -5.7991508690 -5.7965707438 -5.7928615773 -5.7890990263 -5.7890516457 -5.7830243988 -5.7827335725 -5.7775409594 -5.7727707983 -5.7714240190 -5.7673738781 -5.7619016524 -5.7586953546 -5.7515291455 -5.7433381826 -5.7357598904 -5.7330663428 -5.7267118152 -5.7252315890 -5.7200032416 -5.7167183591 -5.6892435265 -5.6846021389 -5.6652152036 -5.6642856308
-6.1356770476 -6.1350158969 -6.1243095368 -6.1240574587 -6.1201730754 -6.1185062742 -6.1114746375 -6.1111976417 -6.0948433351 -6.0948190983 -6.0772262657 -6.0767154530 -6.0740924603 -6.0730491877 -6.0567850947 -6.0564374279 -6.0502203460 -6.0502099445 -6.0445106367 -6.0439760892 -6.0356716884 -6.0352645312 -6.0338640188 -6.0337219964 -6.0268621248 -6.0262915144 -6.0194873978 -6.0180090990 -6.0055048236 -6.0036126191 -5.9904124989 -5.9873582575 -5.9747214018 -5.9734163545 -5.9711855363 -5.9706521634 -5.9698574819 -5.9678463815 -5.9674421946 -5.9649425956 -5.9613996366 -5.9606593386 -5.9507357699 -5.9505168909 -5.9492115497 -5.9453862513 -5.9431316026 -5.9428973483 -5.9371904536 -5.9371387883 -5.9350271078 -5.9349371485 -5.9316811540 -5.9305578037 -5.9205760115 -5.9202891892 -5.9192474503 -5.9190946582 -5.9156666213 -5.9073336863 -5.9066580715 -5.9047977243 -5.9018099712 -5.9010701951 -5.8958013499 -5.8951013550 -5.8950351825 -5.8927503612 -5.8906351137 -5.8904021902 -5.8853104365 -5.8851455467 -5.8836837074 -5.8835436924 -5.8777891467 -5.8774710194 -5.8751651419 -5.8713958427 -5.8682001394 -5.8634481067 -5.8631943955 -5.8602870651 -5.8584256666 -5.8558511125 -5.8485420799 -5.8477592443 -5.8400896384 -5.8397527073 -5.8369818733 -5.8324849862 -5.8272173955 -5.8248840866 -5.8241336751 -5.8188959961 -5.8185073982 -5.8118280336 -5.8103099290 -5.8078253169 -5.8035567300 -5.7994948893 -5.7979931586 -5.7928488183 -5.7902899689 -5.7899061985 -5.7830169195 -5.7823616350 -5.7776468131 -5.7731265334 -5.7711489135 -5.7676430499 -5.7625591510 -5.7594288411 -5.7496535139 -5.7425582959 -5.7366429876 -5.7333742266 -5.7268807660 -5.7254855615 -5.7192204078 -5.7168232575 -5.6868502884 -5.6828897066 -5.6670476380 -5.6659663221
-6.1393567272 -6.1386594221 -6.1276564340 -6.1273972213 -6.1238563192 -6.1221783363 -6.1150069151 -6.1147219182 -6.0963687497 -6.0963174871 -6.0802555059 -6.0785127481 -6.0767814878 -6.0766929978 -6.0556289864 -6.0552794306 -6.0499381160 -6.0499351519 -6.0435649098 -6.0430124428 -6.0370483795 -6.0365976447 -6.0336717301 -6.0335973899 -6.0278892668 -6.0273444780 -6.0164899221 -6.0149992344 -6.0026113700 -6.0007765450 -5.9931687840 -5.9901501076 -5.9774393390 -5.9758817956 -5.9729922612 -5.9705795156 -5.9703741714 -5.9686694561 -5.9683540740 -5.9676473320 -5.9596391432 -5.9590261122 -5.9523593876 -5.9519955912 -5.9511105713 -5.9476591705 -5.9447803558 -5.9446479784 -5.9388510345 -5.9387421606 -5.9367068336 -5.9365534422 -5.9278669587 -5.9273790337 -5.9215892155 -5.9207669003 -5.9197462756 -5.9180989623 -5.9176811767 -5.9073079134 -5.9064517790 -5.9060719052 -5.9013493399 -5.9005915646 -5.8984347324 -5.8963934279 -5.8933395065 -5.8925160301 -5.8903032163 -5.8893272604 -5.8858599932 -5.8854751333 -5.8835913350 -5.8825722888 -5.8786396541 -5.8783472314 -5.8730558436 -5.8695337390 -5.8672088199 -5.8653136060 -5.8651532325 -5.8610471993 -5.8599287441 -5.8540391382 -5.8471416944 -5.8464390538 -5.8388416817 -5.8386211591 -5.8355160674 -5.8333538054 -5.8269801564 -5.8262169786 -5.8242578513 -5.8200084798 -5.8195915483 -5.8134622955 -5.8102870199 -5.8086017275 -5.8039403270 -5.8010118535 -5.7983915395 -5.7932385915 -5.7912694974 -5.7906225267 -5.7829854981 -5.7821213762 -5.7774938651 -5.7734654373 -5.7708537734 -5.7680979474 -5.7630681386 -5.7601447043 -5.7478040382 -5.7422688385 -5.7372088836 -5.7339504385 -5.7268882520 -5.7257391114 -5.7185412904 -5.7170332904 -5.6846500848 -5.6814180234 -5.6687244570 -5.6675532556
-6.1430507671 -6.1423180556 -6.1310197582 -6.1307535107 -6.1275593081 -6.1258741483 -6.1185560438 -6.1182631877 -6.0979278631 -6.0978374238 -6.0841494557 -6.0818721823 -6.0789530896 -6.0784679051 -6.0544510683 -6.0540996815 -6.0497947639 -6.0497886379 -6.0426221931 -6.0420582555 -6.0383760319 -6.0379343907 -6.0335887719 -6.0335282518 -6.0288696451 -6.0283533904 -6.0135055511 -6.0120062728 -5.9997395151 -5.9979648337 -5.9959388761 -5.9929606768 -5.9802025937 -5.9784519573 -5.9755993847 -5.9725573532 -5.9722634462 -5.9705832074 -5.9674177380 -5.9672797210 -5.9580275362 -5.9576478036 -5.9545836249 -5.9531311407 -5.9524805507 -5.9499830489 -5.9464947223 -5.9462738550 -5.9406192083 -5.9404558664 -5.9383120736 -5.9380917596 -5.9246435818 -5.9243016176 -5.9229592443 -5.9224882859 -5.9198266227 -5.9185488720 -5.9165226051 -5.9094292311 -5.9061637981 -5.9056759017 -5.9016178209 -5.9010713931 -5.9001407960 -5.8996806319 -5.8916585163 -5.8907966232 -5.8898682796 -5.8883651986 -5.8863686202 -5.8862063251 -5.8825672702 -5.8811717209 -5.8795332007 -5.8792904364 -5.8715496921 -5.8683888402 -5.8678594310 -5.8668671445 -5.8659184590 -5.8610771317 -5.8608115049 -5.8519740846 -5.8456306455 -5.8450638432 -5.8387213698 -5.8372788073 -5.8347792161 -5.8329999776 -5.8280265801 -5.8274161899 -5.8233942149 -5.8210858193 -5.8206764584 -5.8151981058 -5.8102085900 -5.8097173422 -5.8041634037 -5.8028662478 -5.7986009458 -5.7942622546 -5.7916841410 -5.7911991200 -5.7829484599 -5.7820806490 -5.7771065174 -5.7738026546 -5.7705226656 -5.7687128655 -5.7634107387 -5.7608368088 -5.7460402345 -5.7427758633 -5.7371407445 -5.7347011283 -5.7267888782 -5.7260041576 -5.7179805835 -5.7173582483 -5.6827787171 -5.6804475927 -5.6699892839 -5.6689121259
-6.1467581195 -6.1459909347 -6.1343925183 -6.1341193751 -6.1312807720 -6.1295919542 -6.1221149023 -6.1218143446 -6.0995290043 -6.0993813480 -6.0882692603 -6.0859107556 -6.0804804040 -6.0800144692 -6.0532483696 -6.0528961015 -6.0497880734 -6.0497747301 -6.0417291154 -6.0412054708 -6.0395398098 -6.0391672357 -6.0336382011 -6.0335783950 -6.0298011973 -6.0293176154 -6.0105351305 -6.0090314453 -5.9987405385 -5.9968717069 -5.9958049570 -5.9951624691 -5.9829965098 -5.9810725485 -5.9783002155 -5.9747622598 -5.9744399408 -5.9733825834 -5.9662215094 -5.9661041655 -5.9573214174 -5.9569861403 -5.9565321872 -5.9540429152 -5.9533535521 -5.9520673917 -5.9480613613 -5.9478281561 -5.9424626965 -5.9422471929 -5.9398270058 -5.9395602094 -5.9245399202 -5.9244592560 -5.9224042275 -5.9215877278 -5.9211670197 -5.9170914767 -5.9144644254 -5.9117115257 -5.9059561595 -5.9058424021 -5.9046056573 -5.9035901801 -5.9003033928 -5.8996984565 -5.8906206187 -5.8904668650 -5.8883213888 -5.8876635909 -5.8865786793 -5.8864451006 -5.8813669519 -5.8806818924 -5.8803140119 -5.8793066916 -5.8722018709 -5.8693066486 -5.8676511511 -5.8674348354 -5.8663419454 -5.8609143755 -5.8594980718 -5.8499027353 -5.8441072904 -5.8436927015 -5.8394606606 -5.8361184877 -5.8347462206 -5.8316223312 -5.8293023670 -5.8283032759 -5.8231436695 -5.8217377551 -5.8215962996 -5.8169120997 -5.8110081722 -5.8101087052 -5.8047230450 -5.8043942881 -5.7989187318 -5.7955547958 -5.7918290294 -5.7916221519 -5.7829188323 -5.7822064607 -5.7765716571 -5.7741756675 -5.7701409664 -5.7694089261 -5.7636081539 -5.7615016993 -5.7444337714 -5.7439608800 -5.7365561032 -5.7355132508 -5.7266371575 -5.7262804111 -5.7178066542 -5.7175445449 -5.6814730801 -5.6803672551 -5.6704575264 -5.6698057787
-6.1473211052 -6.1454476750 -6.1360110155 -6.1325020665 -6.1317536840 -6.1291294904 -6.1236659309 -6.1202518803 -6.1007560476 -6.0981821195 -6.0882753983 -6.0858875822 -6.0814712879 -6.0790316725 -6.0551762447 -6.0512738157 -6.0509802767 -6.0482902929 -6.0436205986 -6.0415634716 -6.0393038525 -6.0371887614 -6.0350797758 -6.0321613147 -6.0318479204 -6.0272548987 -6.0105680907 -6.0090206303 -5.9987634192 -5.9968992951 -5.9958140600 -5.9951598549 -5.9830212453 -5.9811489161 -5.9783005328 -5.9757651222 -5.9735426186 -5.9732021432 -5.9679760845 -5.9643374760 -5.9586733293 -5.9570928445 -5.9554212538 -5.9548523971 -5.9529801589 -5.9514097200 -5.9494408637 -5.9463843318 -5.9436206017 -5.9411124624 -5.9408002733 -5.9385120110 -5.9249901215 -5.9241680366 -5.9229429680 -5.9213449789 -5.9209036998 -5.9171523123 -5.9142458952 -5.9117028256 -5.9068392969 -5.9053496056 -5.9043101648 -5.9035329068 -5.9011449270 -5.8988491609 -5.8915657031 -5.8898106600 -5.8887334723 -5.8877533883 -5.8867483925 -5.8856469004 -5.8819516074 -5.8814136641 -5.8793349154 -5.8789496948 -5.8726545587 -5.8696573196 -5.8679987957 -5.8668018701 -5.8658630291 -5.8613581527 -5.8590065018 -5.8499045832 -5.8446170934 -5.8431925012 -5.8395589391 -5.8362544355 -5.8345586172 -5.8316259661 -5.8293157387 -5.8282820579 -5.8235403023 -5.8217666525 -5.8211504153 -5.8169335745 -5.8112925898 -5.8098972896 -5.8049557542 -5.8042334748 -5.7989470045 -5.7955080289 -5.7927280588 -5.7907065160 -5.7834774315 -5.7816625962 -5.7767834188 -5.7739989735 -5.7703124896 -5.7692083231 -5.7636276672 -5.7614180233 -5.7444568263 -5.7439790019 -5.7366384586 -5.7354990978 -5.7267809372 -5.7263874888 -5.7181965697 -5.7168104267 -5.6814891349 -5.6803766058 -5.6705208594 -5.6697797365
-6.1481295087 -6.1446985571 -6.1376234841 -6.1326329928 -6.1308383866 -6.1283446314 -6.1252173621 -6.1186675670 -6.1020990633 -6.0969231505 -6.0882888446 -6.0858336775 -6.0827020321 -6.0778150413 -6.0574360213 -6.0527518495 -6.0487776555 -6.0468041924 -6.0458670025 -6.0436564198 -6.0371118346 -6.0365710694 -6.0351577320 -6.0339828488 -6.0307196851 -6.0250761180 -6.0106882316 -6.0089695051 -5.9988246582 -5.9969910511 -5.9958419974 -5.9951438215 -5.9830901379 -5.9813548982 -5.9783233202 -5.9767529663 -5.9733390471 -5.9722116688 -5.9698263534 -5.9624542703 -5.9603831769 -5.9573806869 -5.9565968217 -5.9534299098 -5.9528979389 -5.9510954473 -5.9497511339 -5.9450403806 -5.9446282659 -5.9420290104 -5.9397809596 -5.9373100337 -5.9256629338 -5.9240926627 -5.9238505485 -5.9209232600 -5.9204346230 -5.9172971316 -5.9136056043 -5.9116707921 -5.9078933433 -5.9052676137 -5.9039516102 -5.9031003897 -5.9022156635 -5.8976820310 -5.8926555692 -5.8900749594 -5.8891961026 -5.8876280655 -5.8865223330 -5.8848165635 -5.8828044706 -5.8821856222 -5.8783882382 -5.8780966349 -5.8736155294 -5.8706420969 -5.8678500560 -5.8661520001 -5.8648242952 -5.8620959605 -5.8581064891 -5.8499065976 -5.8453666380 -5.8424815907 -5.8398276584 -5.8365476896 -5.8341280434 -5.8316287588 -5.8293430400 -5.8282282486 -5.8242172797 -5.8217371007 -5.8204576966 -5.8170013777 -5.8118096048 -5.8096174191 -5.8053230285 -5.8040481730 -5.7990341621 -5.7954943555 -5.7935098706 -5.7897419228 -5.7843029183 -5.7809215265 -5.7773054591 -5.7735821535 -5.7705360867 -5.7688416922 -5.7636608214 -5.7612091229 -5.7445262020 -5.7440326045 -5.7368643739 -5.7354755381 -5.7272114787 -5.7266669380 -5.7183122658 -5.7157073961 -5.6815353830 -5.6804073100 -5.6706923539 -5.6697188340
-6.1489798875 -6.1439487567 -6.1392264224 -6.1335804091 -6.1291946401 -6.1275731462 -6.1266936622 -6.1170754581 -6.1034677860 -6.0956952158 -6.0883218361 -6.0858015092 -6.0838569331 -6.0766147330 -6.0597106786 -6.0542309142 -6.0481782398 -6.0465787243 -6.0457663585 -6.0452841580 -6.0381538917 -6.0361102706 -6.0349047768 -6.0330929078 -6.0292836899 -6.0229040037 -6.0108803237 -6.0088928318 -5.9989239878 -5.9971412407 -5.9958895389 -5.9951193751 -5.9832081080 -5.9816868019 -5.9784589331 -5.9775778208 -5.9732161940 -5.9716589589 -5.9710834700 -5.9621280303 -5.9605460762 -5.9584751215 -5.9573393077 -5.9533937215 -5.9522453207 -5.9513862961 -5.9483723077 -5.9459061860 -5.9434556066 -5.9431005752 -5.9384988083 -5.9360799225 -5.9264456136 -5.9252449111 -5.9237630398 -5.9204470082 -5.9200521026 -5.9174293519 -5.9126986914 -5.9116122537 -5.9089683459 -5.9053399433 -5.9040972728 -5.9033893643 -5.9019385382 -5.8965169580 -5.8937724348 -5.8911283693 -5.8895495876 -5.8874662217 -5.8859767644 -5.8849146842 -5.8830612317 -5.8826210296 -5.8776961493 -5.8770032337 -5.8747382843 -5.8718236170 -5.8676965041 -5.8654020728 -5.8637406302 -5.8625855381 -5.8571560224 -5.8499078917 -5.8461160131 -5.8418454974 -5.8401996339 -5.8368317413 -5.8336506163 -5.8316266086 -5.8293735139 -5.8281496114 -5.8249470048 -5.8216800965 -5.8197274268 -5.8170997808 -5.8123997252 -5.8094870616 -5.8056283357 -5.8039640787 -5.7991560244 -5.7959127487 -5.7936704749 -5.7888845908 -5.7851246165 -5.7803303629 -5.7778630589 -5.7731675176 -5.7706020199 -5.7684726957 -5.7636499063 -5.7609172270 -5.7446424800 -5.7441229824 -5.7372021069 -5.7354665133 -5.7279135265 -5.7270190096 -5.7180876921 -5.7144214343 -5.6816117333 -5.6804589115 -5.6709328765 -5.6696615479
-6.1498537898 -6.1432245222 -6.1408125520 -6.1345727913 -6.1283979190 -6.1275389854 -6.1265669653 -6.1154759512 -6.1048600898 -6.0945016982 -6.0884161804 -6.0860228593 -6.0846523026 -6.0754389825 -6.0619984024 -6.0557098126 -6.0504639567 -6.0478913983 -6.0444799437 -6.0437183783 -6.0398841228 -6.0380346008 -6.0327462010 -6.0310891760 -6.0278404630 -6.0207445453 -6.0111291960 -6.0088049461 -5.9990610406 -5.9973429420 -5.9959574578 -5.9950926259 -5.9833895626 -5.9821354437 -5.9789599051 -5.9779701940 -5.9735982952 -5.9729311764 -5.9699477184 -5.9638499560 -5.9600560328 -5.9586389021 -5.9577212699 -5.9545815412 -5.9523670301 -5.9498053548 -5.9471123963 -5.9467076709 -5.9443370540 -5.9419042619 -5.9371903808 -5.9348165783 -5.9273083353 -5.9265511066 -5.9236302286 -5.9201613227 -5.9196021860 -5.9175050508 -5.9117886376 -5.9114018068 -5.9100162777 -5.9055167603 -5.9049447717 -5.9036748049 -5.9008988715 -5.8954385198 -5.8948234763 -5.8922950728 -5.8900973021 -5.8876141666 -5.8858705813 -5.8852234537 -5.8836083830 -5.8817629988 -5.8772763391 -5.8762015284 -5.8754351734 -5.8730452439 -5.8676736890 -5.8648766173 -5.8631598054 -5.8620229885 -5.8562292240 -5.8499104770 -5.8468395416 -5.8415824459 -5.8403586819 -5.8370666170 -5.8332309348 -5.8315977769 -5.8293964849 -5.8280577908 -5.8256647824 -5.8216100948 -5.8190474783 -5.8171844466 -5.8130220850 -5.8096152876 -5.8057624673 -5.8040110111 -5.7993120202 -5.7966530742 -5.7933156144 -5.7881877452 -5.7858808711 -5.7801528451 -5.7781591131 -5.7728585857 -5.7704328641 -5.7681433158 -5.7635416149 -5.7605787079 -5.7448070404 -5.7442517933 -5.7376263032 -5.7354846395 -5.7288067236 -5.7273867744 -5.7176065595 -5.7130141876 -5.6817180821 -5.6805306163 -5.6712227072 -5.6696264639
-6.1507464740 -6.1427248524 -6.1421887504 -6.1355918375 -6.1299149207 -6.1258763471 -6.1257549165 -6.1138691852 -6.1062739451 -6.0933479279 -6.0887082883 -6.0866711440 -6.0847711455 -6.0742906405 -6.0642981665 -6.0571896604 -6.0527742588 -6.0500241409 -6.0426156530 -6.0419400646 -6.0418168219 -6.0397612057 -6.0306076099 -6.0291092375 -6.0263836866 -6.0186010024 -6.0114242378 -6.0087151412 -5.9992353819 -5.9975900543 -5.9960463854 -5.9950688537 -5.9836785599 -5.9826605681 -5.9796640615 -5.9780790900 -5.9753540765 -5.9727890866 -5.9687999615 -5.9655712133 -5.9616597914 -5.9581839198 -5.9567787474 -5.9559213437 -5.9524756514 -5.9481934967 -5.9477906552 -5.9456878615 -5.9451449296 -5.9404852242 -5.9358585080 -5.9335148089 -5.9282677750 -5.9278730008 -5.9234930362 -5.9201368941 -5.9190287881 -5.9175216093 -5.9117159253 -5.9110673247 -5.9102370534 -5.9062549101 -5.9055372279 -5.9037487616 -5.8998071529 -5.8960788032 -5.8941883761 -5.8934667114 -5.8907776147 -5.8881315288 -5.8869403347 -5.8847338984 -5.8836910065 -5.8807641289 -5.8778651200 -5.8760151558 -5.8747080519 -5.8741382575 -5.8678344089 -5.8647946664 -5.8624442063 -5.8608290645 -5.8553665248 -5.8499298229 -5.8474972624 -5.8420286564 -5.8399430589 -5.8372527768 -5.8329701086 -5.8314848868 -5.8294063367 -5.8279788795 -5.8263224339 -5.8215419663 -5.8185586861 -5.8171306196 -5.8136496548 -5.8100259849 -5.8056901607 -5.8042205997 -5.7995309001 -5.7973177274 -5.7928215481 -5.7877610200 -5.7864465039 -5.7805468943 -5.7780432370 -5.7726088365 -5.7700808463 -5.7678456117 -5.7633046156 -5.7602184937 -5.7450224927 -5.7444204222 -5.7381168855 -5.7355330978 -5.7298016849 -5.7277462136 -5.7169534754 -5.7115251347 -5.6818543339 -5.6806213001 -5.6715528640 -5.6696208896
-6.1516558209 -6.1440550448 -6.1417539947 -6.1366297458 -6.1314446545 -6.1249494218 -6.1242020997 -6.1122554732 -6.1077067208 -6.0922485243 -6.0894347039 -6.0871344647 -6.0845734403 -6.0731713190 -6.0666091458 -6.0586720723 -6.0550987198 -6.0521655371 -6.0439417697 -6.0413557218 -6.0410113389 -6.0398658273 -6.0284973216 -6.0271655758 -6.0249039210 -6.0164761022 -6.0117589225 -6.0086279043 -5.9994465443 -5.9978779674 -5.9961568300 -5.9950517245 -5.9841776718 -5.9831499737 -5.9803335297 -5.9781456534 -5.9771477274 -5.9725702518 -5.9676576111 -5.9672729335 -5.9632805190 -5.9587735276 -5.9573833857 -5.9547468595 -5.9527040692 -5.9487021697 -5.9466950010 -5.9462715447 -5.9438447671 -5.9391072507 -5.9345047888 -5.9321748144 -5.9294846388 -5.9290052325 -5.9233434027 -5.9202516829 -5.9184451192 -5.9174913578 -5.9124403967 -5.9112860185 -5.9090646753 -5.9073837935 -5.9057856663 -5.9038092967 -5.8987068393 -5.8971666755 -5.8947038794 -5.8930576080 -5.8915588414 -5.8889874597 -5.8879889592 -5.8847930204 -5.8830479852 -5.8802043907 -5.8786247745 -5.8757297912 -5.8753898127 -5.8733936922 -5.8682025838 -5.8647252419 -5.8614618423 -5.8595615359 -5.8546064721 -5.8500212786 -5.8480021581 -5.8427715536 -5.8393566785 -5.8373850497 -5.8329466155 -5.8312366496 -5.8294077062 -5.8279930569 -5.8268214434 -5.8214966037 -5.8184341690 -5.8167898407 -5.8142358522 -5.8106525895 -5.8054819391 -5.8046116762 -5.7998200049 -5.7977339754 -5.7923891980 -5.7877979947 -5.7865830092 -5.7812285986 -5.7778058012 -5.7723074951 -5.7696877873 -5.7675216001 -5.7629350981 -5.7598528816 -5.7452929597 -5.7446292511 -5.7386552972 -5.7356110467 -5.7308319910 -5.7280861214 -5.7161923289 -5.7099801639 -5.6820204164 -5.6807295424 -5.6719181802 -5.6696476800
-6.1525804956 -6.1456197623 -6.1411099199 -6.1376795981 -6.1329712681 -6.1241669635 -6.1225207304 -6.1106379370 -6.1091522893 -6.0913394826 -6.0904257829 -6.0872388994 -6.0842663638 -6.0720822020 -6.0689305376 -6.0601598828 -6.0574337616 -6.0543137885 -6.0461500225 -6.0428275399 -6.0394943566 -6.0377679716 -6.0264199262 -6.0252729057 -6.0233865585 -6.0143730578 -6.0121290642 -6.0085439573 -5.9996940564 -5.9982034465 -5.9962891894 -5.9950432642 -5.9849397634 -5.9835237487 -5.9809382726 -5.9789486500 -5.9781996896 -5.9723376353 -5.9689849262 -5.9664869647 -5.9648988743 -5.9597550585 -5.9583753574 -5.9532110291 -5.9527662640 -5.9493714282 -5.9476039493 -5.9446418348 -5.9423963930 -5.9377863565 -5.9331546244 -5.9309553672 -5.9307321812 -5.9299613373 -5.9231773530 -5.9204487624 -5.9179338563 -5.9173936733 -5.9134601920 -5.9112671894 -5.9087317021 -5.9076037722 -5.9060498005 -5.9038794795 -5.8982616803 -5.8975885350 -5.8958699524 -5.8924297179 -5.8920770988 -5.8900079854 -5.8890039436 -5.8849192251 -5.8823186813 -5.8810204598 -5.8782088424 -5.8767186248 -5.8749925360 -5.8723006254 -5.8687100027 -5.8644808938 -5.8604081081 -5.8582894377 -5.8539903683 -5.8502834348 -5.8482176009 -5.8436150085 -5.8388365165 -5.8374119498 -5.8331379225 -5.8308921783 -5.8294247055 -5.8282310942 -5.8270036903 -5.8215017565 -5.8185744169 -5.8163580535 -5.8146512807 -5.8114114753 -5.8054825303 -5.8049245953 -5.8001062312 -5.7979146017 -5.7921755095 -5.7880264988 -5.7864827258 -5.7819802718 -5.7776349276 -5.7718974637 -5.7693834971 -5.7670865524 -5.7624497845 -5.7594924161 -5.7456238792 -5.7448770319 -5.7392234908 -5.7357174811 -5.7318506367 -5.7284028644 -5.7153677458 -5.7083969913 -5.6822162797 -5.6808537081 -5.6723146215 -5.6697077771
-6.1535194570 -6.1471882069 -6.1405073229 -6.1387226508 -6.1344914309 -6.1234171549 -6.1208304596 -6.1106277139 -6.1089953670 -6.0920698815 -6.0900242617 -6.0871459986 -6.0838962316 -6.0712664131 -6.0710194277 -6.0616595604 -6.0597732513 -6.0564666976 -6.0484093283 -6.0442662690 -6.0379897186 -6.0356643257 -6.0243825393 -6.0234494400 -6.0218117346 -6.0125482465 -6.0122800943 -6.0084602264 -5.9999774579 -5.9985642891 -5.9964436983 -5.9950440711 -5.9858772747 -5.9838358518 -5.9814985898 -5.9807114975 -5.9782881782 -5.9721409688 -5.9706270117 -5.9665207150 -5.9653183322 -5.9611170087 -5.9590277370 -5.9538272228 -5.9509186884 -5.9500570174 -5.9483074279 -5.9429806979 -5.9409476891 -5.9365373467 -5.9326309521 -5.9315069923 -5.9309462324 -5.9293111840 -5.9229930822 -5.9206984196 -5.9176944223 -5.9170747299 -5.9144770695 -5.9113192324 -5.9097622142 -5.9064511079 -5.9062703749 -5.9039599718 -5.8992806936 -5.8971252311 -5.8964155053 -5.8933535187 -5.8918353839 -5.8906840959 -5.8897880797 -5.8850206672 -5.8825751158 -5.8814691237 -5.8783308020 -5.8768123751 -5.8744778615 -5.8712169990 -5.8692458696 -5.8640889644 -5.8593451816 -5.8570361257 -5.8535611784 -5.8507152560 -5.8481048533 -5.8445017336 -5.8385601777 -5.8371995028 -5.8334822666 -5.8305255115 -5.8295255084 -5.8285666996 -5.8269300166 -5.8215869356 -5.8188314674 -5.8162402077 -5.8146003000 -5.8122434955 -5.8062045393 -5.8046610148 -5.8003098566 -5.7979524005 -5.7922909339 -5.7880849020 -5.7864560641 -5.7827039347 -5.7775507875 -5.7713954162 -5.7692139696 -5.7665002805 -5.7618727251 -5.7591432692 -5.7460209074 -5.7451607215 -5.7398047914 -5.7358549709 -5.7328202354 -5.7286973549 -5.7145114095 -5.7067884672 -5.6824418670 -5.6809921070 -5.6727381698 -5.6698011232
-6.1544717857 -6.1487527410 -6.1402027779 -6.1395142137 -6.1360014861 -6.1227076887 -6.1191312304 -6.1120924258 -6.1073621480 -6.0934546294 -6.0891387430 -6.0869171991 -6.0834776696 -6.0736031500 -6.0699968373 -6.0631936032 -6.0620959343 -6.0586211052 -6.0506984441 -6.0456820350 -6.0364897858 -6.0335740001 -6.0224006435 -6.0217032196 -6.0201634490 -6.0129736130 -6.0102495563 -6.0083645979 -6.0002962850 -5.9989589983 -5.9966202959 -5.9950534935 -5.9869116031 -5.9841392511 -5.9824948883 -5.9819930947 -5.9783913640 -5.9726129244 -5.9715999271 -5.9681064702 -5.9641676752 -5.9626033686 -5.9595723524 -5.9546542260 -5.9510789122 -5.9489015691 -5.9486390996 -5.9413661591 -5.9394941398 -5.9354046059 -5.9339295311 -5.9320829509 -5.9300109164 -5.9278783918 -5.9227894674 -5.9209824896 -5.9177290732 -5.9166050226 -5.9153989360 -5.9117630006 -5.9104815725 -5.9067276605 -5.9051074460 -5.9040062336 -5.9002642025 -5.8981871357 -5.8955133640 -5.8942294083 -5.8928407629 -5.8914517035 -5.8893344386 -5.8851587921 -5.8838871178 -5.8813202294 -5.8790490208 -5.8760392867 -5.8739061770 -5.8702455503 -5.8696331423 -5.8635999396 -5.8582984100 -5.8558249615 -5.8533717099 -5.8511543756 -5.8477898010 -5.8453780036 -5.8385686050 -5.8367266072 -5.8339358745 -5.8302266235 -5.8297739626 -5.8287423245 -5.8267651775 -5.8217694663 -5.8191754810 -5.8164172761 -5.8141153622 -5.8130968440 -5.8071284005 -5.8043001695 -5.8004143676 -5.7979212288 -5.7927084433 -5.7879824463 -5.7865858624 -5.7833171552 -5.7775199299 -5.7708627160 -5.7691331083 -5.7657935289 -5.7612267281 -5.7588070958 -5.7464878420 -5.7454760074 -5.7403854542 -5.7360357292 -5.7337023837 -5.7289727570 -5.7136471250 -5.7051645613 -5.6826970455 -5.6811432602 -5.6731842033 -5.6699269952
-6.1554366110 -6.1503119143 -6.1410524778 -6.1392184851 -6.1374844642 -6.1220496891 -6.1174229380 -6.1135563509 -6.1057181288 -6.0949132850 -6.0883596453 -6.0865349233 -6.0830175987 -6.0759521067 -6.0690037156 -6.0649018153 -6.0642644728 -6.0607719900 -6.0530066656 -6.0470837863 -6.0349907508 -6.0315031108 -6.0205172261 -6.0199964964 -6.0184475736 -6.0134417407 -6.0084894759 -6.0080077879 -6.0006499746 -5.9993865202 -5.9968183490 -5.9950696744 -5.9880038669 -5.9845380530 -5.9841263823 -5.9825171051 -5.9785145407 -5.9741713063 -5.9715399237 -5.9696215193 -5.9641648723 -5.9629762794 -5.9600930085 -5.9555881249 -5.9521623585 -5.9487401401 -5.9469582615 -5.9398206492 -5.9380360377 -5.9355913808 -5.9341033593 -5.9330800977 -5.9285070642 -5.9264313435 -5.9225647930 -5.9212864167 -5.9179979899 -5.9163802685 -5.9158626333 -5.9127480582 -5.9107137872 -5.9071272903 -5.9044783584 -5.9034789069 -5.9012006858 -5.8992174273 -5.8957463575 -5.8942213704 -5.8938820501 -5.8925095565 -5.8884240935 -5.8857976004 -5.8847472700 -5.8819708346 -5.8791575663 -5.8753299928 -5.8732427537 -5.8702087362 -5.8689683493 -5.8630532750 -5.8572862569 -5.8547002690 -5.8534857682 -5.8513955430 -5.8475370656 -5.8460631753 -5.8387234073 -5.8361568403 -5.8344561473 -5.8304131267 -5.8297464339 -5.8287446154 -5.8265829492 -5.8220384688 -5.8196185332 -5.8165540319 -5.8141287471 -5.8133290023 -5.8081023602 -5.8039397724 -5.8004396806 -5.7978660954 -5.7933078998 -5.7879003757 -5.7868871954 -5.7837236402 -5.7775034520 -5.7703968494 -5.7690423641 -5.7650192377 -5.7605330300 -5.7584787972 -5.7470243302 -5.7458182026 -5.7409559853 -5.7362911265 -5.7344455595 -5.7292329289 -5.7127940244 -5.7035336039 -5.6829814849 -5.6813063083 -5.6736470057 -5.6700841047
-6.1564130744 -6.1518653188 -6.1421363542 -6.1392156916 -6.1384838812 -6.1214632814 -6.1157058509 -6.1149969163 -6.1040661013 -6.0964041580 -6.0877550662 -6.0859670270 -6.0825208068 -6.0783086788 -6.0680488468 -6.0670720175 -6.0659933824 -6.0629104006 -6.0553277191 -6.0484762908 -6.0334909918 -6.0294556018 -6.0188070257 -6.0182423885 -6.0166937722 -6.0139408190 -6.0082177588 -6.0061758294 -6.0010374521 -5.9998460040 -5.9970360085 -5.9950894218 -5.9891346028 -5.9860112779 -5.9846822398 -5.9830275358 -5.9786606844 -5.9758145678 -5.9718637155 -5.9706503473 -5.9656921613 -5.9618394644 -5.9606006132 -5.9565827239 -5.9533257179 -5.9487186139 -5.9450151722 -5.9383621850 -5.9372506607 -5.9363375941 -5.9341180868 -5.9330735411 -5.9269607152 -5.9250220415 -5.9223185584 -5.9215833116 -5.9185793997 -5.9166904107 -5.9154865168 -5.9138965473 -5.9108574922 -5.9075541130 -5.9045880717 -5.9024347199 -5.9019468039 -5.9001373373 -5.8968244547 -5.8953871284 -5.8938288533 -5.8927877344 -5.8876271357 -5.8870578891 -5.8848583800 -5.8831288742 -5.8789283825 -5.8748096558 -5.8725296530 -5.8702878856 -5.8679534743 -5.8624797083 -5.8563375270 -5.8540276665 -5.8535885322 -5.8513130160 -5.8479052320 -5.8460485143 -5.8389456860 -5.8357100605 -5.8348856440 -5.8309268107 -5.8295287903 -5.8286745712 -5.8264129349 -5.8223525232 -5.8201480572 -5.8165562638 -5.8149905839 -5.8126987852 -5.8090508424 -5.8036039848 -5.8004111496 -5.7978178717 -5.7939832615 -5.7880182825 -5.7873271496 -5.7838547962 -5.7774693910 -5.7701388897 -5.7688045142 -5.7642233445 -5.7598189538 -5.7581398646 -5.7476245722 -5.7461828577 -5.7415115260 -5.7366668425 -5.7349887048 -5.7294814640 -5.7119684564 -5.7019031494 -5.6832944695 -5.6814815830 -5.6741192667 -5.6702705783
-6.1574003107 -6.1534128418 -6.1432509795 -6.1405891637 -6.1381248130 -6.1209936403 -6.1163709393 -6.1139781212 -6.1024067486 -6.0979102702 -6.0873029769 -6.0852464391 -6.0819947094 -6.0806686377 -6.0694261601 -6.0676308323 -6.0670814034 -6.0650152439 -6.0576570795 -6.0498622390 -6.0319896724 -6.0274352838 -6.0172446817 -6.0164618308 -6.0149389886 -6.0144654411 -6.0080439606 -6.0042504584 -6.0014546339 -6.0003363451 -5.9972684131 -5.9951078612 -5.9902938065 -5.9877076368 -5.9850009322 -5.9835402119 -5.9788441366 -5.9774401841 -5.9731646491 -5.9706970812 -5.9672203192 -5.9612289851 -5.9605813918 -5.9576093263 -5.9545211365 -5.9486523270 -5.9430772230 -5.9386796991 -5.9369786222 -5.9352154599 -5.9348364774 -5.9320647458 -5.9254522811 -5.9237556731 -5.9221490941 -5.9216937766 -5.9193257562 -5.9168965812 -5.9150434683 -5.9150244014 -5.9110867873 -5.9079737115 -5.9048684012 -5.9030259405 -5.9010223228 -5.9008707964 -5.8980180583 -5.8966429729 -5.8949079660 -5.8917788759 -5.8886949572 -5.8867202938 -5.8849046428 -5.8842525683 -5.8787191229 -5.8744982242 -5.8718938210 -5.8699771756 -5.8669451863 -5.8619053788 -5.8555720993 -5.8544364648 -5.8529281430 -5.8509166554 -5.8486813052 -5.8455441591 -5.8392092046 -5.8359937046 -5.8346253841 -5.8314998582 -5.8293618291 -5.8286169037 -5.8262558503 -5.8226582911 -5.8207173354 -5.8165505354 -5.8157693249 -5.8121098253 -5.8098813453 -5.8033103873 -5.8003502961 -5.7978029795 -5.7946624338 -5.7884271035 -5.7878161824 -5.7837441550 -5.7773917601 -5.7701388589 -5.7683779095 -5.7634441037 -5.7591354495 -5.7577430258 -5.7482775144 -5.7465658388 -5.7420510371 -5.7371637335 -5.7353198059 -5.7297211345 -5.7111850500 -5.7002807028 -5.6836346116 -5.6816713418 -5.6745915419 -5.6704838505
-6.1583974362 -6.1549544772 -6.1443807130 -6.1420677596 -6.1377011209 -6.1207643216 -6.1175532769 -6.1122417435 -6.1007438989 -6.0994149743 -6.0869318209 -6.0844508770 -6.0830534958 -6.0814213540 -6.0718163002 -6.0692156138 -6.0671408818 -6.0661538705 -6.0599903066 -6.0512432499 -6.0304862910 -6.0254467938 -6.0157554377 -6.0150744241 -6.0147019838 -6.0131980832 -6.0077895647 -6.0024637403 -6.0018336349 -6.0008525750 -5.9975013168 -5.9951178176 -5.9914770767 -5.9893872625 -5.9853152434 -5.9840583279 -5.9793338834 -5.9787680664 -5.9746814873 -5.9705687656 -5.9687032415 -5.9617255943 -5.9594895371 -5.9586313624 -5.9557260014 -5.9485777108 -5.9411686477 -5.9401960851 -5.9362653436 -5.9355824066 -5.9333931328 -5.9310596315 -5.9242230427 -5.9228209845 -5.9222747169 -5.9212231218 -5.9198913328 -5.9171982411 -5.9159621203 -5.9146106497 -5.9114437562 -5.9083577462 -5.9053687864 -5.9036844995 -5.9016131264 -5.9000005862 -5.8990949113 -5.8978187066 -5.8960167413 -5.8908438389 -5.8900341833 -5.8863908559 -5.8858724336 -5.8841115782 -5.8786144290 -5.8743913348 -5.8713501742 -5.8692571449 -5.8659652302 -5.8613543760 -5.8556210915 -5.8542720547 -5.8524726179 -5.8505109089 -5.8492293250 -5.8449445861 -5.8395025712 -5.8366352532 -5.8340402422 -5.8321085475 -5.8292572379 -5.8286507583 -5.8260837086 -5.8229266238 -5.8212661529 -5.8170916610 -5.8159066725 -5.8118568413 -5.8103253202 -5.8030779033 -5.8002745699 -5.7978470793 -5.7952909263 -5.7890571152 -5.7883208809 -5.7835016460 -5.7772484651 -5.7703091038 -5.7678600434 -5.7627157692 -5.7585658433 -5.7572058929 -5.7489678551 -5.7469631111 -5.7425756227 -5.7377137289 -5.7354997318 -5.7299535637 -5.7104572558 -5.6986745182 -5.6839993850 -5.6818805922 -5.6750517389 -5.6707204676
-6.1594035429 -6.1564902618 -6.1455216151 -6.1435506458 -6.1373277881 -6.1210608334 -6.1182601093 -6.1104956349 -6.1009255651 -6.0990563292 -6.0865922150 -6.0854287119 -6.0836331870 -6.0808422784 -6.0742226407 -6.0709110072 -6.0690796429 -6.0653295511 -6.0623191830 -6.0526203530 -6.0289805090 -6.0234965585 -6.0156459271 -6.0142827135 -6.0131939443 -6.0114922823 -6.0073808792 -6.0024616196 -6.0014369863 -6.0005619947 -5.9976796679 -5.9951092973 -5.9926836578 -5.9910293486 -5.9856361895 -5.9845794067 -5.9808077936 -5.9791179271 -5.9762152946 -5.9707904194 -5.9698148772 -5.9622784917 -5.9597403214 -5.9582964336 -5.9569079166 -5.9485187344 -5.9417810369 -5.9392430033 -5.9372299727 -5.9343592086 -5.9319545684 -5.9300270346 -5.9239107341 -5.9224500159 -5.9220460550 -5.9207007038 -5.9195649484 -5.9179720030 -5.9162752647 -5.9142871737 -5.9118618667 -5.9087174542 -5.9061488442 -5.9040650040 -5.9022601685 -5.9007688258 -5.8994099624 -5.8981317153 -5.8970029525 -5.8917842625 -5.8895145685 -5.8875133711 -5.8859204519 -5.8834630400 -5.8786070867 -5.8744429555 -5.8707843705 -5.8683098735 -5.8650242594 -5.8608510666 -5.8562607196 -5.8537388487 -5.8521772691 -5.8508011132 -5.8488145555 -5.8443577887 -5.8398143019 -5.8373174461 -5.8334585016 -5.8327249472 -5.8292495767 -5.8287733844 -5.8258738718 -5.8231846675 -5.8217235487 -5.8179246154 -5.8156756963 -5.8122335880 -5.8100834242 -5.8029297349 -5.8001983545 -5.7979702046 -5.7958255651 -5.7897705219 -5.7888663546 -5.7832275992 -5.7770225180 -5.7705897375 -5.7673205196 -5.7620707293 -5.7581471132 -5.7564924723 -5.7496764963 -5.7473704318 -5.7430866456 -5.7382519461 -5.7355898843 -5.7301789980 -5.7097975364 -5.6970947425 -5.6843842971 -5.6821177791 -5.6754848645 -5.6709757795
-6.1604176971 -6.1580202461 -6.1466721632 -6.1450296657 -6.1370292997 -6.1219773449 -6.1183982420 -6.1087397322 -6.1023913754 -6.0973769923 -6.0878119568 -6.0862631587 -6.0828220455 -6.0802485300 -6.0766378791 -6.0727300708 -6.0709078789 -6.0648207640 -6.0643334925 -6.0539942326 -6.0274720785 -6.0215943107 -6.0162663923 -6.0128573431 -6.0119289886 -6.0098043107 -6.0067344762 -6.0029774197 -6.0020079462 -5.9993142857 -5.9975129224 -5.9950786280 -5.9939026008 -5.9926018692 -5.9859785555 -5.9850929514 -5.9823874998 -5.9793781589 -5.9777175557 -5.9720284334 -5.9699229902 -5.9628600520 -5.9607681254 -5.9582167500 -5.9570301021 -5.9484952262 -5.9433381872 -5.9382945963 -5.9373190203 -5.9331213790 -5.9306572834 -5.9289268306 -5.9243893333 -5.9227691408 -5.9216388301 -5.9199187877 -5.9192406060 -5.9182566417 -5.9161059222 -5.9142337238 -5.9120997896 -5.9091192467 -5.9070614659 -5.9042588084 -5.9030175866 -5.9019714651 -5.9004586719 -5.8983229648 -5.8968005063 -5.8932219002 -5.8890925810 -5.8883591073 -5.8857722424 -5.8827291963 -5.8786495739 -5.8745833501 -5.8701632517 -5.8672716100 -5.8641349299 -5.8604257341 -5.8569598793 -5.8536058150 -5.8519927777 -5.8509789310 -5.8480300158 -5.8438364682 -5.8401207068 -5.8379724797 -5.8335597481 -5.8327151665 -5.8294587974 -5.8288219841 -5.8256699565 -5.8234726539 -5.8220328422 -5.8187140485 -5.8154293908 -5.8128029470 -5.8095686100 -5.8028925669 -5.8001332082 -5.7981691988 -5.7962487748 -5.7904854028 -5.7894457780 -5.7829803294 -5.7767058524 -5.7709612672 -5.7667877038 -5.7615398041 -5.7578157955 -5.7556729523 -5.7503784464 -5.7477827901 -5.7435841005 -5.7387443879 -5.7356242051 -5.7303960915 -5.7092173093 -5.6955554159 -5.6847812627 -5.6823948634 -5.6758735089 -5.6712434743
-6.1614389453 -6.1595444727 -6.1478320484 -6.1465018458 -6.1368302973 -6.1231662412 -6.1183167780 -6.1069740240 -6.1038056136 -6.0956886063 -6.0902007197 -6.0859425562 -6.0820299888 -6.0796780203 -6.0790460618 -6.0746457175 -6.0726045236 -6.0670096167 -6.0636694667 -6.0553653576 -6.0259608119 -6.0197560669 -6.0169209698 -6.0115316271 -6.0109255145 -6.0081209059 -6.0058224921 -6.0035362999 -6.0026165817 -5.9990807745 -5.9965713072 -5.9954121061 -5.9947068116 -5.9939922663 -5.9863755007 -5.9855880612 -5.9839199549 -5.9798364821 -5.9790117109 -5.9734919756 -5.9698362002 -5.9634828071 -5.9617702161 -5.9593583820 -5.9558967910 -5.9485271966 -5.9449039864 -5.9392332411 -5.9355573995 -5.9318841654 -5.9295413379 -5.9278099883 -5.9251416924 -5.9231442545 -5.9214993375 -5.9203230696 -5.9190646275 -5.9170342042 -5.9156074388 -5.9146035338 -5.9118831714 -5.9096766006 -5.9079093118 -5.9044951701 -5.9039738069 -5.9030102513 -5.9015090641 -5.8991915896 -5.8957775650 -5.8946055035 -5.8904742239 -5.8874922882 -5.8855357967 -5.8820753697 -5.8786588728 -5.8747565246 -5.8695172816 -5.8662032439 -5.8633168860 -5.8601338104 -5.8575888433 -5.8541579638 -5.8516995931 -5.8506530775 -5.8473131997 -5.8434300104 -5.8403685300 -5.8385498734 -5.8342668651 -5.8321814651 -5.8298228947 -5.8287677105 -5.8256224017 -5.8236977492 -5.8222322745 -5.8193548410 -5.8153166697 -5.8132356679 -5.8090374160 -5.8029880573 -5.8000882219 -5.7984072139 -5.7965840777 -5.7911540806 -5.7900360857 -5.7827820110 -5.7763021226 -5.7714176009 -5.7662754845 -5.7611488006 -5.7575020802 -5.7548463727 -5.7510332130 -5.7481929756 -5.7440652112 -5.7391756750 -5.7356211350 -5.7306016544 -5.7087267178 -5.6940784594 -5.6851751537 -5.6827261145 -5.6761997004 -5.6715149003
-6.1624663414 -6.1610629415 -6.1490025388 -6.1479640216 -6.1367626995 -6.1243875410 -6.1182579097 -6.1052160914 -6.1051148984 -6.0939945803 -6.0925939266 -6.0856451823 -6.0815055337 -6.0812513003 -6.0791758841 -6.0765130621 -6.0742134708 -6.0693020686 -6.0629098198 -6.0567340495 -6.0244465808 -6.0180197591 -6.0175956450 -6.0106527417 -6.0097624415 -6.0064573013 -6.0047612698 -6.0041036485 -6.0032348432 -5.9993487409 -5.9968571616 -5.9959066986 -5.9950732518 -5.9939433502 -5.9868712631 -5.9861999953 -5.9851986322 -5.9810190299 -5.9795771420 -5.9749617897 -5.9697909882 -5.9641692328 -5.9627061313 -5.9604916106 -5.9547290898 -5.9486374362 -5.9464733416 -5.9401480543 -5.9338812126 -5.9306277230 -5.9285611107 -5.9271414769 -5.9256829340 -5.9234141970 -5.9218057988 -5.9210019800 -5.9186624305 -5.9159352829 -5.9150673120 -5.9147655374 -5.9112760522 -5.9104727684 -5.9085588686 -5.9055624816 -5.9044437350 -5.9039076094 -5.9023891364 -5.9000247589 -5.8959847983 -5.8946937631 -5.8918799158 -5.8867757093 -5.8850511422 -5.8816419840 -5.8785212885 -5.8749224858 -5.8688873582 -5.8651344954 -5.8626047854 -5.8600948145 -5.8579925182 -5.8550380774 -5.8512695519 -5.8501412222 -5.8468329172 -5.8431839339 -5.8404688690 -5.8389991238 -5.8350173483 -5.8317432364 -5.8301455507 -5.8286819793 -5.8259038409 -5.8236982833 -5.8224148576 -5.8197607737 -5.8154844915 -5.8133611258 -5.8085652736 -5.8032159735 -5.8000731677 -5.7986423737 -5.7968761332 -5.7917419288 -5.7906108687 -5.7826314923 -5.7758255493 -5.7719548964 -5.7657946425 -5.7609101768 -5.7571738637 -5.7541444691 -5.7515508136 -5.7485878897 -5.7445226837 -5.7395387401 -5.7355936952 -5.7307903678 -5.7083343053 -5.6927022842 -5.6855361040 -5.6831251331 -5.6764484280 -5.6717781238
-6.1634990653 -6.1625754856 -6.1501884514 -6.1494099322 -6.1368674307 -6.1255318416 -6.1183342184 -6.1063302335 -6.1034106807 -6.0949928526 -6.0922951095 -6.0854495504 -6.0838593442 -6.0806204851 -6.0793629912 -6.0776440413 -6.0757760438 -6.0715434874 -6.0621782219 -6.0581004989 -6.0229293711 -6.0183330698 -6.0163894657 -6.0101229232 -6.0083813284 -6.0050767507 -6.0045791535 -6.0040477254 -6.0033661184 -5.9997824990 -5.9982984052 -5.9969071907 -5.9947817023 -5.9927298303 -5.9875716708 -5.9872833173 -5.9857310282 -5.9824618292 -5.9798824775 -5.9763924239 -5.9698491426 -5.9649315409 -5.9635511674 -5.9615619335 -5.9535553431 -5.9488541989 -5.9480418130 -5.9409900161 -5.9323721012 -5.9293615420 -5.9277270176 -5.9276099866 -5.9254884414 -5.9236246394 -5.9224115270 -5.9211090700 -5.9185261054 -5.9162710772 -5.9144925024 -5.9135916439 -5.9114140403 -5.9104821040 -5.9089787105 -5.9069515418 -5.9052340656 -5.9044550616 -5.9029825311 -5.9008276208 -5.8971357626 -5.8939484860 -5.8930629481 -5.8862932840 -5.8842696611 -5.8815063461 -5.8781742260 -5.8750401224 -5.8683128856 -5.8640859408 -5.8620677933 -5.8604022425 -5.8580292332 -5.8559567602 -5.8507784136 -5.8496238164 -5.8467154563 -5.8431022644 -5.8403555535 -5.8392756683 -5.8357502199 -5.8316093368 -5.8302032782 -5.8285941912 -5.8264495450 -5.8236149479 -5.8225307076 -5.8199043625 -5.8159008490 -5.8132167849 -5.8081986636 -5.8035419713 -5.8001043643 -5.7988631342 -5.7971537700 -5.7922246240 -5.7911413935 -5.7825161935 -5.7752969667 -5.7725673304 -5.7653575133 -5.7608156516 -5.7568369009 -5.7538098215 -5.7517323560 -5.7489395219 -5.7449415060 -5.7398301888 -5.7355539813 -5.7309545455 -5.7080466734 -5.6915000508 -5.6858031984 -5.6836002842 -5.6766119052 -5.6720167565
-6.1645372724 -6.1640809198 -6.1514039480 -6.1508241498 -6.1371907583 -6.1265293804 -6.1186195483 -6.1073447470 -6.1016143150 -6.0973940770 -6.0905979167 -6.0865352943 -6.0851094437 -6.0812017671 -6.0795549940 -6.0776310070 -6.0772364450 -6.0736281415 -6.0614787479 -6.0594646009 -6.0214097113 -6.0190811639 -6.0149971014 -6.0095994168 -6.0069662062 -6.0055321956 -6.0047540305 -6.0031590997 -6.0023628932 -6.0004113262 -5.9997040026 -5.9979791834 -5.9943191898 -5.9914507606 -5.9889057502 -5.9880460389 -5.9858338117 -5.9838979835 -5.9802141744 -5.9777159160 -5.9700706635 -5.9657362211 -5.9643302451 -5.9625197721 -5.9523795100 -5.9496351159 -5.9491766905 -5.9417320501 -5.9310784630 -5.9288752293 -5.9280272162 -5.9266557801 -5.9254764529 -5.9243934999 -5.9220714285 -5.9211841541 -5.9184955843 -5.9169136005 -5.9140014041 -5.9128387776 -5.9117489885 -5.9101217641 -5.9088877391 -5.9081998157 -5.9062810891 -5.9049879468 -5.9032595134 -5.9016500552 -5.8981115736 -5.8946103613 -5.8928319393 -5.8858719246 -5.8833741820 -5.8815799199 -5.8777127688 -5.8750443900 -5.8678321891 -5.8630864180 -5.8618599260 -5.8608673650 -5.8578021223 -5.8567238902 -5.8502674976 -5.8492065197 -5.8469558614 -5.8431531126 -5.8400783211 -5.8393492168 -5.8364015776 -5.8318190081 -5.8299910707 -5.8285200178 -5.8270659785 -5.8237533489 -5.8223629575 -5.8198485487 -5.8164116476 -5.8129649637 -5.8079820978 -5.8039061983 -5.8002064075 -5.7990865864 -5.7974144236 -5.7925927803 -5.7915952093 -5.7824209993 -5.7747432924 -5.7732418929 -5.7649808561 -5.7608375947 -5.7565341326 -5.7539506445 -5.7515366116 -5.7491875890 -5.7452925838 -5.7400484269 -5.7355147177 -5.7310841656 -5.7078682087 -5.6906053057 -5.6858650444 -5.6841473817 -5.6766921160 -5.6722088803
-6.1656275656 -6.1655315662 -6.1526801569 -6.1521743555 -6.1377720132 -6.1273319968 -6.1191661166 -6.1081348031 -6.0998155004 -6.0997902555 -6.0890135762 -6.0888111066 -6.0855833624 -6.0824370219 -6.0790499435 -6.0788441087 -6.0776012089 -6.0750911585 -6.0608678233 -6.0607709375 -6.0199527554 -6.0197958625 -6.0139282888 -6.0089055194 -6.0062792240 -6.0055564989 -6.0054180551 -6.0019592715 -6.0018323560 -6.0011303678 -6.0005830090 -5.9988573567 -5.9937191948 -5.9906081529 -5.9900953294 -5.9887614054 -5.9859090532 -5.9850750659 -5.9807484837 -5.9787458315 -5.9705190600 -5.9665189631 -5.9651087494 -5.9633012064 -5.9512602124 -5.9511437445 -5.9496771756 -5.9423535348 -5.9301014691 -5.9298766213 -5.9273355603 -5.9258415528 -5.9253857103 -5.9251464934 -5.9219493423 -5.9208698034 -5.9184497292 -5.9174030568 -5.9139295378 -5.9134439192 -5.9110102754 -5.9104355720 -5.9093699797 -5.9080191242 -5.9069244095 -5.9056025006 -5.9035143000 -5.9023743760 -5.8989156621 -5.8955303669 -5.8922749446 -5.8853731601 -5.8827138168 -5.8815284897 -5.8773171025 -5.8748373464 -5.8674836536 -5.8623791519 -5.8620252781 -5.8611962190 -5.8576135153 -5.8569905786 -5.8498556330 -5.8490051432 -5.8472931233 -5.8433164362 -5.8398540183 -5.8391761108 -5.8368673867 -5.8321483580 -5.8298856187 -5.8284258900 -5.8275659323 -5.8240440292 -5.8219757536 -5.8196870138 -5.8169118975 -5.8127118080 -5.8079506835 -5.8042521187 -5.8004050954 -5.7993315577 -5.7976355903 -5.7928548820 -5.7919364717 -5.7823334879 -5.7742950750 -5.7738579244 -5.7646881675 -5.7609364497 -5.7563507732 -5.7542470760 -5.7513586667 -5.7492502107 -5.7455225720 -5.7401928957 -5.7354890076 -5.7311675554 -5.7078009461 -5.6901769604 -5.6856401218 -5.6847066860 -5.6766986824 -5.6723270521
-6.1605672776 -6.1604687118 -6.1474492218 -6.1469418200 -6.1348936945 -6.1245461718 -6.1164156257 -6.1054531891 -6.0985913754 -6.0985659043 -6.0874248099 -6.0873162209 -6.0820877322 -6.0789700216 -6.0774194276 -6.0770452254 -6.0745983625 -6.0718037221 -6.0595117338 -6.0594110939 -6.0214775735 -6.0213173612 -6.0174185798 -6.0121641136 -6.0069934130 -6.0069341593 -6.0048691778 -6.0032980363 -6.0013889324 -6.0012046868 -5.9977541893 -5.9966291294 -5.9957971096 -5.9900960285 -5.9895787110 -5.9858254963 -5.9835821095 -5.9822492733 -5.9776492450 -5.9755396963 -5.9682175089 -5.9635158959 -5.9619429186 -5.9605536536 -5.9504588069 -5.9503178851 -5.9473861709 -5.9401300281 -5.9307798672 -5.9304358598 -5.9283832113 -5.9271388438 -5.9253561201 -5.9245748287 -5.9237750241 -5.9206821255 -5.9190447419 -5.9156122151 -5.9125927029 -5.9121724495 -5.9112103403 -5.9096261538 -5.9086130196 -5.9073667646 -5.9072437455 -5.9030989693 -5.9014202200 -5.9000524324 -5.8957177513 -5.8942792788 -5.8921669237 -5.8876326297 -5.8840531145 -5.8829315447 -5.8785934413 -5.8762137995 -5.8686584889 -5.8626778206 -5.8625252321 -5.8604651170 -5.8589513415 -5.8564462650 -5.8521747920 -5.8489278317 -5.8461354426 -5.8428078548 -5.8403937636 -5.8394425759 -5.8355846407 -5.8320988110 -5.8299859714 -5.8273410754 -5.8263489284 -5.8239100566 -5.8227292997 -5.8199509332 -5.8154365462 -5.8133261943 -5.8075302416 -5.8029826951 -5.7993594481 -5.7982822215 -5.7968435469 -5.7920288832 -5.7907377415 -5.7828378672 -5.7749004487 -5.7724879698 -5.7657085171 -5.7606930665 -5.7566030623 -5.7532218494 -5.7519495987 -5.7493977694 -5.7446003385 -5.7396434978 -5.7355982255 -5.7308276075 -5.7080632001 -5.6912145461 -5.6870558556 -5.6827560732 -5.6766014687 -5.6718053290
-6.1555427897 -6.1554418496 -6.1422552170 -6.1417461928 -6.1320076616 -6.1217532239 -6.1136576593 -6.1027652805 -6.0973005533 -6.0972748124 -6.0858364724 -6.0857672532 -6.0785546162 -6.0764282269 -6.0760087925 -6.0745501644 -6.0712752397 -6.0684262260 -6.0582842374 -6.0581745324 -6.0231365066 -6.0229773845 -6.0208698212 -6.0154046164 -6.0088832436 -6.0084800626 -6.0077009109 -6.0017693707 -6.0013662217 -6.0001838057 -5.9995177813 -5.9945309642 -5.9927954909 -5.9901256932 -5.9894946024 -5.9828987615 -5.9806719661 -5.9791052693 -5.9743689564 -5.9722845481 -5.9659168410 -5.9606024360 -5.9588234158 -5.9576831231 -5.9496330988 -5.9494615040 -5.9450926118 -5.9379138345 -5.9334593612 -5.9330614334 -5.9283511789 -5.9274702904 -5.9272840689 -5.9239412275 -5.9238299008 -5.9224306942 -5.9175079265 -5.9137019049 -5.9123052799 -5.9118007078 -5.9114447304 -5.9094142580 -5.9075472533 -5.9068509329 -5.9053603035 -5.9011514549 -5.8985437492 -5.8972608022 -5.8963063740 -5.8920370517 -5.8899951020 -5.8887189753 -5.8855412658 -5.8842744030 -5.8798927657 -5.8776244447 -5.8699671738 -5.8632955979 -5.8631178260 -5.8610754224 -5.8593757001 -5.8561308223 -5.8547344711 -5.8500360996 -5.8449509826 -5.8426228391 -5.8402601549 -5.8387025945 -5.8345177754 -5.8340399534 -5.8287054808 -5.8272179366 -5.8256598339 -5.8243510518 -5.8219596712 -5.8187147562 -5.8164605524 -5.8117416358 -5.8069293604 -5.8018299394 -5.7982724514 -5.7972067980 -5.7960173339 -5.7911835657 -5.7894615907 -5.7836305455 -5.7752984007 -5.7714550122 -5.7665196747 -5.7610280364 -5.7567389896 -5.7529557106 -5.7523879525 -5.7494076751 -5.7433754991 -5.7388810082 -5.7357261215 -5.7302855875 -5.7087245554 -5.6926068314 -5.6887420213 -5.6817437799 -5.6756537789 -5.6707968943
-6.1505582967 -6.1504552159 -6.1371035398 -6.1365924611 -6.1291135470 -6.1189531239 -6.1108922504 -6.1000711365 -6.0959555444 -6.0959293885 -6.0842205515 -6.0841726616 -6.0755749632 -6.0750757687 -6.0740907068 -6.0710225489 -6.0678555175 -6.0649962569 -6.0571831706 -6.0570530570 -6.0249313833 -6.0248215069 -6.0242349497 -6.0186150456 -6.0116504155 -6.0101619589 -6.0097878336 -6.0031386914 -6.0015376268 -6.0014121384 -5.9972084363 -5.9917614250 -5.9910851151 -5.9899909160 -5.9883679823 -5.9799765585 -5.9775753168 -5.9758531964 -5.9710757552 -5.9690764498 -5.9636042440 -5.9577965224 -5.9557529809 -5.9546925347 -5.9488136284 -5.9485993675 -5.9427971046 -5.9367335497 -5.9361845399 -5.9356598171 -5.9313519037 -5.9274421809 -5.9272360988 -5.9257954977 -5.9230097831 -5.9224206639 -5.9156327295 -5.9128895859 -5.9122854523 -5.9120005224 -5.9110401507 -5.9090727159 -5.9065350651 -5.9059026790 -5.9029550044 -5.8996057389 -5.8981142185 -5.8953923031 -5.8940407105 -5.8923277800 -5.8884476223 -5.8870255709 -5.8865798868 -5.8842435081 -5.8811878831 -5.8790638166 -5.8713802698 -5.8643317733 -5.8637590291 -5.8626154011 -5.8590776252 -5.8579302106 -5.8554400608 -5.8521162532 -5.8441190343 -5.8418200617 -5.8401978294 -5.8373654992 -5.8362411208 -5.8332690945 -5.8294187963 -5.8270965177 -5.8256735544 -5.8232497028 -5.8203532269 -5.8183964470 -5.8166966327 -5.8095954500 -5.8062634289 -5.8008219056 -5.7971774359 -5.7963313967 -5.7949371924 -5.7903166079 -5.7883692978 -5.7844265052 -5.7755360684 -5.7710517363 -5.7667065310 -5.7617697038 -5.7571546370 -5.7538426109 -5.7521224388 -5.7489202179 -5.7423441330 -5.7379916346 -5.7356620714 -5.7295894312 -5.7097353860 -5.6942068121 -5.6905933921 -5.6820301779 -5.6736775247 -5.6694122962
-6.1456178961 -6.1455129387 -6.1320001994 -6.1314856972 -6.1262104145 -6.1161457527 -6.1081194123 -6.0973709113 -6.0945689916 -6.0945421167 -6.0825775266 -6.0825430882 -6.0741461232 -6.0740133907 -6.0707078225 -6.0672893572 -6.0643775009 -6.0615451208 -6.0562042341 -6.0560243275 -6.0277507809 -6.0268574817 -6.0266186555 -6.0217912060 -6.0147299176 -6.0119897289 -6.0116728093 -6.0060296703 -6.0017796302 -6.0017245214 -5.9942858163 -5.9914570569 -5.9912099418 -5.9875852944 -5.9855075469 -5.9770542982 -5.9744439849 -5.9725853238 -5.9678291235 -5.9659602780 -5.9612658892 -5.9550914586 -5.9527201612 -5.9516287029 -5.9480818491 -5.9477795110 -5.9405848163 -5.9400464626 -5.9393612073 -5.9349247610 -5.9334805630 -5.9294410298 -5.9269125811 -5.9267542757 -5.9221179801 -5.9216519718 -5.9141460441 -5.9134503544 -5.9126797134 -5.9114010939 -5.9100224354 -5.9084465152 -5.9054987005 -5.9048818000 -5.9005401680 -5.9004404817 -5.8975824946 -5.8947892651 -5.8921673611 -5.8905038924 -5.8890051985 -5.8876618548 -5.8846201206 -5.8822410491 -5.8810953241 -5.8803483761 -5.8728889677 -5.8660842909 -5.8644547481 -5.8638072751 -5.8606223853 -5.8588623421 -5.8556139034 -5.8544438766 -5.8436249255 -5.8415651757 -5.8398718156 -5.8374019061 -5.8358848207 -5.8327807548 -5.8311787054 -5.8269661095 -5.8251144189 -5.8218269726 -5.8202369168 -5.8182214861 -5.8147209771 -5.8075175105 -5.8055736302 -5.7999538651 -5.7963180173 -5.7956140683 -5.7934867477 -5.7896830557 -5.7877771533 -5.7845363758 -5.7757989373 -5.7711657112 -5.7662884188 -5.7626830846 -5.7580766241 -5.7547551287 -5.7519621234 -5.7480546346 -5.7417921166 -5.7371687002 -5.7350847856 -5.7287886854 -5.7110385501 -5.6959785536 -5.6925571154 -5.6830386847 -5.6712515154 -5.6677769566
-6.1407256073 -6.1406190534 -6.1269532790 -6.1264312317 -6.1232952217 -6.1133308490 -6.1053391347 -6.0946653111 -6.0931533777 -6.0931249552 -6.0809151200 -6.0808899026 -6.0731644946 -6.0730977856 -6.0669648665 -6.0634894138 -6.0608567014 -6.0581677370 -6.0553360467 -6.0549944867 -6.0310941678 -6.0289244548 -6.0286840829 -6.0249295856 -6.0178447656 -6.0139674902 -6.0136296103 -6.0090152987 -6.0020279003 -6.0019335696 -5.9922763440 -5.9918089638 -5.9909916628 -5.9844529378 -5.9823638756 -5.9741303890 -5.9713357564 -5.9693421096 -5.9646569016 -5.9629653083 -5.9588862661 -5.9524681944 -5.9497355406 -5.9485902821 -5.9477217407 -5.9471246641 -5.9435459460 -5.9423657491 -5.9384511375 -5.9381516692 -5.9328783923 -5.9313189894 -5.9266450951 -5.9265706927 -5.9213060349 -5.9209010424 -5.9144725521 -5.9136994868 -5.9120077969 -5.9111009856 -5.9093493365 -5.9069302452 -5.9045042462 -5.9040334665 -5.9022740177 -5.8982106012 -5.8971199011 -5.8960050668 -5.8913074208 -5.8894941581 -5.8882329495 -5.8866983451 -5.8842168367 -5.8821132940 -5.8801936584 -5.8771572857 -5.8744868065 -5.8684033225 -5.8653862983 -5.8646685748 -5.8626694858 -5.8595688700 -5.8563770623 -5.8559857977 -5.8434670927 -5.8431221939 -5.8387083933 -5.8373884580 -5.8345388001 -5.8338224578 -5.8317798293 -5.8270186186 -5.8241081071 -5.8227124169 -5.8191621993 -5.8164161909 -5.8127192519 -5.8056283862 -5.8048652720 -5.7991905615 -5.7961040379 -5.7947116419 -5.7918052080 -5.7898560449 -5.7871221199 -5.7837378832 -5.7762132138 -5.7713407081 -5.7658854687 -5.7634511118 -5.7593264885 -5.7557572597 -5.7517205853 -5.7470887426 -5.7417800351 -5.7364638297 -5.7339502128 -5.7279229809 -5.7125744753 -5.6979085124 -5.6945906824 -5.6843957280 -5.6687341717 -5.6659915840
-6.1358854025 -6.1357775288 -6.1219847039 -6.1214363525 -6.1203495291 -6.1105079055 -6.1025513776 -6.0919686475 -6.0917194601 -6.0916774968 -6.0792435381 -6.0792247008 -6.0723535702 -6.0723094540 -6.0631328365 -6.0596650469 -6.0573299907 -6.0554933878 -6.0545275424 -6.0533294378 -6.0344231065 -6.0311331805 -6.0308620359 -6.0280251228 -6.0209540476 -6.0160997323 -6.0156982790 -6.0119760976 -6.0022607468 -6.0021385398 -5.9927957344 -5.9924572328 -5.9881743342 -5.9812927050 -5.9792008212 -5.9712051378 -5.9682763311 -5.9661441319 -5.9615790855 -5.9601127945 -5.9564513303 -5.9499289355 -5.9490855131 -5.9477586258 -5.9467229339 -5.9462136555 -5.9454182864 -5.9441483979 -5.9414246737 -5.9364379227 -5.9358388359 -5.9292360276 -5.9265004866 -5.9263016567 -5.9205992781 -5.9202233250 -5.9151315364 -5.9142318663 -5.9117013805 -5.9106408189 -5.9083186486 -5.9050804891 -5.9047374845 -5.9035832042 -5.9026798996 -5.8994699625 -5.8959282333 -5.8947203720 -5.8928806242 -5.8908174867 -5.8862913418 -5.8847414431 -5.8835774867 -5.8826109235 -5.8768080389 -5.8762519542 -5.8735368736 -5.8709551238 -5.8668720071 -5.8652176229 -5.8638963812 -5.8613007008 -5.8574011920 -5.8565279805 -5.8452863278 -5.8437334006 -5.8380413155 -5.8367587943 -5.8351792901 -5.8332282889 -5.8319804110 -5.8264912573 -5.8253663700 -5.8218796184 -5.8174125813 -5.8146680804 -5.8108064198 -5.8042457217 -5.8038973461 -5.7984942506 -5.7963397073 -5.7942216296 -5.7902991550 -5.7898072110 -5.7860429584 -5.7826228025 -5.7767366300 -5.7714133162 -5.7662919544 -5.7635663832 -5.7605721963 -5.7568518527 -5.7514457256 -5.7461606156 -5.7421685206 -5.7357344717 -5.7325778662 -5.7270227586 -5.7142802778 -5.6999840001 -5.6966606560 -5.6859556751 -5.6662578301 -5.6641317961
-6.1311012541 -6.1309923088 -6.1176180589 -6.1168742824 -6.1164880421 -6.1076759447 -6.0997560641 -6.0902870217 -6.0902621630 -6.0892226382 -6.0775741490 -6.0775592023 -6.0716759050 -6.0716417586 -6.0592531331 -6.0559745573 -6.0544146001 -6.0542256614 -6.0531229484 -6.0502048848 -6.0377268110 -6.0334910486 -6.0331608198 -6.0310701536 -6.0240486505 -6.0183898232 -6.0178874409 -6.0148921906 -6.0024779625 -6.0023321910 -5.9935018074 -5.9931772771 -5.9851964332 -5.9781622080 -5.9760659994 -5.9682801470 -5.9652788230 -5.9630039476 -5.9586293719 -5.9574115063 -5.9539584222 -5.9521034509 -5.9508965650 -5.9484474394 -5.9472245567 -5.9450169326 -5.9437050962 -5.9425884710 -5.9421528682 -5.9397240050 -5.9335077583 -5.9275518496 -5.9264332709 -5.9257366499 -5.9200340427 -5.9196525955 -5.9157377301 -5.9147813495 -5.9117483605 -5.9105798199 -5.9068438061 -5.9066260571 -5.9031219664 -5.9027363855 -5.9022951562 -5.9013718268 -5.8958256618 -5.8937462418 -5.8924218029 -5.8921306467 -5.8875535687 -5.8852507788 -5.8813354289 -5.8791687217 -5.8780346283 -5.8743807060 -5.8732558257 -5.8702079939 -5.8686124373 -5.8654417844 -5.8642143524 -5.8633381965 -5.8579368849 -5.8571570769 -5.8475709038 -5.8445656075 -5.8391126057 -5.8358059090 -5.8349149586 -5.8326975693 -5.8318657448 -5.8270975785 -5.8253152694 -5.8204190336 -5.8157064922 -5.8130651380 -5.8090630491 -5.8035602249 -5.8025391524 -5.7979958318 -5.7968751763 -5.7945475385 -5.7895582123 -5.7879500697 -5.7848145738 -5.7815238119 -5.7772080867 -5.7715148477 -5.7673680812 -5.7635664087 -5.7612590371 -5.7579847307 -5.7512216191 -5.7453353279 -5.7427708911 -5.7349587601 -5.7312084490 -5.7261126578 -5.7160817870 -5.7021840829 -5.6987430751 -5.6876520558 -5.6638780082 -5.6622545000
-6.1263772054 -6.1262673741 -6.1145895130 -6.1121073001 -6.1116253039 -6.1048329683 -6.0969530695 -6.0888568560 -6.0888294702 -6.0864990307 -6.0759191763 -6.0759056070 -6.0711184430 -6.0710899554 -6.0554132726 -6.0540170384 -6.0537066594 -6.0514613790 -6.0497519767 -6.0466241893 -6.0410043685 -6.0360057692 -6.0355779238 -6.0340561646 -6.0271260905 -6.0208358078 -6.0201988221 -6.0177598890 -6.0026736475 -6.0025067973 -5.9942470223 -5.9939278509 -5.9821970538 -5.9750775138 -5.9729793963 -5.9653581745 -5.9623513723 -5.9599333742 -5.9564404758 -5.9552159094 -5.9547853288 -5.9543918912 -5.9518051402 -5.9514116440 -5.9464512381 -5.9448776231 -5.9421599893 -5.9415818711 -5.9407411672 -5.9392330152 -5.9311781263 -5.9269709942 -5.9264403400 -5.9241841880 -5.9196859653 -5.9192268530 -5.9162112913 -5.9152977844 -5.9119729646 -5.9107117453 -5.9087849324 -5.9051234828 -5.9040069445 -5.9020981442 -5.9013044159 -5.9008319984 -5.8977563745 -5.8940433289 -5.8916238985 -5.8904804587 -5.8890940417 -5.8867965054 -5.8802714552 -5.8780813554 -5.8772355801 -5.8751568188 -5.8714202741 -5.8707815856 -5.8681074645 -5.8662758362 -5.8638578933 -5.8629614434 -5.8583358100 -5.8576793285 -5.8498839820 -5.8458991013 -5.8409450889 -5.8347540217 -5.8345237736 -5.8327067757 -5.8315571807 -5.8275171817 -5.8242039561 -5.8189238889 -5.8141155452 -5.8116522406 -5.8075633045 -5.8030900736 -5.8013068830 -5.7986226969 -5.7970843276 -5.7948376904 -5.7882311255 -5.7859649683 -5.7835621011 -5.7805802056 -5.7774567755 -5.7718781081 -5.7686311138 -5.7640879023 -5.7610388474 -5.7590617607 -5.7511092636 -5.7446579660 -5.7434365229 -5.7341765415 -5.7299988138 -5.7252144564 -5.7178735777 -5.7044767257 -5.7008211668 -5.6894459861 -5.6616235643 -5.6604032586
-6.1217174772 -6.1216068340 -6.1116379395 -6.1073418455 -6.1068323843 -6.1019743484 -6.0941422087 -6.0874452466 -6.0874161396 -6.0837670504 -6.0742921855 -6.0742778365 -6.0706718105 -6.0706482488 -6.0536314944 -6.0534410676 -6.0511648069 -6.0476147699 -6.0460488461 -6.0442545407 -6.0429230901 -6.0386754835 -6.0381084662 -6.0369824361 -6.0301857383 -6.0234251116 -6.0226315242 -6.0205884985 -6.0028411019 -6.0026553638 -5.9950074612 -5.9946919429 -5.9791867868 -5.9720479582 -5.9699559100 -5.9624444652 -5.9597692290 -5.9594678968 -5.9582225623 -5.9568928320 -5.9556925302 -5.9529330732 -5.9523156455 -5.9499010556 -5.9487044008 -5.9426623210 -5.9415549801 -5.9410028119 -5.9380528579 -5.9362715352 -5.9289190296 -5.9269383475 -5.9264872344 -5.9222026780 -5.9196667671 -5.9189738771 -5.9164571538 -5.9157387037 -5.9127573685 -5.9108882615 -5.9103480371 -5.9063942991 -5.9032447449 -5.9017016065 -5.9012150558 -5.8993799843 -5.8984604203 -5.8956616330 -5.8908416746 -5.8896643072 -5.8887373795 -5.8880780591 -5.8826458409 -5.8795153020 -5.8753396064 -5.8732018609 -5.8728002195 -5.8697263317 -5.8687690418 -5.8664852426 -5.8621417088 -5.8608258614 -5.8587687869 -5.8572691376 -5.8521741835 -5.8475600033 -5.8429169353 -5.8356731422 -5.8336721546 -5.8324193271 -5.8307648891 -5.8269356116 -5.8230184996 -5.8174416787 -5.8126826944 -5.8104744465 -5.8063533230 -5.8030107378 -5.8003208148 -5.7997871844 -5.7975419334 -5.7942594571 -5.7866486297 -5.7841064024 -5.7823190436 -5.7797990364 -5.7773963387 -5.7726527489 -5.7699414801 -5.7645002820 -5.7608474928 -5.7596634510 -5.7511509653 -5.7443213315 -5.7438959254 -5.7334320218 -5.7291301605 -5.7243483735 -5.7194768723 -5.7068205563 -5.7028793620 -5.6913094502 -5.6595123898 -5.6586120543
-6.1171266336 -6.1170150663 -6.1086869888 -6.1026699274 -6.1021199286 -6.0990868229 -6.0913232226 -6.0860624075 -6.0860316204 -6.0810287379 -6.0727122389 -6.0726950882 -6.0703221912 -6.0703055436 -6.0533075843 -6.0531776084 -6.0475197655 -6.0471629014 -6.0436516249 -6.0422584489 -6.0414742251 -6.0407561531 -6.0398886662 -6.0391252136 -6.0332265953 -6.0261336815 -6.0251828626 -6.0233990883 -6.0029738229 -6.0027717009 -5.9957695408 -5.9954576807 -5.9761692244 -5.9690830587 -5.9670205775 -5.9636128554 -5.9619697054 -5.9598176317 -5.9594686794 -5.9566880956 -5.9541291647 -5.9536588254 -5.9505270868 -5.9497146348 -5.9462749212 -5.9411138796 -5.9409357789 -5.9392393568 -5.9353928070 -5.9333696288 -5.9275068410 -5.9269219468 -5.9259335892 -5.9206070122 -5.9197547208 -5.9188194600 -5.9164775862 -5.9160419118 -5.9145311535 -5.9112869769 -5.9108437350 -5.9081972088 -5.9036446557 -5.9017355670 -5.9010533690 -5.8985533955 -5.8972838165 -5.8965342576 -5.8925037651 -5.8902166492 -5.8872613530 -5.8867257208 -5.8852691688 -5.8817787419 -5.8750991407 -5.8733819770 -5.8727740150 -5.8713693862 -5.8669002546 -5.8645672485 -5.8615295044 -5.8598396924 -5.8574747777 -5.8554148428 -5.8542416947 -5.8492371384 -5.8449080546 -5.8377396052 -5.8326504930 -5.8317659547 -5.8296381316 -5.8260111602 -5.8218310578 -5.8159983102 -5.8114615648 -5.8095813764 -5.8055024483 -5.8034800034 -5.8014615144 -5.7991428350 -5.7978626126 -5.7931689331 -5.7849936189 -5.7829116130 -5.7808238851 -5.7789601357 -5.7771801716 -5.7737039085 -5.7712542881 -5.7645253968 -5.7615038492 -5.7592206481 -5.7513675154 -5.7447564962 -5.7436651660 -5.7327736507 -5.7288787886 -5.7235283755 -5.7205968821 -5.7091683249 -5.7048957886 -5.6932191034 -5.6575570437 -5.6569078645
-6.1126098544 -6.1124969352 -6.1057299122 -6.0981584468 -6.0974974504 -6.0961159803 -6.0884957807 -6.0847186832 -6.0846861297 -6.0782855400 -6.0712365428 -6.0712044148 -6.0700302573 -6.0700094866 -6.0531647542 -6.0530496846 -6.0506867860 -6.0443706888 -6.0435033011 -6.0431568132 -6.0427494827 -6.0396489636 -6.0383949215 -6.0362843515 -6.0352861476 -6.0289322787 -6.0278475696 -6.0262167056 -6.0030657948 -6.0028505065 -5.9965229460 -5.9962157854 -5.9731494339 -5.9676327357 -5.9662617351 -5.9657199185 -5.9642866087 -5.9636740474 -5.9579320752 -5.9566248450 -5.9539863813 -5.9511403376 -5.9482838742 -5.9472202629 -5.9438177027 -5.9402659460 -5.9400784265 -5.9369499303 -5.9328384773 -5.9305717003 -5.9276025243 -5.9270396020 -5.9239389633 -5.9210272277 -5.9194771064 -5.9177577835 -5.9170556133 -5.9161614753 -5.9159299785 -5.9121988151 -5.9107520592 -5.9094502337 -5.9058853047 -5.9014894315 -5.9008018033 -5.8985734984 -5.8969251313 -5.8946644190 -5.8941707437 -5.8916501764 -5.8882187885 -5.8853945931 -5.8846825758 -5.8838182543 -5.8770737058 -5.8742337440 -5.8729671966 -5.8724383923 -5.8645457516 -5.8619311295 -5.8613074146 -5.8601928510 -5.8566452011 -5.8547356504 -5.8532202798 -5.8497104989 -5.8468059296 -5.8400065243 -5.8317402621 -5.8309738687 -5.8284194803 -5.8250396898 -5.8206745424 -5.8146297518 -5.8105582630 -5.8090102693 -5.8056631076 -5.8039532205 -5.8023262189 -5.7996945402 -5.7967498612 -5.7919174621 -5.7835554840 -5.7825157262 -5.7789630083 -5.7778761133 -5.7772161571 -5.7746404351 -5.7724010823 -5.7643739527 -5.7621102375 -5.7585566606 -5.7517411931 -5.7451970649 -5.7434885862 -5.7322763796 -5.7294683467 -5.7227434721 -5.7209797894 -5.7114708700 -5.7068348724 -5.6951537094 -5.6557670680 -5.6553124350
-6.1081734177 -6.1080581491 -6.1027643621 -6.0941161378 -6.0929903508 -6.0927492328 -6.0856596201 -6.0834244719 -6.0833901300 -6.0755413810 -6.0702795434 -6.0702064530 -6.0694116041 -6.0693389690 -6.0539301218 -6.0530929103 -6.0530283279 -6.0473057589 -6.0463316672 -6.0456927164 -6.0392971952 -6.0390307927 -6.0356351249 -6.0344999413 -6.0318268906 -6.0314042280 -6.0306047558 -6.0290599225 -6.0031115987 -6.0028875056 -5.9972589957 -5.9969588350 -5.9716443455 -5.9702231286 -5.9695544970 -5.9680814067 -5.9633921647 -5.9621100704 -5.9612769795 -5.9537561789 -5.9513623374 -5.9484160787 -5.9461707609 -5.9448002930 -5.9415179522 -5.9395874413 -5.9392025010 -5.9345511628 -5.9304419057 -5.9282473971 -5.9277336171 -5.9270291442 -5.9222990253 -5.9218871922 -5.9198786901 -5.9188904224 -5.9167480333 -5.9163756450 -5.9148055295 -5.9135855604 -5.9105091746 -5.9099965822 -5.9082824441 -5.9023873165 -5.9006378628 -5.8990691567 -5.8959220703 -5.8950602658 -5.8937210738 -5.8920864295 -5.8909971059 -5.8860874199 -5.8832377811 -5.8827664682 -5.8790726058 -5.8765277931 -5.8731324023 -5.8729196189 -5.8631102529 -5.8623676246 -5.8603546689 -5.8582409674 -5.8574604409 -5.8550513318 -5.8514269138 -5.8482203361 -5.8474036138 -5.8420930427 -5.8309558283 -5.8301194933 -5.8271984582 -5.8241188955 -5.8195749194 -5.8133994871 -5.8102580999 -5.8087270904 -5.8070145677 -5.8041138983 -5.8025120028 -5.8003678189 -5.7953659754 -5.7906200108 -5.7835721362 -5.7814602097 -5.7779548796 -5.7772801343 -5.7764483999 -5.7751128683 -5.7729801273 -5.7644580616 -5.7621351847 -5.7579599696 -5.7521966701 -5.7455397770 -5.7434837989 -5.7321957382 -5.7305666002 -5.7219567751 -5.7207655792 -5.7136834907 -5.7086401886 -5.6970930368 -5.6541500493 -5.6538435129
-6.1038256570 -6.1037058851 -6.0997882713 -6.0908837846 -6.0887440754 -6.0885290604 -6.0828170583 -6.0821889583 -6.0821543500 -6.0728156134 -6.0700666493 -6.0700231301 -6.0681340219 -6.0680728246 -6.0570585935 -6.0532212334 -6.0531414028 -6.0502575983 -6.0492377216 -6.0486517546 -6.0422683834 -6.0350009343 -6.0346763251 -6.0335622128 -6.0319450445 -6.0315963152 -6.0304540414 -6.0275045153 -6.0031064432 -6.0028796939 -5.9979699039 -5.9976810845 -5.9756852276 -5.9735630845 -5.9723048001 -5.9670713392 -5.9664394781 -5.9605645802 -5.9586279140 -5.9509051043 -5.9488204186 -5.9458355225 -5.9441795072 -5.9425209162 -5.9397457340 -5.9388699830 -5.9381434435 -5.9321594324 -5.9285535622 -5.9284118161 -5.9270967996 -5.9251792137 -5.9237262265 -5.9217915876 -5.9210105951 -5.9185966082 -5.9166438222 -5.9164074544 -5.9149067947 -5.9128997704 -5.9110980872 -5.9101530217 -5.9097108190 -5.9038903895 -5.9009171188 -5.8992822456 -5.8972066116 -5.8948888035 -5.8940385405 -5.8931526437 -5.8900549135 -5.8880623596 -5.8820575673 -5.8812480378 -5.8799751355 -5.8788897370 -5.8735548610 -5.8733293942 -5.8632667998 -5.8629472327 -5.8617552438 -5.8572445007 -5.8562359075 -5.8540158321 -5.8516784930 -5.8464392726 -5.8463286832 -5.8423830467 -5.8302643861 -5.8293012186 -5.8260041033 -5.8232890439 -5.8185668396 -5.8124541701 -5.8109057499 -5.8089345634 -5.8080666904 -5.8046875719 -5.8020242235 -5.8007765896 -5.7941083857 -5.7893377423 -5.7844786042 -5.7802165325 -5.7790194635 -5.7769071076 -5.7748165958 -5.7745153050 -5.7727162540 -5.7648112433 -5.7615857810 -5.7575543809 -5.7525941298 -5.7458193613 -5.7436551337 -5.7333466390 -5.7310405729 -5.7211640583 -5.7202900933 -5.7157753922 -5.7102297921 -5.6990174167 -5.6527121465 -5.6525157157
-6.0995792249 -6.0994499607 -6.0967979470 -6.0879212247 -6.0845465991 -6.0842533045 -6.0810378006 -6.0809949371 -6.0799531614 -6.0705084800 -6.0700327692 -6.0695861322 -6.0668595317 -6.0667965189 -6.0601958158 -6.0536526401 -6.0535059121 -6.0529567154 -6.0520997431 -6.0516231559 -6.0452490456 -6.0376912237 -6.0365139495 -6.0348656934 -6.0308044702 -6.0275663229 -6.0264716064 -6.0235459945 -6.0030461993 -6.0028258653 -5.9986479673 -5.9983785505 -5.9797485423 -5.9774759182 -5.9765286794 -5.9707598462 -5.9640342848 -5.9579162315 -5.9560659381 -5.9480847287 -5.9463762891 -5.9435277803 -5.9423197922 -5.9404814255 -5.9388970876 -5.9381205214 -5.9364136006 -5.9299328272 -5.9289226764 -5.9279891837 -5.9261086049 -5.9253909079 -5.9231855618 -5.9225356627 -5.9217746427 -5.9182507115 -5.9170075695 -5.9161951011 -5.9148115821 -5.9135697769 -5.9111383877 -5.9096801444 -5.9093311994 -5.9055465588 -5.9018945893 -5.8996482340 -5.8981238830 -5.8967280498 -5.8959607180 -5.8911476618 -5.8900137604 -5.8880498328 -5.8837736048 -5.8812758170 -5.8793270868 -5.8784001892 -5.8740591808 -5.8735926685 -5.8643817104 -5.8635399611 -5.8632225980 -5.8593566880 -5.8548917060 -5.8521936568 -5.8505036225 -5.8476903465 -5.8434334133 -5.8398536909 -5.8296392689 -5.8286097044 -5.8248537706 -5.8225675192 -5.8177289019 -5.8127358084 -5.8113521182 -5.8100669804 -5.8085538065 -5.8049715197 -5.8014653339 -5.8008414451 -5.7931505432 -5.7881705142 -5.7855099236 -5.7804530813 -5.7792439417 -5.7771995443 -5.7736825416 -5.7727334775 -5.7717571932 -5.7651456857 -5.7607950573 -5.7574625018 -5.7527611167 -5.7460920517 -5.7439848422 -5.7352753472 -5.7310882731 -5.7204155986 -5.7197629595 -5.7177212530 -5.7115028348 -5.7009076075 -5.6514583693 -5.6513411504
-6.0954583603 -6.0953052439 -6.0937825583 -6.0850097048 -6.0804840003 -6.0801508908 -6.0799691370 -6.0799176305 -6.0770960178 -6.0702452300 -6.0700502476 -6.0671293457 -6.0657343550 -6.0656583422 -6.0632996943 -6.0563087437 -6.0554468669 -6.0547771438 -6.0534369230 -6.0533765795 -6.0482162364 -6.0406873753 -6.0395589762 -6.0378087612 -6.0266708075 -6.0235198319 -6.0224430359 -6.0195622513 -6.0029278262 -6.0027280343 -5.9992836869 -5.9990492203 -5.9838123341 -5.9814106668 -5.9807562821 -5.9750803402 -5.9610210478 -5.9553606456 -5.9536266869 -5.9453084393 -5.9440696035 -5.9419323435 -5.9405676836 -5.9389170392 -5.9381530289 -5.9371366865 -5.9345505834 -5.9299258261 -5.9287969176 -5.9280643917 -5.9268026076 -5.9243246706 -5.9234268433 -5.9226290337 -5.9207802438 -5.9194832782 -5.9168005774 -5.9161739226 -5.9159380083 -5.9132750556 -5.9103206657 -5.9091671099 -5.9078268209 -5.9070864826 -5.9034282718 -5.9003585309 -5.8999725567 -5.8979421537 -5.8967012077 -5.8919420685 -5.8890778107 -5.8868127486 -5.8850740083 -5.8836226827 -5.8773915573 -5.8768305425 -5.8745549223 -5.8734688625 -5.8663018544 -5.8641709121 -5.8639723745 -5.8615031093 -5.8563186928 -5.8516009052 -5.8484025970 -5.8465286731 -5.8404527301 -5.8369825623 -5.8290530997 -5.8281416179 -5.8238271507 -5.8219300509 -5.8173056210 -5.8139266870 -5.8115796589 -5.8111603537 -5.8092941164 -5.8048619962 -5.8011401033 -5.8004451319 -5.7926899134 -5.7875198730 -5.7859066131 -5.7818835613 -5.7787885349 -5.7775283900 -5.7723954003 -5.7712362542 -5.7702472308 -5.7653320767 -5.7599619416 -5.7577066754 -5.7526108138 -5.7464116912 -5.7444271452 -5.7373821247 -5.7311162969 -5.7201698916 -5.7193935012 -5.7190028613 -5.7123673349 -5.7027447513 -5.6503927297 -5.6503298603
-6.0915371132 -6.0912971313 -6.0906897461 -6.0821126911 -6.0790264623 -6.0789806493 -6.0766674364 -6.0763305620 -6.0742725683 -6.0701874857 -6.0699518568 -6.0664883866 -6.0648505063 -6.0647355131 -6.0643737120 -6.0591998145 -6.0583023786 -6.0577204597 -6.0537987452 -6.0537253667 -6.0511692229 -6.0437100564 -6.0426512875 -6.0407619372 -6.0225412717 -6.0194643607 -6.0184068011 -6.0155840976 -6.0027525580 -6.0025959099 -5.9998596460 -5.9996926544 -5.9878510586 -5.9853631067 -5.9849506217 -5.9793918305 -5.9580321440 -5.9529153902 -5.9513235172 -5.9426250365 -5.9420383403 -5.9414647169 -5.9393286828 -5.9374757574 -5.9369950994 -5.9356799917 -5.9331699090 -5.9318047912 -5.9289657623 -5.9286545511 -5.9255670890 -5.9249049332 -5.9233933284 -5.9216770989 -5.9213972703 -5.9189335632 -5.9185377342 -5.9165273184 -5.9154156152 -5.9118746796 -5.9099432271 -5.9092040740 -5.9077275323 -5.9057784446 -5.9051296416 -5.9025826548 -5.9012184934 -5.8982708157 -5.8970628624 -5.8937066273 -5.8885375160 -5.8871566467 -5.8858728703 -5.8834433665 -5.8760719609 -5.8754299055 -5.8749868744 -5.8724939562 -5.8683231850 -5.8650561520 -5.8645201015 -5.8633487970 -5.8582240322 -5.8534709208 -5.8455942086 -5.8433354202 -5.8377282353 -5.8343860242 -5.8284407776 -5.8280279665 -5.8232672979 -5.8212167670 -5.8176339233 -5.8142977520 -5.8131881666 -5.8115266264 -5.8099456869 -5.8049019785 -5.8007314947 -5.7998813344 -5.7928015580 -5.7876900306 -5.7852383730 -5.7831740416 -5.7786223957 -5.7778739171 -5.7710780283 -5.7699725401 -5.7685598194 -5.7653488619 -5.7592839510 -5.7580792823 -5.7522065770 -5.7467917142 -5.7449144415 -5.7395382196 -5.7310710530 -5.7217372693 -5.7189069452 -5.7186840381 -5.7127755542 -5.7045102299 -5.6495183255 -5.6494901506
-6.0880670725 -6.0874738139 -6.0873078462 -6.0792267850 -6.0782507975 -6.0781979883 -6.0735133045 -6.0732606221 -6.0716574601 -6.0696445146 -6.0694958940 -6.0692125425 -6.0647549064 -6.0646095669 -6.0618407612 -6.0616234511 -6.0606737615 -6.0603790439 -6.0541774748 -6.0540745026 -6.0539802848 -6.0467247591 -6.0457291668 -6.0437011700 -6.0184388112 -6.0154130515 -6.0143886367 -6.0116818809 -6.0025519586 -6.0024584551 -6.0003263103 -6.0003022321 -5.9918135093 -5.9893714236 -5.9890038534 -5.9836615052 -5.9550954361 -5.9506037458 -5.9491676813 -5.9418710170 -5.9410823933 -5.9398911242 -5.9383127842 -5.9358017231 -5.9355179135 -5.9350132356 -5.9339515618 -5.9312693645 -5.9294933665 -5.9286223812 -5.9267518109 -5.9250597209 -5.9233161280 -5.9220227123 -5.9214120611 -5.9196473833 -5.9174140694 -5.9162585684 -5.9146481903 -5.9115723630 -5.9099215323 -5.9094307981 -5.9075287132 -5.9063658775 -5.9047619512 -5.9038997660 -5.9018131468 -5.8986855097 -5.8972250263 -5.8951675298 -5.8907074730 -5.8885048289 -5.8848235863 -5.8814542358 -5.8759115274 -5.8754443745 -5.8735011267 -5.8709265636 -5.8701102084 -5.8667153859 -5.8649661718 -5.8643283310 -5.8601246702 -5.8557182566 -5.8425027611 -5.8402263950 -5.8354313247 -5.8323131943 -5.8284431381 -5.8276561796 -5.8236030588 -5.8204384110 -5.8179764407 -5.8150377728 -5.8137216019 -5.8122817351 -5.8103254876 -5.8055459239 -5.8000398062 -5.7993591073 -5.7931567870 -5.7882299862 -5.7844197001 -5.7839346632 -5.7786227611 -5.7782528066 -5.7698512203 -5.7689045325 -5.7669792423 -5.7652195424 -5.7591965880 -5.7580946879 -5.7516184333 -5.7471519517 -5.7453961775 -5.7416973541 -5.7308283514 -5.7235262228 -5.7184065575 -5.7183092750 -5.7127334890 -5.7061851880 -5.6488373899 -5.6488288205
-6.0849587209 -6.0839254567 -6.0838230166 -6.0777555856 -6.0776915045 -6.0763529043 -6.0726259791 -6.0720089518 -6.0719324402 -6.0689863466 -6.0674836876 -6.0670854063 -6.0663992702 -6.0661391783 -6.0643238921 -6.0616342063 -6.0615342772 -6.0589416137 -6.0570337820 -6.0543336917 -6.0541626276 -6.0496357002 -6.0486632769 -6.0465943661 -6.0144054185 -6.0114132095 -6.0104343503 -6.0080435639 -6.0025822715 -6.0023539132 -6.0008208814 -6.0004975626 -5.9955650964 -5.9934322387 -5.9927240905 -5.9878317362 -5.9522650206 -5.9485026797 -5.9471573174 -5.9427347572 -5.9413224745 -5.9381113953 -5.9371980721 -5.9366709041 -5.9339756760 -5.9336143533 -5.9327436282 -5.9305906568 -5.9300550171 -5.9287616294 -5.9275476328 -5.9260564407 -5.9248132797 -5.9239487236 -5.9199186642 -5.9182682066 -5.9161746725 -5.9158619197 -5.9140818552 -5.9123309113 -5.9101917125 -5.9090654118 -5.9088330243 -5.9077368623 -5.9040956413 -5.9036136973 -5.9007340158 -5.8993786754 -5.8972926122 -5.8960672006 -5.8928398623 -5.8908244832 -5.8828191917 -5.8796281435 -5.8759484640 -5.8758316311 -5.8724762234 -5.8710214519 -5.8689965397 -5.8687398690 -5.8653307930 -5.8648430572 -5.8617834429 -5.8579625308 -5.8394497340 -5.8374102015 -5.8337804004 -5.8309276499 -5.8295070263 -5.8267190377 -5.8244164898 -5.8202333780 -5.8176675288 -5.8164345249 -5.8132329781 -5.8125882015 -5.8106899695 -5.8068407212 -5.7992735214 -5.7989319314 -5.7932692170 -5.7892760374 -5.7840531281 -5.7837472667 -5.7787121310 -5.7786061329 -5.7688224885 -5.7681206009 -5.7656784947 -5.7649926103 -5.7594352190 -5.7580025306 -5.7507923894 -5.7473555999 -5.7458587796 -5.7438071462 -5.7302948213 -5.7252584737 -5.7180417905 -5.7180194494 -5.7122856209 -5.7077494078 -5.6483517982 -5.6483508523
-6.0819391881 -6.0808562028 -6.0807402008 -6.0777876091 -6.0776746147 -6.0756304045 -6.0735819977 -6.0714656731 -6.0713210105 -6.0688372190 -6.0684554225 -6.0671031753 -6.0660772951 -6.0648173831 -6.0645047765 -6.0619569442 -6.0618148724 -6.0598992771 -6.0565088190 -6.0543742103 -6.0538710273 -6.0521711799 -6.0511304348 -6.0493735018 -6.0105506306 -6.0077389200 -6.0067041477 -6.0052067816 -6.0032732430 -6.0024671010 -6.0012186887 -6.0002132255 -5.9985941798 -5.9973116739 -5.9954821348 -5.9917625439 -5.9496598215 -5.9470515933 -5.9452129305 -5.9436145603 -5.9421753560 -5.9405442628 -5.9352360138 -5.9349510712 -5.9326043984 -5.9320863975 -5.9318652235 -5.9308485700 -5.9306224585 -5.9290728841 -5.9275230347 -5.9271126666 -5.9261500713 -5.9259446804 -5.9183633916 -5.9172583258 -5.9153080897 -5.9146310978 -5.9138613267 -5.9129480444 -5.9114585023 -5.9109079133 -5.9084697275 -5.9083227901 -5.9036659315 -5.9029518771 -5.8999340872 -5.8991536628 -5.8970763009 -5.8963764783 -5.8946650696 -5.8931061579 -5.8808874498 -5.8785754181 -5.8761386512 -5.8760016384 -5.8730654779 -5.8707804219 -5.8693879936 -5.8675801825 -5.8656427928 -5.8655268830 -5.8625500182 -5.8600698602 -5.8365332074 -5.8350961437 -5.8330822794 -5.8314808455 -5.8296443881 -5.8270528658 -5.8238818222 -5.8208830755 -5.8174675634 -5.8173105570 -5.8123025105 -5.8121407718 -5.8111334002 -5.8085946577 -5.7987322083 -5.7986387083 -5.7928472179 -5.7906051378 -5.7837610179 -5.7834444132 -5.7788487781 -5.7788233257 -5.7680788843 -5.7677024157 -5.7648652286 -5.7647453829 -5.7593727917 -5.7583067558 -5.7496200270 -5.7474234248 -5.7462829061 -5.7457094940 -5.7294380375 -5.7268638134 -5.7178348387 -5.7178310733 -5.7114985664 -5.7091791156 -5.6480622767 -5.6480603342
-6.0792130620 -6.0792130620 -6.0786433118 -6.0786433117 -6.0782267231 -6.0782267231 -6.0713417359 -6.0713417359 -6.0704086030 -6.0704086030 -6.0695291864 -6.0695291864 -6.0634924607 -6.0634924607 -6.0626952712 -6.0626952712 -6.0622779065 -6.0622779065 -6.0548080212 -6.0548080212 -6.0532721889 -6.0532721889 -6.0516819690 -6.0516819690 -6.0073284270 -6.0073284270 -6.0041125552 -6.0041125552 -6.0030659358 -6.0030659358 -6.0014626057 -6.0014626057 -5.9993995711 -5.9993995711 -5.9949626328 -5.9949626328 -5.9475874827 -5.9475874827 -5.9435251938 -5.9435251938 -5.9427494885 -5.9427494885 -5.9340581983 -5.9340581982 -5.9318382867 -5.9318382867 -5.9317305247 -5.9317305247 -5.9295985781 -5.9295985780 -5.9277532835 -5.9277532835 -5.9266573385 -5.9266573385 -5.9174226341 -5.9174226341 -5.9140631620 -5.9140631620 -5.9130784769 -5.9130784768 -5.9127390741 -5.9127390741 -5.9083125448 -5.9083125448 -5.9031753153 -5.9031753153 -5.8992671923 -5.8992671923 -5.8963156156 -5.8963156156 -5.8950546711 -5.8950546711 -5.8792385591 -5.8792385590 -5.8760812159 -5.8760812159 -5.8724371504 -5.8724371503 -5.8677694079 -5.8677694079 -5.8659195917 -5.8659195917 -5.8617963987 -5.8617963987 -5.8339509538 -5.8339509538 -5.8334239352 -5.8334239352 -5.8284012823 -5.8284012823 -5.8222814384 -5.8222814384 -5.8175222664 -5.8175222664 -5.8116564312 -5.8116564311 -5.8105235944 -5.8105235944 -5.7985412255 -5.7985412255 -5.7918876188 -5.7918876188 -5.7834825730 -5.7834825730 -5.7789033009 -5.7789033008 -5.7676904783 -5.7676904783 -5.7646211734 -5.7646211734 -5.7588944528 -5.7588944528 -5.7481893127 -5.7481893127 -5.7465313420 -5.7465313420 -5.7282777112 -5.7282777112 -5.7177673030 -5.7177673030 -5.7104432803 -5.7104432803 -5.6479644743 -5.6479644743
